tourney_id,tourney_name,surface,draw_size,tourney_level,indoor,tourney_date,match_num,winner_id,winner_seed,winner_entry,winner_name,winner_hand,winner_ht,winner_ioc,winner_age,winner_rank,winner_rank_points,loser_id,loser_seed,loser_entry,loser_name,loser_hand,loser_ht,loser_ioc,loser_age,loser_rank,loser_rank_points,score,best_of,round,minutes,w_ace,w_df,w_svpt,w_1stIn,w_1stWon,w_2ndWon,w_SvGms,w_bpSaved,w_bpFaced,l_ace,l_df,l_svpt,l_1stIn,l_1stWon,l_2ndWon,l_SvGms,l_bpSaved,l_bpFaced
2026-800,Brisbane,Hard,48,500,,20260104,1,220520.0,,,Mccartney Kessler,R,,USA,26.495,31.0,1558.0,215306.0,,,Emiliana Arango,R,,COL,25.101,49.0,1161.0,6-1 6-3,3,R64,82.0,1.0,3.0,59.0,39.0,24.0,12.0,8.0,2.0,4.0,2.0,0.0,70.0,44.0,22.0,9,8.0,9.0,15.0
2026-800,Brisbane,Hard,48,500,,20260104,2,201548.0,,WC,Ajla Tomljanovic,R,180.0,AUS,32.663,80.0,844.0,221039.0,,,Elsa Jacquemot,R,,FRA,22.675,55.0,1076.0,6-1 6-3,3,R64,75.0,3.0,6.0,45.0,30.0,23.0,8.0,8.0,1.0,2.0,4.0,5.0,50.0,27.0,15.0,7,8.0,2.0,7.0
2026-800,Brisbane,Hard,48,500,,20260104,3,215713.0,,,Anastasia Potapova,R,175.0,RUS,24.767,50.0,1131.0,214082.0,,,Daria Kasatkina,R,170.0,RUS,28.663,37.0,1334.0,7-5 4-6 6-4,3,R64,153.0,7.0,16.0,106.0,68.0,47.0,19.0,16.0,5.0,9.0,5.0,4.0,112.0,64.0,42.0,19,16.0,10.0,15.0
2026-800,Brisbane,Hard,48,500,,20260104,4,201514.0,,,Sorana Cirstea,R,176.0,ROU,35.746,43.0,1243.0,201499.0,,,Anastasia Pavlyuchenkova,R,177.0,RUS,34.509,47.0,1184.0,6-3 6-1,3,R64,61.0,9.0,3.0,44.0,30.0,25.0,7.0,8.0,0.0,0.0,3.0,2.0,44.0,26.0,17.0,4,8.0,0.0,4.0
2026-800,Brisbane,Hard,48,500,,20260104,5,213550.0,,,Sofia Kenin,R,170.0,USA,27.141,28.0,1589.0,211817.0,,Q,Elena Gabriela Ruse,R,,ROU,28.162,88.0,825.0,6-4 4-6 6-3,3,R64,137.0,2.0,6.0,96.0,62.0,37.0,17.0,14.0,4.0,8.0,8.0,11.0,92.0,55.0,38.0,15,15.0,4.0,10.0
2026-800,Brisbane,Hard,48,500,,20260104,6,213631.0,,,Marie Bouzkova,R,180.0,CZE,27.458,42.0,1260.0,211713.0,,,Jaqueline Cristian,R,180.0,ROU,27.584,39.0,1324.0,6-4 6-3,3,R64,90.0,8.0,4.0,53.0,37.0,28.0,7.0,9.0,1.0,3.0,2.0,2.0,59.0,39.0,23.0,7,10.0,6.0,11.0
2026-800,Brisbane,Hard,48,500,,20260104,7,201533.0,,Q,Shuai Zhang,R,177.0,CHN,36.954,81.0,843.0,221909.0,,,Ashlyn Krueger,R,185.0,USA,21.662,44.0,1229.0,6-4 5-7 6-4,3,R64,124.0,3.0,3.0,92.0,70.0,51.0,12.0,16.0,5.0,7.0,2.0,15.0,105.0,72.0,52.0,14,16.0,5.0,8.0
2026-800,Brisbane,Hard,48,500,,20260104,8,214040.0,,WC,Kimberly Birrell,R,170.0,AUS,27.686,98.0,802.0,211685.0,,Q,Rebecca Sramkova,R,,SVK,29.211,72.0,914.0,6-4 3-6 6-3,3,R64,136.0,5.0,5.0,90.0,62.0,42.0,14.0,14.0,5.0,8.0,6.0,5.0,89.0,52.0,37.0,16,14.0,4.0,8.0
2026-800,Brisbane,Hard,48,500,,20260104,9,216265.0,,Q,Olivia Gadecki,R,,AUS,23.699,206.0,350.0,215983.0,,,Ann Li,R,170.0,USA,25.526,38.0,1334.0,6-4 6-4,3,R64,99.0,2.0,0.0,75.0,52.0,33.0,11.0,10.0,8.0,10.0,2.0,2.0,64.0,34.0,21.0,13,10.0,4.0,8.0
2026-800,Brisbane,Hard,48,500,,20260104,10,213710.0,,,Cristina Bucsa,R,,ESP,28.009,51.0,1127.0,214388.0,,Q,Anna Bondar,R,,HUN,28.608,74.0,900.0,4-6 7-6(4) 6-2,3,R64,137.0,3.0,5.0,93.0,68.0,42.0,11.0,15.0,1.0,5.0,1.0,10.0,109.0,55.0,35.0,26,15.0,7.0,12.0
2026-800,Brisbane,Hard,48,500,,20260104,11,201709.0,,LL,Yulia Putintseva,R,163.0,KAZ,30.993,71.0,924.0,221024.0,,,Hailey Baptiste,R,,USA,24.17,61.0,1023.0,6-2 6-4,3,R64,82.0,3.0,2.0,60.0,48.0,29.0,10.0,9.0,3.0,4.0,0.0,3.0,54.0,36.0,20.0,10,9.0,4.0,8.0
2026-800,Brisbane,Hard,48,500,,20260104,12,205925.0,,Q,Aliaksandra Sasnovich,R,174.0,BLR,31.79,114.0,685.0,215020.0,,,Anna Blinkova,R,179.0,RUS,27.319,62.0,1018.0,7-5 6-1,3,R64,86.0,0.0,6.0,47.0,34.0,23.0,6.0,9.0,2.0,5.0,3.0,0.0,72.0,45.0,20.0,10,10.0,6.0,13.0
2026-800,Brisbane,Hard,48,500,,20260104,13,214939.0,,,Anna Kalinskaya,R,175.0,RUS,27.092,33.0,1461.0,238184.0,,,Tereza Valentova,,,CZE,18.872,60.0,1035.0,6-4 6-4,3,R64,98.0,2.0,2.0,81.0,58.0,38.0,9.0,10.0,5.0,8.0,2.0,4.0,53.0,30.0,20.0,7,10.0,1.0,6.0
2026-800,Brisbane,Hard,48,500,,20260104,14,215035.0,,,Dayana Yastremska,R,175.0,UKR,25.64,27.0,1604.0,221883.0,,WC,Talia Gibson,R,,AUS,21.547,122.0,634.0,7-6(3) 7-6(4),3,R64,116.0,3.0,5.0,86.0,54.0,33.0,16.0,12.0,4.0,9.0,4.0,8.0,80.0,45.0,28.0,14,12.0,2.0,7.0
2026-800,Brisbane,Hard,48,500,,20260104,15,211684.0,,,Magdalena Frech,R,171.0,POL,28.055,59.0,1051.0,214954.0,,,Marketa Vondrousova,L,173.0,CZE,26.522,34.0,1445.0,7-5 6-7(3) 7-6(0),3,R64,203.0,1.0,10.0,149.0,90.0,61.0,32.0,18.0,17.0,19.0,4.0,11.0,139.0,88.0,68.0,18,18.0,13.0,16.0
2026-800,Brisbane,Hard,48,500,,20260104,16,263644.0,,WC,Emerson Jones,R,,AUS,17.495,151.0,492.0,213583.0,,,Tatjana Maria,R,172.0,GER,38.41,45.0,1229.0,6-3 6-3,3,R64,75.0,3.0,3.0,60.0,37.0,23.0,10.0,9.0,2.0,5.0,2.0,1.0,52.0,28.0,15.0,6,9.0,1.0,7.0
2026-800,Brisbane,Hard,48,500,,20260104,17,201619.0,5.0,,Madison Keys,R,178.0,USA,30.881,7.0,4335.0,220520.0,,,Mccartney Kessler,R,,USA,26.495,31.0,1558.0,6-4 6-3,3,R32,86.0,2.0,2.0,61.0,42.0,30.0,12.0,10.0,5.0,6.0,3.0,1.0,64.0,43.0,25.0,11,9.0,5.0,8.0
2026-800,Brisbane,Hard,48,500,,20260104,18,223670.0,12.0,,Diana Shnaider,L,,RUS,21.758,21.0,1866.0,215713.0,,,Anastasia Potapova,R,175.0,RUS,24.767,50.0,1131.0,6-1 6-3,3,R32,77.0,4.0,7.0,58.0,40.0,32.0,6.0,8.0,6.0,7.0,5.0,4.0,52.0,28.0,18.0,5,8.0,4.0,9.0
2026-800,Brisbane,Hard,48,500,,20260104,19,214544.0,,,Aryna Sabalenka,R,182.0,BLR,27.669,1.0,10870.0,213710.0,,,Cristina Bucsa,R,,ESP,28.009,51.0,1127.0,6-0 6-1,3,R32,48.0,4.0,1.0,36.0,28.0,22.0,7.0,7.0,0.0,0.0,0.0,0.0,40.0,25.0,11.0,4,6.0,1.0,6.0
2026-800,Brisbane,Hard,48,500,,20260104,20,206420.0,7.0,,Ekaterina Alexandrova,R,175.0,RUS,31.138,10.0,3375.0,213550.0,,,Sofia Kenin,R,170.0,USA,27.141,28.0,1589.0,7-6(2) 6-3,3,R32,91.0,9.0,7.0,60.0,42.0,34.0,11.0,10.0,2.0,3.0,1.0,3.0,83.0,55.0,37.0,11,11.0,3.0,6.0
2026-800,Brisbane,Hard,48,500,,20260104,21,201514.0,,,Sorana Cirstea,R,176.0,ROU,35.746,43.0,1243.0,211533.0,14.0,,Jelena Ostapenko,R,177.0,LAT,28.576,23.0,1800.0,6-2 7-6(5),3,R32,106.0,11.0,3.0,67.0,34.0,30.0,16.0,10.0,3.0,4.0,3.0,0.0,71.0,43.0,29.0,11,10.0,0.0,3.0
2026-800,Brisbane,Hard,48,500,,20260104,22,214096.0,11.0,,Karolina Muchova,R,178.0,CZE,29.372,19.0,1996.0,201548.0,,WC,Ajla Tomljanovic,R,180.0,AUS,32.663,80.0,844.0,4-6 6-1 7-6(5),3,R32,158.0,4.0,9.0,96.0,65.0,41.0,13.0,14.0,5.0,10.0,5.0,3.0,112.0,81.0,43.0,14,15.0,12.0,19.0
2026-800,Brisbane,Hard,48,500,,20260104,23,214981.0,3.0,,Elena Rybakina,R,184.0,KAZ,26.552,5.0,5850.0,201533.0,,Q,Shuai Zhang,R,177.0,CHN,36.954,81.0,843.0,6-3 7-5,3,R32,73.0,16.0,0.0,62.0,36.0,29.0,13.0,11.0,5.0,7.0,6.0,3.0,63.0,42.0,26.0,9,10.0,5.0,9.0
2026-800,Brisbane,Hard,48,500,,20260104,24,211651.0,15.0,,Paula Badosa,R,180.0,ESP,28.137,25.0,1676.0,213631.0,,,Marie Bouzkova,R,180.0,CZE,27.458,42.0,1260.0,6-7(4) 6-4 6-2,3,R32,181.0,8.0,8.0,105.0,58.0,43.0,21.0,15.0,6.0,8.0,13.0,3.0,117.0,69.0,41.0,24,15.0,13.0,18.0
2026-800,Brisbane,Hard,48,500,,20260104,25,202468.0,4.0,,Jessica Pegula,R,170.0,USA,31.861,6.0,5583.0,214939.0,,,Anna Kalinskaya,R,175.0,RUS,27.092,33.0,1461.0,6-2 2-6 6-4,3,R32,114.0,6.0,3.0,84.0,46.0,32.0,16.0,13.0,5.0,9.0,3.0,2.0,82.0,56.0,37.0,10,13.0,6.0,11.0
2026-800,Brisbane,Hard,48,500,,20260104,26,215035.0,,,Dayana Yastremska,R,175.0,UKR,25.64,27.0,1604.0,220367.0,13.0,,Leylah Fernandez,L,168.0,CAN,23.33,22.0,1821.0,6-1 6-2,3,R32,62.0,1.0,7.0,42.0,27.0,22.0,11.0,8.0,3.0,3.0,0.0,0.0,42.0,25.0,12.0,7,7.0,6.0,10.0
2026-800,Brisbane,Hard,48,500,,20260104,27,205925.0,,Q,Aliaksandra Sasnovich,R,174.0,BLR,31.79,114.0,685.0,220704.0,8.0,,Clara Tauson,R,182.0,DEN,23.039,12.0,2770.0,6-2 6-3,3,R32,81.0,2.0,4.0,51.0,28.0,24.0,12.0,8.0,1.0,1.0,2.0,3.0,56.0,37.0,22.0,7,9.0,7.0,11.0
2026-800,Brisbane,Hard,48,500,,20260104,28,214643.0,10.0,,Liudmila Samsonova,R,180.0,RUS,27.149,17.0,2209.0,263644.0,,WC,Emerson Jones,R,,AUS,17.495,151.0,492.0,6-4 6-1,3,R32,73.0,3.0,4.0,47.0,30.0,19.0,9.0,8.0,1.0,3.0,0.0,2.0,50.0,28.0,16.0,5,9.0,2.0,8.0
2026-800,Brisbane,Hard,48,500,,20260104,29,222328.0,9.0,,Linda Noskova,R,,CZE,21.131,13.0,2641.0,211684.0,,,Magdalena Frech,R,171.0,POL,28.055,59.0,1051.0,6-7(5) 6-4 6-4,3,R32,151.0,11.0,4.0,116.0,59.0,45.0,29.0,16.0,8.0,10.0,10.0,12.0,97.0,66.0,49.0,12,16.0,6.0,10.0
2026-800,Brisbane,Hard,48,500,,20260104,30,259799.0,6.0,,Mirra Andreeva,R,,RUS,18.686,9.0,4319.0,216265.0,,Q,Olivia Gadecki,R,,AUS,23.699,206.0,350.0,4-6 6-1 6-2,3,R32,111.0,4.0,3.0,76.0,48.0,38.0,12.0,13.0,6.0,8.0,7.0,2.0,75.0,53.0,28.0,12,12.0,5.0,10.0
2026-800,Brisbane,Hard,48,500,,20260104,31,216146.0,16.0,,Marta Kostyuk,R,175.0,UKR,23.521,26.0,1659.0,201709.0,,LL,Yulia Putintseva,R,163.0,KAZ,30.993,71.0,924.0,6-7(5) 6-1 6-0,3,R32,109.0,4.0,1.0,76.0,49.0,36.0,15.0,12.0,1.0,2.0,1.0,0.0,75.0,54.0,34.0,4,13.0,2.0,9.0
2026-800,Brisbane,Hard,48,500,,20260104,32,216153.0,2.0,,Amanda Anisimova,R,180.0,USA,24.345,4.0,6287.0,214040.0,,WC,Kimberly Birrell,R,170.0,AUS,27.686,98.0,802.0,6-1 6-3,3,R32,63.0,4.0,5.0,42.0,25.0,19.0,11.0,8.0,1.0,2.0,1.0,0.0,50.0,33.0,18.0,4,8.0,1.0,6.0
2026-800,Brisbane,Hard,48,500,,20260104,33,214544.0,,,Aryna Sabalenka,R,182.0,BLR,27.669,1.0,10870.0,201514.0,,,Sorana Cirstea,R,176.0,ROU,35.746,43.0,1243.0,6-3 6-3,3,R16,79.0,2.0,1.0,48.0,32.0,25.0,8.0,9.0,1.0,2.0,1.0,2.0,68.0,35.0,20.0,15,9.0,9.0,13.0
2026-800,Brisbane,Hard,48,500,,20260104,34,214981.0,3.0,,Elena Rybakina,R,184.0,KAZ,26.552,5.0,5850.0,211651.0,15.0,,Paula Badosa,R,180.0,ESP,28.137,25.0,1676.0,6-3 6-2,3,R16,85.0,3.0,9.0,46.0,21.0,17.0,15.0,8.0,3.0,4.0,0.0,6.0,75.0,39.0,23.0,14,9.0,3.0,8.0
2026-800,Brisbane,Hard,48,500,,20260104,35,214096.0,11.0,,Karolina Muchova,R,178.0,CZE,29.372,19.0,1996.0,206420.0,7.0,,Ekaterina Alexandrova,R,175.0,RUS,31.138,10.0,3375.0,6-4 7-5,3,R16,109.0,9.0,1.0,76.0,47.0,30.0,13.0,11.0,4.0,7.0,1.0,2.0,68.0,49.0,29.0,7,11.0,3.0,8.0
2026-800,Brisbane,Hard,48,500,,20260104,36,201619.0,5.0,,Madison Keys,R,178.0,USA,30.881,7.0,4335.0,223670.0,12.0,,Diana Shnaider,L,,RUS,21.758,21.0,1866.0,6-7(5) 7-6(5) 7-6(4),3,R16,179.0,9.0,4.0,124.0,85.0,55.0,17.0,18.0,6.0,10.0,3.0,1.0,124.0,89.0,56.0,16,18.0,5.0,9.0
2026-800,Brisbane,Hard,48,500,,20260104,37,214643.0,10.0,,Liudmila Samsonova,R,180.0,RUS,27.149,17.0,2209.0,205925.0,,Q,Aliaksandra Sasnovich,R,174.0,BLR,31.79,114.0,685.0,6-4 6-4,3,R16,107.0,1.0,3.0,55.0,37.0,25.0,9.0,10.0,5.0,8.0,3.0,0.0,78.0,47.0,27.0,13,10.0,6.0,11.0
2026-800,Brisbane,Hard,48,500,,20260104,38,202468.0,4.0,,Jessica Pegula,R,170.0,USA,31.861,6.0,5583.0,215035.0,,,Dayana Yastremska,R,175.0,UKR,25.64,27.0,1604.0,5-7 6-2 6-3,3,R16,136.0,5.0,10.0,83.0,48.0,32.0,20.0,14.0,6.0,9.0,4.0,5.0,111.0,63.0,38.0,21,15.0,6.0,12.0
2026-800,Brisbane,Hard,48,500,,20260104,39,216146.0,16.0,,Marta Kostyuk,R,175.0,UKR,23.521,26.0,1659.0,216153.0,2.0,,Amanda Anisimova,R,180.0,USA,24.345,4.0,6287.0,6-4 6-3,3,R16,91.0,6.0,5.0,60.0,41.0,31.0,8.0,9.0,5.0,6.0,4.0,2.0,68.0,43.0,28.0,8,10.0,5.0,9.0
2026-800,Brisbane,Hard,48,500,,20260104,40,259799.0,6.0,,Mirra Andreeva,R,,RUS,18.686,9.0,4319.0,222328.0,9.0,,Linda Noskova,R,,CZE,21.131,13.0,2641.0,5-7 6-4 7-5,3,R16,143.0,9.0,9.0,107.0,68.0,47.0,22.0,17.0,6.0,9.0,3.0,6.0,107.0,63.0,45.0,23,17.0,5.0,9.0
2026-800,Brisbane,Hard,48,500,,20260104,41,214096.0,11.0,,Karolina Muchova,R,178.0,CZE,29.372,19.0,1996.0,214981.0,3.0,,Elena Rybakina,R,184.0,KAZ,26.552,5.0,5850.0,6-2 2-6 6-4,3,QF,124.0,3.0,7.0,69.0,50.0,37.0,10.0,13.0,1.0,3.0,0.0,9.0,91.0,49.0,33.0,20,13.0,8.0,11.0
2026-800,Brisbane,Hard,48,500,,20260104,42,214544.0,,,Aryna Sabalenka,R,182.0,BLR,27.669,1.0,10870.0,201619.0,5.0,,Madison Keys,R,178.0,USA,30.881,7.0,4335.0,6-3 6-3,3,QF,89.0,5.0,8.0,65.0,36.0,26.0,14.0,9.0,3.0,5.0,2.0,4.0,70.0,43.0,26.0,9,9.0,6.0,11.0
2026-800,Brisbane,Hard,48,500,,20260104,43,202468.0,4.0,,Jessica Pegula,R,170.0,USA,31.861,6.0,5583.0,214643.0,10.0,,Liudmila Samsonova,R,180.0,RUS,27.149,17.0,2209.0,6-3 7-6(3),3,QF,111.0,4.0,7.0,62.0,42.0,35.0,6.0,10.0,2.0,4.0,2.0,8.0,90.0,59.0,34.0,14,11.0,13.0,17.0
2026-800,Brisbane,Hard,48,500,,20260104,44,216146.0,16.0,,Marta Kostyuk,R,175.0,UKR,23.521,26.0,1659.0,259799.0,6.0,,Mirra Andreeva,R,,RUS,18.686,9.0,4319.0,7-6(7) 6-3,3,QF,107.0,2.0,5.0,74.0,49.0,33.0,14.0,10.0,4.0,6.0,2.0,1.0,82.0,51.0,33.0,12,11.0,4.0,8.0
2026-800,Brisbane,Hard,48,500,,20260104,45,214544.0,,,Aryna Sabalenka,R,182.0,BLR,27.669,1.0,10870.0,214096.0,11.0,,Karolina Muchova,R,178.0,CZE,29.372,19.0,1996.0,6-3 6-4,3,SF,89.0,9.0,1.0,64.0,41.0,36.0,10.0,10.0,4.0,4.0,1.0,7.0,59.0,44.0,31.0,6,9.0,6.0,8.0
2026-800,Brisbane,Hard,48,500,,20260104,46,216146.0,16.0,,Marta Kostyuk,R,175.0,UKR,23.521,26.0,1659.0,202468.0,4.0,,Jessica Pegula,R,170.0,USA,31.861,6.0,5583.0,6-0 6-3,3,SF,55.0,4.0,0.0,45.0,28.0,22.0,13.0,8.0,2.0,2.0,1.0,0.0,37.0,25.0,10.0,7,7.0,2.0,6.0
2026-800,Brisbane,Hard,48,500,,20260104,47,214544.0,,,Aryna Sabalenka,R,182.0,BLR,27.669,1.0,10870.0,216146.0,16.0,,Marta Kostyuk,R,175.0,UKR,23.521,26.0,1659.0,6-4 6-3,3,F,78.0,1.0,3.0,52.0,32.0,26.0,12.0,10.0,2.0,3.0,0.0,3.0,58.0,34.0,19.0,14,9.0,5.0,8.0
2026-1049,Auckland,Hard,32,250,,20260105,1,202494.0,1.0,,Elina Svitolina,R,174.0,UKR,31.316,13.0,2606.0,219875.0,,,Varvara Gracheva,R,,FRA,25.427,75.0,887.0,6-3 6-1,3,R32,76.0,2.0,5.0,48.0,28.0,22.0,8.0,8.0,2.0,4.0,2.0,3.0,66.0,44.0,21.0,7,8.0,5.0,11.0
2026-1049,Auckland,Hard,32,250,,20260105,2,211107.0,,WC,Katie Boulter,R,180.0,GBR,29.43,112.0,684.0,263857.0,,Q,Yuliia Starodubtseva,R,,UKR,25.884,111.0,685.0,6-3 6-3,3,R32,92.0,1.0,2.0,63.0,31.0,20.0,17.0,9.0,11.0,13.0,6.0,2.0,51.0,34.0,21.0,5,9.0,3.0,8.0
2026-1049,Auckland,Hard,32,250,,20260105,3,230870.0,,,Ella Seidel,R,,GER,20.89,84.0,833.0,222667.0,,WC,Monique Barry,L,,NZL,23.543,726.0,52.0,6-2 6-1,3,R32,62.0,2.0,2.0,53.0,32.0,24.0,11.0,8.0,2.0,3.0,3.0,1.0,41.0,28.0,12.0,4,7.0,1.0,6.0
2026-1049,Auckland,Hard,32,250,,20260105,4,222661.0,,,Sonay Kartal,R,,GBR,24.189,68.0,951.0,222145.0,6.0,,Janice Tjen,R,,INA,23.669,54.0,1075.0,6-1 6-7(4) 6-3,3,R32,143.0,8.0,2.0,92.0,67.0,49.0,15.0,15.0,3.0,4.0,0.0,4.0,105.0,63.0,39.0,22,13.0,12.0,16.0
2026-1049,Auckland,Hard,32,250,,20260105,5,260300.0,3.0,,Iva Jovic,R,,USA,18.084,35.0,1423.0,213873.0,,,Gabriela Andrea Knutson,R,,CZE,28.71,182.0,386.0,4-6 6-1 6-0,3,R32,95.0,1.0,4.0,66.0,45.0,32.0,15.0,12.0,2.0,3.0,1.0,1.0,60.0,32.0,21.0,9,11.0,1.0,6.0
2026-1049,Auckland,Hard,32,250,,20260105,6,239383.0,,,Sara Bejlek,L,,CZE,19.929,93.0,792.0,215910.0,,,Panna Udvardy,R,170.0,HUN,27.272,87.0,819.0,7-5 6-1,3,R32,84.0,2.0,3.0,63.0,46.0,37.0,4.0,10.0,2.0,3.0,2.0,1.0,68.0,42.0,28.0,8,9.0,9.0,13.0
2026-1049,Auckland,Hard,32,250,,20260105,7,223321.0,,Q,Sofia Costoulas,,,BEL,20.762,159.0,440.0,215992.0,,Q,Whitney Osuigwe,R,168.0,USA,23.721,152.0,455.0,6-4 3-6 6-1,3,R32,134.0,3.0,3.0,78.0,49.0,40.0,11.0,13.0,1.0,4.0,2.0,3.0,93.0,67.0,40.0,11,13.0,3.0,8.0
2026-1049,Auckland,Hard,32,250,,20260105,8,269267.0,,Q,Kaitlin Quevedo,,,USA,19.894,141.0,509.0,220548.0,8.0,,Peyton Stearns,R,,USA,24.244,64.0,982.0,6-2 7-5,3,R32,87.0,4.0,6.0,54.0,34.0,27.0,11.0,10.0,1.0,3.0,2.0,2.0,59.0,28.0,20.0,11,10.0,1.0,6.0
2026-1049,Auckland,Hard,32,250,,20260105,9,202663.0,5.0,,Magda Linette,R,171.0,POL,33.898,52.0,1089.0,200748.0,,WC,Venus Williams,R,185.0,USA,45.553,582.0,80.0,6-4 4-6 6-2,3,R32,132.0,7.0,4.0,93.0,60.0,41.0,16.0,14.0,4.0,7.0,1.0,7.0,89.0,53.0,32.0,19,14.0,4.0,9.0
2026-1049,Auckland,Hard,32,250,,20260105,10,220714.0,,,Elisabetta Cocciaretto,R,,ITA,24.945,81.0,837.0,219917.0,,,Alycia Parks,R,185.0,USA,25.014,101.0,760.0,6-2 7-5,3,R32,92.0,3.0,2.0,68.0,42.0,30.0,12.0,10.0,1.0,3.0,4.0,6.0,54.0,28.0,18.0,9,10.0,6.0,11.0
2026-1049,Auckland,Hard,32,250,,20260105,11,238075.0,,,Petra Marcinko,,,CRO,20.088,82.0,837.0,215785.0,,,Camila Osorio,R,162.0,COL,24.039,76.0,860.0,6-4 0-6 7-6(2),3,R32,132.0,1.0,4.0,88.0,55.0,35.0,12.0,14.0,3.0,9.0,8.0,0.0,106.0,66.0,43.0,19,14.0,17.0,21.0
2026-1049,Auckland,Hard,32,250,,20260105,12,223253.0,4.0,,Alexandra Eala,L,173.0,PHI,20.622,53.0,1076.0,202499.0,,,Donna Vekic,R,179.0,CRO,29.523,69.0,935.0,4-6 6-4 6-4,3,R32,160.0,1.0,9.0,104.0,60.0,40.0,18.0,15.0,6.0,11.0,6.0,7.0,95.0,58.0,34.0,16,15.0,6.0,12.0
2026-1049,Auckland,Hard,32,250,,20260105,13,216133.0,,,Xinyu Wang,,,CHN,24.277,170.0,404.0,216083.0,,,Caty McNally,R,,USA,24.126,83.0,836.0,2-6 6-3 7-5,3,R32,139.0,5.0,2.0,70.0,45.0,30.0,3.0,15.0,1.0,5.0,3.0,5.0,92.0,61.0,39.0,9,14.0,9.0,13.0
2026-1049,Auckland,Hard,32,250,,20260105,14,213887.0,,,Renata Zarazua,R,,MEX,28.266,77.0,844.0,201585.0,,WC,Sloane Stephens,R,170.0,USA,32.797,1098.0,14.0,7-5 4-6 6-2,3,R32,145.0,0.0,1.0,77.0,57.0,37.0,11.0,15.0,2.0,6.0,1.0,1.0,105.0,73.0,42.0,14,15.0,6.0,12.0
2026-1049,Auckland,Hard,32,250,,20260105,15,221257.0,,Q,Sinja Kraus,R,,AUT,23.688,108.0,709.0,211814.0,,,Julia Grabher,R,170.0,AUT,29.512,92.0,799.0,6-3 6-3,3,R32,74.0,2.0,2.0,56.0,29.0,26.0,11.0,9.0,4.0,5.0,1.0,4.0,53.0,32.0,17.0,10,9.0,1.0,5.0
2026-1049,Auckland,Hard,32,250,,20260105,16,215936.0,,,Francesca Jones,R,,GBR,25.296,72.0,912.0,215613.0,2.0,,Emma Navarro,R,,USA,24.636,15.0,2515.0,7-5 2-6 6-4,3,R32,143.0,1.0,4.0,94.0,61.0,36.0,15.0,15.0,6.0,12.0,6.0,4.0,87.0,64.0,41.0,10,15.0,7.0,13.0
2026-1049,Auckland,Hard,32,250,,20260105,17,202494.0,1.0,,Elina Svitolina,R,174.0,UKR,31.316,13.0,2606.0,211107.0,,WC,Katie Boulter,R,180.0,GBR,29.43,112.0,684.0,7-5 6-4,3,R16,122.0,4.0,4.0,80.0,46.0,25.0,19.0,11.0,4.0,8.0,4.0,2.0,81.0,51.0,28.0,11,11.0,5.0,11.0
2026-1049,Auckland,Hard,32,250,,20260105,18,222661.0,,,Sonay Kartal,R,,GBR,24.189,68.0,951.0,230870.0,,,Ella Seidel,R,,GER,20.89,84.0,833.0,6-3 6-1,3,R16,66.0,0.0,4.0,39.0,23.0,17.0,11.0,8.0,0.0,2.0,0.0,1.0,51.0,29.0,16.0,5,8.0,2.0,8.0
2026-1049,Auckland,Hard,32,250,,20260105,19,260300.0,3.0,,Iva Jovic,R,,USA,18.084,35.0,1423.0,239383.0,,,Sara Bejlek,L,,CZE,19.929,93.0,792.0,7-6(3) 6-4,3,R16,107.0,2.0,3.0,66.0,47.0,28.0,9.0,11.0,5.0,10.0,2.0,1.0,75.0,43.0,24.0,10,11.0,4.0,10.0
2026-1049,Auckland,Hard,32,250,,20260105,20,223321.0,,Q,Sofia Costoulas,,,BEL,20.762,159.0,440.0,269267.0,,Q,Kaitlin Quevedo,,,USA,19.894,141.0,509.0,6-2 6-0,3,R16,67.0,7.0,3.0,45.0,17.0,12.0,20.0,7.0,4.0,4.0,3.0,2.0,42.0,25.0,12.0,6,7.0,2.0,7.0
2026-1049,Auckland,Hard,32,250,,20260105,21,202663.0,5.0,,Magda Linette,R,171.0,POL,33.898,52.0,1089.0,220714.0,,,Elisabetta Cocciaretto,R,,ITA,24.945,81.0,837.0,7-5 2-6 6-3,3,R16,155.0,2.0,5.0,90.0,47.0,30.0,20.0,15.0,7.0,12.0,1.0,0.0,91.0,55.0,36.0,17,14.0,5.0,10.0
2026-1049,Auckland,Hard,32,250,,20260105,22,223253.0,4.0,,Alexandra Eala,L,173.0,PHI,20.622,53.0,1076.0,238075.0,,,Petra Marcinko,,,CRO,20.088,82.0,837.0,6-0 6-2,3,R16,62.0,1.0,3.0,48.0,30.0,21.0,9.0,7.0,5.0,6.0,2.0,1.0,39.0,21.0,8.0,4,7.0,0.0,6.0
2026-1049,Auckland,Hard,32,250,,20260105,23,216133.0,,,Xinyu Wang,,,CHN,24.277,170.0,404.0,213887.0,,,Renata Zarazua,R,,MEX,28.266,77.0,844.0,7-5 6-4,3,R16,112.0,3.0,2.0,64.0,41.0,30.0,10.0,11.0,4.0,6.0,0.0,1.0,69.0,45.0,26.0,13,11.0,6.0,10.0
2026-1049,Auckland,Hard,32,250,,20260105,24,215936.0,,,Francesca Jones,R,,GBR,25.296,72.0,912.0,221257.0,,Q,Sinja Kraus,R,,AUT,23.688,108.0,709.0,1-6 6-4 6-1,3,R16,126.0,1.0,6.0,86.0,56.0,37.0,12.0,12.0,9.0,13.0,3.0,8.0,73.0,37.0,25.0,14,12.0,3.0,8.0
2026-1049,Auckland,Hard,32,250,,20260105,25,202494.0,1.0,,Elina Svitolina,R,174.0,UKR,31.316,13.0,2606.0,222661.0,,,Sonay Kartal,R,,GBR,24.189,68.0,951.0,6-4 6-7(2) 7-6(5),3,QF,156.0,1.0,0.0,105.0,74.0,49.0,17.0,17.0,5.0,9.0,1.0,2.0,101.0,71.0,49.0,16,17.0,4.0,9.0
2026-1049,Auckland,Hard,32,250,,20260105,26,260300.0,3.0,,Iva Jovic,R,,USA,18.084,35.0,1423.0,223321.0,,Q,Sofia Costoulas,,,BEL,20.762,159.0,440.0,6-2 7-6(6),3,QF,114.0,1.0,2.0,82.0,56.0,36.0,12.0,10.0,8.0,11.0,2.0,3.0,65.0,35.0,20.0,12,10.0,3.0,8.0
2026-1049,Auckland,Hard,32,250,,20260105,27,223253.0,4.0,,Alexandra Eala,L,173.0,PHI,20.622,53.0,1076.0,202663.0,5.0,,Magda Linette,R,171.0,POL,33.898,52.0,1089.0,6-3 6-2,3,QF,97.0,0.0,2.0,63.0,39.0,27.0,10.0,9.0,5.0,7.0,2.0,4.0,62.0,36.0,18.0,11,8.0,9.0,14.0
2026-1049,Auckland,Hard,32,250,,20260105,28,216133.0,7.0,,Xinyu Wang,R,182.0,CHN,24.277,57.0,1056.0,215936.0,,,Francesca Jones,R,173.0,GBR,25.296,72.0,912.0,6-4 4-3 RET,3,QF,96.0,2.0,1.0,56.0,40.0,26.0,9.0,9.0,9.0,11.0,3.0,0.0,71.0,52.0,29.0,7,7.0,7.0,11.0
2026-1049,Auckland,Hard,32,250,,20260105,29,202494.0,1.0,,Elina Svitolina,R,174.0,UKR,31.316,13.0,2606.0,260300.0,3.0,,Iva Jovic,R,,USA,18.084,35.0,1423.0,7-6(5) 6-2,3,SF,94.0,3.0,2.0,69.0,42.0,27.0,13.0,10.0,3.0,6.0,3.0,0.0,65.0,42.0,23.0,8,10.0,3.0,8.0
2026-1049,Auckland,Hard,32,250,,20260105,30,216133.0,,,Xinyu Wang,,,CHN,24.277,170.0,404.0,223253.0,4.0,,Alexandra Eala,L,173.0,PHI,20.622,53.0,1076.0,5-7 7-5 6-4,3,SF,168.0,10.0,7.0,122.0,89.0,58.0,9.0,17.0,13.0,19.0,2.0,6.0,118.0,85.0,52.0,12,17.0,8.0,15.0
2026-1049,Auckland,Hard,32,250,,20260105,31,202494.0,1.0,,Elina Svitolina,R,174.0,UKR,31.316,13.0,2606.0,216133.0,,,Xinyu Wang,,,CHN,24.277,170.0,404.0,6-3 7-6(6),3,F,102.0,7.0,3.0,82.0,53.0,39.0,16.0,11.0,4.0,4.0,5.0,1.0,68.0,44.0,31.0,14,10.0,1.0,2.0
2026-1050,Hobart,Hard,32,250,,20260112,1,221054.0,1.0,,Emma Raducanu,R,175.0,GBR,23.165,29.0,1563.0,215785.0,,WC,Camila Osorio,R,162.0,COL,24.058,82.0,840.0,6-3 7-6(2),3,R32,122.0,1.0,7.0,71.0,49.0,28.0,11.0,10.0,4.0,8.0,3.0,1.0,82.0,51.0,27.0,10,11.0,7.0,13.0
2026-1050,Hobart,Hard,32,250,,20260112,2,211684.0,,,Magdalena Frech,R,171.0,POL,28.077,57.0,1073.0,221039.0,,,Elsa Jacquemot,R,,FRA,22.697,58.0,1070.0,6-4 6-0,3,R32,65.0,4.0,5.0,47.0,33.0,27.0,8.0,8.0,3.0,3.0,3.0,3.0,44.0,26.0,16.0,5,8.0,0.0,4.0
2026-1050,Hobart,Hard,32,250,,20260112,3,211685.0,,,Rebecca Sramkova,R,,SVK,29.233,72.0,914.0,219875.0,,,Varvara Gracheva,R,,FRA,25.446,74.0,887.0,6-4 4-6 6-2,3,R32,116.0,8.0,9.0,83.0,52.0,33.0,14.0,14.0,7.0,12.0,6.0,4.0,91.0,51.0,31.0,15,14.0,8.0,15.0
2026-1050,Hobart,Hard,32,250,,20260112,4,223194.0,,WC,Taylah Preston,R,,AUS,20.211,204.0,354.0,222601.0,5.0,,Jessica Bouzas Maneiro,R,,ESP,23.302,40.0,1262.0,6-4 7-6(4),3,R32,87.0,1.0,5.0,68.0,43.0,23.0,11.0,11.0,3.0,9.0,1.0,3.0,68.0,38.0,18.0,12,11.0,1.0,8.0
2026-1050,Hobart,Hard,32,250,,20260112,5,260300.0,3.0,,Iva Jovic,R,,USA,18.103,30.0,1520.0,222145.0,,,Janice Tjen,R,,INA,23.688,56.0,1075.0,6-0 6-1,3,R32,57.0,0.0,1.0,40.0,28.0,23.0,5.0,7.0,0.0,0.0,2.0,2.0,35.0,18.0,10.0,3,6.0,5.0,10.0
2026-1050,Hobart,Hard,32,250,,20260112,6,213887.0,,Q,Renata Zarazua,R,,MEX,28.285,84.0,832.0,221024.0,,,Hailey Baptiste,R,,USA,24.192,66.0,979.0,6-7(5) 6-3 6-3,3,R32,171.0,1.0,4.0,106.0,83.0,58.0,10.0,15.0,7.0,10.0,1.0,1.0,105.0,67.0,40.0,19,15.0,2.0,8.0
2026-1050,Hobart,Hard,32,250,,20260112,7,216133.0,,,Xinyu Wang,,,CHN,24.296,183.0,386.0,221883.0,,WC,Talia Gibson,R,,AUS,21.569,119.0,634.0,6-2 6-3,3,R32,73.0,5.0,2.0,60.0,37.0,25.0,15.0,9.0,3.0,4.0,3.0,0.0,46.0,33.0,18.0,6,8.0,4.0,8.0
2026-1050,Hobart,Hard,32,250,,20260112,8,202663.0,8.0,,Magda Linette,R,171.0,POL,33.917,53.0,1113.0,221407.0,,Q,Oksana Selekhmeteva,L,,RUS,22.998,98.0,766.0,6-3 1-6 6-1,3,R32,111.0,2.0,6.0,73.0,47.0,31.0,12.0,12.0,3.0,7.0,4.0,2.0,83.0,59.0,34.0,10,11.0,7.0,12.0
2026-1050,Hobart,Hard,32,250,,20260112,9,213583.0,6.0,,Tatjana Maria,R,172.0,GER,38.432,42.0,1229.0,200748.0,,WC,Venus Williams,R,185.0,USA,45.572,576.0,81.0,6-4 6-3,3,R32,87.0,1.0,5.0,49.0,27.0,20.0,9.0,9.0,0.0,2.0,1.0,1.0,72.0,45.0,26.0,10,10.0,6.0,11.0
2026-1050,Hobart,Hard,32,250,,20260112,10,214388.0,,,Anna Bondar,R,,HUN,28.63,75.0,877.0,230870.0,,LL,Ella Seidel,R,,GER,20.909,78.0,850.0,6-0 6-1,3,R32,60.0,6.0,4.0,39.0,24.0,19.0,9.0,7.0,0.0,0.0,0.0,0.0,42.0,23.0,11.0,5,6.0,4.0,9.0
2026-1050,Hobart,Hard,32,250,,20260112,11,220714.0,,Q,Elisabetta Cocciaretto,R,,ITA,24.964,80.0,849.0,215550.0,,Q,Ayano Shimizu,R,,JPN,27.757,425.0,137.0,6-3 6-4,3,R32,83.0,5.0,1.0,57.0,41.0,35.0,7.0,10.0,3.0,4.0,2.0,2.0,52.0,32.0,20.0,10,9.0,1.0,4.0
2026-1050,Hobart,Hard,32,250,,20260112,12,215983.0,4.0,,Ann Li,R,170.0,USA,25.547,38.0,1316.0,220465.0,,Q,Katie Volynets,R,,USA,24.033,94.0,783.0,4-6 7-5 6-2,3,R32,139.0,3.0,2.0,86.0,56.0,37.0,10.0,15.0,6.0,12.0,3.0,0.0,105.0,84.0,44.0,8,15.0,10.0,18.0
2026-1050,Hobart,Hard,32,250,,20260112,13,222045.0,,,Antonia Ruzic,R,,CRO,22.979,71.0,925.0,215306.0,7.0,,Emiliana Arango,R,,COL,25.123,50.0,1149.0,7-5 6-1,3,R32,93.0,1.0,4.0,85.0,59.0,35.0,12.0,10.0,13.0,16.0,2.0,0.0,59.0,38.0,18.0,8,9.0,2.0,8.0
2026-1050,Hobart,Hard,32,250,,20260112,14,221333.0,,,Solana Sierra,R,,ARG,21.572,64.0,1001.0,216083.0,,,Caty McNally,R,,USA,24.146,83.0,836.0,1-6 6-4 6-1,3,R32,103.0,1.0,2.0,82.0,52.0,33.0,13.0,12.0,8.0,12.0,7.0,1.0,65.0,49.0,27.0,7,12.0,2.0,7.0
2026-1050,Hobart,Hard,32,250,,20260112,15,220548.0,,,Peyton Stearns,R,,USA,24.263,67.0,958.0,206252.0,,,Barbora Krejcikova,R,178.0,CZE,30.07,55.0,1080.0,6-4 1-6 7-6(4),3,R32,152.0,12.0,8.0,105.0,69.0,50.0,11.0,15.0,4.0,10.0,10.0,7.0,94.0,60.0,42.0,13,14.0,4.0,8.0
2026-1050,Hobart,Hard,32,250,,20260112,16,215337.0,,,Olga Danilovic,L,,SRB,24.97,68.0,957.0,220520.0,2.0,,Mccartney Kessler,R,,USA,26.517,36.0,1335.0,4-6 6-4 6-4,3,R32,126.0,5.0,6.0,93.0,59.0,36.0,19.0,15.0,5.0,9.0,1.0,4.0,80.0,53.0,34.0,15,15.0,2.0,7.0
2026-1050,Hobart,Hard,32,250,,20260112,17,221054.0,1.0,,Emma Raducanu,R,175.0,GBR,23.165,29.0,1563.0,211684.0,,,Magdalena Frech,R,171.0,POL,28.077,57.0,1073.0,W/O,3,R16,,,,,,,,,,,,,,,,,,,
2026-1050,Hobart,Hard,32,250,,20260112,18,223194.0,,WC,Taylah Preston,R,,AUS,20.211,204.0,354.0,211685.0,,,Rebecca Sramkova,R,,SVK,29.233,72.0,914.0,6-4 6-1,3,R16,72.0,2.0,2.0,54.0,37.0,24.0,7.0,9.0,4.0,7.0,3.0,5.0,63.0,39.0,22.0,5,8.0,5.0,11.0
2026-1050,Hobart,Hard,32,250,,20260112,19,260300.0,3.0,,Iva Jovic,R,,USA,18.103,30.0,1520.0,213887.0,,Q,Renata Zarazua,R,,MEX,28.285,84.0,832.0,6-1 6-2,3,R16,73.0,2.0,1.0,47.0,30.0,24.0,11.0,8.0,2.0,2.0,2.0,1.0,44.0,29.0,15.0,6,7.0,3.0,7.0
2026-1050,Hobart,Hard,32,250,,20260112,20,202663.0,8.0,,Magda Linette,R,171.0,POL,33.917,53.0,1113.0,216133.0,,,Xinyu Wang,,,CHN,24.296,183.0,386.0,6-1 7-5,3,R16,93.0,2.0,1.0,79.0,46.0,28.0,17.0,10.0,7.0,9.0,0.0,1.0,52.0,35.0,18.0,7,9.0,1.0,6.0
2026-1050,Hobart,Hard,32,250,,20260112,21,214388.0,,,Anna Bondar,R,,HUN,28.63,75.0,877.0,213583.0,6.0,,Tatjana Maria,R,172.0,GER,38.432,42.0,1229.0,7-6(7) 7-5,3,R16,139.0,6.0,2.0,87.0,61.0,44.0,14.0,12.0,2.0,3.0,4.0,3.0,102.0,62.0,39.0,22,12.0,4.0,6.0
2026-1050,Hobart,Hard,32,250,,20260112,22,220714.0,,Q,Elisabetta Cocciaretto,R,,ITA,24.964,80.0,849.0,215983.0,4.0,,Ann Li,R,170.0,USA,25.547,38.0,1316.0,1-6 7-5 7-5,3,R16,131.0,0.0,3.0,96.0,63.0,40.0,12.0,15.0,3.0,9.0,4.0,7.0,97.0,56.0,37.0,19,16.0,4.0,10.0
2026-1050,Hobart,Hard,32,250,,20260112,23,222045.0,,,Antonia Ruzic,R,,CRO,22.979,71.0,925.0,221333.0,,,Solana Sierra,R,,ARG,21.572,64.0,1001.0,7-5 6-4,3,R16,90.0,2.0,5.0,59.0,34.0,24.0,11.0,11.0,1.0,5.0,5.0,3.0,67.0,36.0,18.0,15,11.0,3.0,9.0
2026-1050,Hobart,Hard,32,250,,20260112,24,215337.0,,,Olga Danilovic,L,,SRB,24.97,68.0,957.0,220548.0,,,Peyton Stearns,R,,USA,24.263,67.0,958.0,7-6(2) 6-1,3,R16,118.0,7.0,4.0,92.0,56.0,37.0,16.0,10.0,9.0,12.0,3.0,2.0,76.0,45.0,27.0,10,9.0,6.0,11.0
2026-1050,Hobart,Hard,32,250,,20260112,25,223194.0,,WC,Taylah Preston,R,,AUS,20.211,204.0,354.0,221054.0,1.0,,Emma Raducanu,R,175.0,GBR,23.165,29.0,1563.0,6-2 6-4,3,QF,85.0,2.0,4.0,66.0,49.0,30.0,8.0,9.0,4.0,7.0,1.0,1.0,55.0,36.0,18.0,8,9.0,3.0,9.0
2026-1050,Hobart,Hard,32,250,,20260112,26,260300.0,3.0,,Iva Jovic,R,,USA,18.103,30.0,1520.0,202663.0,8.0,,Magda Linette,R,171.0,POL,33.917,53.0,1113.0,6-3 6-7(5) 6-2,3,QF,174.0,1.0,1.0,125.0,77.0,46.0,25.0,15.0,9.0,13.0,4.0,5.0,94.0,58.0,34.0,16,14.0,2.0,9.0
2026-1050,Hobart,Hard,32,250,,20260112,27,220714.0,,Q,Elisabetta Cocciaretto,R,,ITA,24.964,80.0,849.0,214388.0,,,Anna Bondar,R,,HUN,28.63,75.0,877.0,6-2 6-2,3,QF,84.0,2.0,2.0,60.0,43.0,33.0,7.0,8.0,6.0,6.0,2.0,1.0,49.0,29.0,16.0,9,8.0,7.0,11.0
2026-1050,Hobart,Hard,32,250,,20260112,28,222045.0,,,Antonia Ruzic,R,,CRO,22.979,71.0,925.0,215337.0,,,Olga Danilovic,L,,SRB,24.97,68.0,957.0,6-3 6-3,3,QF,86.0,0.0,1.0,77.0,52.0,31.0,12.0,9.0,11.0,13.0,4.0,1.0,51.0,33.0,17.0,7,9.0,4.0,9.0
2026-1050,Hobart,Hard,32,250,,20260112,29,260300.0,3.0,,Iva Jovic,R,,USA,18.103,30.0,1520.0,223194.0,,WC,Taylah Preston,R,,AUS,20.211,204.0,354.0,4-6 6-4 6-1,3,SF,127.0,3.0,2.0,79.0,53.0,32.0,13.0,13.0,6.0,11.0,2.0,0.0,99.0,66.0,38.0,10,14.0,7.0,15.0
2026-1050,Hobart,Hard,32,250,,20260112,30,220714.0,,Q,Elisabetta Cocciaretto,R,,ITA,24.964,80.0,849.0,222045.0,,,Antonia Ruzic,R,,CRO,22.979,71.0,925.0,6-3 6-2,3,SF,78.0,3.0,3.0,55.0,41.0,25.0,10.0,8.0,3.0,4.0,2.0,0.0,50.0,32.0,16.0,6,9.0,3.0,8.0
2026-1050,Hobart,Hard,32,250,,20260112,31,220714.0,,Q,Elisabetta Cocciaretto,R,,ITA,24.964,80.0,849.0,260300.0,3.0,,Iva Jovic,R,,USA,18.103,30.0,1520.0,6-4 6-4,3,F,97.0,4.0,1.0,53.0,30.0,20.0,16.0,10.0,3.0,5.0,2.0,0.0,67.0,41.0,23.0,13,10.0,2.0,6.0
2026-2014,Adelaide,Hard,30,500,,20260112,1,213631.0,,LL,Marie Bouzkova,R,180.0,CZE,27.48,45.0,1184.0,211651.0,,,Paula Badosa,R,180.0,ESP,28.159,26.0,1675.0,3-6 6-3 6-4,3,R32,148.0,3.0,8.0,88.0,53.0,32.0,21.0,14.0,4.0,8.0,1.0,5.0,101.0,62.0,40.0,17,14.0,9.0,14.0
2026-2014,Adelaide,Hard,30,500,,20260112,2,233741.0,,,Maya Joint,R,,AUS,19.743,32.0,1490.0,213550.0,,,Sofia Kenin,R,170.0,USA,27.163,28.0,1567.0,7-6(3) 6-4,3,R32,96.0,5.0,4.0,69.0,43.0,28.0,17.0,11.0,6.0,8.0,1.0,6.0,86.0,66.0,41.0,8,11.0,3.0,6.0
2026-2014,Adelaide,Hard,30,500,,20260112,3,201548.0,,WC,Ajla Tomljanovic,R,180.0,AUS,32.685,76.0,851.0,220704.0,5.0,,Clara Tauson,R,182.0,DEN,23.061,14.0,2530.0,7-6(5) RET,3,R32,73.0,0.0,0.0,51.0,30.0,18.0,10.0,6.0,5.0,7.0,6.0,5.0,47.0,30.0,20.0,6,6.0,2.0,4.0
2026-2014,Adelaide,Hard,30,500,,20260112,4,223670.0,9.0,,Diana Shnaider,L,,RUS,21.78,23.0,1818.0,220367.0,,,Leylah Fernandez,L,168.0,CAN,23.352,22.0,1821.0,7-5 6-3,3,R32,97.0,2.0,4.0,71.0,41.0,35.0,15.0,11.0,3.0,3.0,7.0,2.0,68.0,44.0,31.0,12,10.0,6.0,8.0
2026-2014,Adelaide,Hard,30,500,,20260112,5,211701.0,,LL,Katerina Siniakova,R,174.0,CZE,29.676,46.0,1172.0,215035.0,,,Dayana Yastremska,R,175.0,UKR,25.662,27.0,1610.0,6-0 6-1,3,R32,53.0,3.0,3.0,48.0,29.0,20.0,12.0,6.0,8.0,8.0,3.0,1.0,35.0,24.0,7.0,3,7.0,0.0,6.0
2026-2014,Adelaide,Hard,30,500,,20260112,6,201709.0,,Q,Yulia Putintseva,R,163.0,KAZ,31.015,105.0,741.0,213646.0,,Q,Dalma Galfi,R,178.0,HUN,27.417,93.0,789.0,6-4 6-4,3,R32,90.0,2.0,5.0,66.0,51.0,37.0,8.0,10.0,2.0,2.0,3.0,4.0,66.0,40.0,31.0,8,10.0,2.0,4.0
2026-2014,Adelaide,Hard,30,500,,20260112,7,215613.0,6.0,,Emma Navarro,R,,USA,24.655,15.0,2467.0,263644.0,,WC,Emerson Jones,R,,AUS,17.517,155.0,463.0,6-3 6-3,3,R32,78.0,1.0,5.0,56.0,34.0,24.0,10.0,9.0,2.0,4.0,5.0,0.0,63.0,39.0,25.0,6,9.0,8.0,13.0
2026-2014,Adelaide,Hard,30,500,,20260112,8,214954.0,,PR,Marketa Vondrousova,L,173.0,CZE,26.544,34.0,1386.0,214643.0,7.0,,Liudmila Samsonova,R,180.0,RUS,27.171,18.0,2122.0,6-1 4-6 6-2,3,R32,121.0,9.0,10.0,67.0,41.0,28.0,16.0,12.0,4.0,7.0,4.0,3.0,87.0,44.0,25.0,20,13.0,9.0,16.0
2026-2014,Adelaide,Hard,30,500,,20260112,9,214040.0,,WC,Kimberly Birrell,R,170.0,AUS,27.708,107.0,726.0,215713.0,,LL,Anastasia Potapova,R,175.0,RUS,24.789,54.0,1103.0,6-4 6-4,3,R32,95.0,0.0,5.0,46.0,24.0,13.0,11.0,10.0,0.0,5.0,3.0,0.0,82.0,64.0,27.0,9,10.0,7.0,14.0
2026-2014,Adelaide,Hard,30,500,,20260112,10,214082.0,,WC,Daria Kasatkina,R,170.0,RUS,28.685,48.0,1168.0,206289.0,,WC,Maria Sakkari,R,172.0,GRE,30.47,52.0,1133.0,7-6(2) 6-4,3,R32,115.0,3.0,2.0,71.0,50.0,29.0,7.0,11.0,3.0,9.0,6.0,1.0,85.0,62.0,30.0,7,11.0,10.0,17.0
2026-2014,Adelaide,Hard,30,500,,20260112,11,211713.0,,Q,Jaqueline Cristian,R,180.0,ROU,27.606,37.0,1324.0,206420.0,4.0,,Ekaterina Alexandrova,R,175.0,RUS,31.16,11.0,3375.0,6-4 6-4,3,R32,110.0,1.0,7.0,68.0,36.0,24.0,15.0,10.0,2.0,5.0,3.0,2.0,75.0,45.0,23.0,14,10.0,4.0,9.0
2026-2014,Adelaide,Hard,30,500,,20260112,12,239475.0,8.0,,Victoria Mboko,R,,CAN,19.382,17.0,2157.0,206242.0,,PR,Beatriz Haddad Maia,L,185.0,BRA,29.621,59.0,1052.0,5-7 6-3 6-2,3,R32,129.0,4.0,5.0,78.0,59.0,41.0,10.0,14.0,2.0,5.0,5.0,2.0,87.0,49.0,31.0,15,15.0,1.0,7.0
2026-2014,Adelaide,Hard,30,500,,20260112,13,214939.0,,,Anna Kalinskaya,R,175.0,RUS,27.113,33.0,1483.0,211817.0,,,Elena Gabriela Ruse,R,,ROU,28.184,79.0,849.0,6-0 6-3,3,R32,75.0,1.0,6.0,59.0,42.0,22.0,10.0,8.0,8.0,11.0,1.0,0.0,45.0,27.0,11.0,4,7.0,3.0,10.0
2026-2014,Adelaide,Hard,30,500,,20260112,14,238184.0,,Q,Tereza Valentova,,,CZE,18.894,60.0,1036.0,211533.0,,,Jelena Ostapenko,R,177.0,LAT,28.597,24.0,1741.0,7-5 3-2 RET,3,R32,82.0,6.0,6.0,47.0,27.0,19.0,11.0,8.0,2.0,4.0,1.0,3.0,56.0,29.0,19.0,11,9.0,1.0,5.0
2026-2014,Adelaide,Hard,30,500,,20260112,15,259799.0,3.0,,Mirra Andreeva,R,,RUS,18.708,8.0,4232.0,213631.0,,LL,Marie Bouzkova,R,180.0,CZE,27.48,45.0,1184.0,6-3 6-1,3,R16,69.0,2.0,1.0,48.0,34.0,26.0,7.0,8.0,1.0,2.0,2.0,0.0,44.0,34.0,16.0,3,8.0,2.0,7.0
2026-2014,Adelaide,Hard,30,500,,20260112,16,233741.0,,,Maya Joint,R,,AUS,19.743,32.0,1490.0,201548.0,,WC,Ajla Tomljanovic,R,180.0,AUS,32.685,76.0,851.0,2-0 RET,3,R16,20.0,0.0,1.0,6.0,6.0,2.0,0.0,1.0,2.0,3.0,0.0,0.0,11.0,7.0,5.0,2,2.0,0.0,0.0
2026-2014,Adelaide,Hard,30,500,,20260112,17,223670.0,9.0,,Diana Shnaider,L,,RUS,21.78,23.0,1818.0,211701.0,,LL,Katerina Siniakova,R,174.0,CZE,29.676,46.0,1172.0,6-1 2-6 7-5,3,R16,112.0,2.0,2.0,85.0,50.0,34.0,18.0,14.0,1.0,5.0,6.0,0.0,78.0,51.0,32.0,12,13.0,2.0,7.0
2026-2014,Adelaide,Hard,30,500,,20260112,18,215613.0,6.0,,Emma Navarro,R,,USA,24.655,15.0,2467.0,201709.0,,Q,Yulia Putintseva,R,163.0,KAZ,31.015,105.0,741.0,6-1 6-4,3,R16,84.0,2.0,0.0,61.0,31.0,22.0,20.0,9.0,1.0,1.0,3.0,0.0,53.0,30.0,17.0,12,8.0,1.0,4.0
2026-2014,Adelaide,Hard,30,500,,20260112,19,214040.0,,WC,Kimberly Birrell,R,170.0,AUS,27.708,107.0,726.0,214954.0,,PR,Marketa Vondrousova,L,173.0,CZE,26.544,34.0,1386.0,W/O,3,R16,,,,,,,,,,,,,,,,,,,
2026-2014,Adelaide,Hard,30,500,,20260112,20,211713.0,,Q,Jaqueline Cristian,R,180.0,ROU,27.606,37.0,1324.0,214082.0,,,Daria Kasatkina,R,170.0,RUS,28.685,48.0,1168.0,6-4 6-0,3,R16,91.0,2.0,9.0,56.0,36.0,23.0,5.0,8.0,2.0,6.0,3.0,0.0,65.0,42.0,17.0,6,8.0,10.0,18.0
2026-2014,Adelaide,Hard,30,500,,20260112,21,239475.0,8.0,,Victoria Mboko,R,,CAN,19.382,17.0,2157.0,214939.0,,,Anna Kalinskaya,R,175.0,RUS,27.113,33.0,1483.0,6-2 3-6 7-6(6),3,R16,142.0,4.0,3.0,102.0,70.0,44.0,15.0,14.0,4.0,9.0,5.0,1.0,106.0,73.0,42.0,15,15.0,8.0,14.0
2026-2014,Adelaide,Hard,30,500,,20260112,22,201619.0,2.0,,Madison Keys,R,178.0,USA,30.903,9.0,4003.0,238184.0,,Q,Tereza Valentova,,,CZE,18.894,60.0,1036.0,6-4 6-1,3,R16,84.0,3.0,2.0,76.0,40.0,27.0,16.0,9.0,5.0,7.0,9.0,1.0,43.0,26.0,16.0,4,8.0,1.0,6.0
2026-2014,Adelaide,Hard,30,500,,20260112,23,259799.0,3.0,,Mirra Andreeva,R,,RUS,18.708,8.0,4232.0,233741.0,,,Maya Joint,R,,AUS,19.743,32.0,1490.0,6-2 6-0,3,QF,67.0,2.0,3.0,47.0,29.0,21.0,8.0,7.0,1.0,2.0,5.0,0.0,51.0,28.0,11.0,7,7.0,5.0,11.0
2026-2014,Adelaide,Hard,30,500,,20260112,24,223670.0,9.0,,Diana Shnaider,L,,RUS,21.78,23.0,1818.0,215613.0,6.0,,Emma Navarro,R,,USA,24.655,15.0,2467.0,6-3 6-3,3,QF,78.0,4.0,5.0,57.0,41.0,30.0,8.0,9.0,3.0,4.0,4.0,0.0,59.0,37.0,22.0,9,9.0,4.0,8.0
2026-2014,Adelaide,Hard,30,500,,20260112,25,214040.0,,WC,Kimberly Birrell,R,170.0,AUS,27.708,107.0,726.0,211713.0,,Q,Jaqueline Cristian,R,180.0,ROU,27.606,37.0,1324.0,5-7 6-1 7-5,3,QF,184.0,2.0,4.0,109.0,77.0,52.0,12.0,16.0,5.0,10.0,8.0,3.0,113.0,73.0,36.0,21,15.0,10.0,17.0
2026-2014,Adelaide,Hard,30,500,,20260112,26,239475.0,8.0,,Victoria Mboko,R,,CAN,19.382,17.0,2157.0,201619.0,2.0,,Madison Keys,R,178.0,USA,30.903,9.0,4003.0,6-4 4-6 6-2,3,QF,113.0,4.0,4.0,85.0,55.0,33.0,16.0,14.0,1.0,5.0,4.0,9.0,95.0,59.0,36.0,15,14.0,6.0,12.0
2026-2014,Adelaide,Hard,30,500,,20260112,27,259799.0,3.0,,Mirra Andreeva,R,,RUS,18.708,8.0,4232.0,223670.0,9.0,,Diana Shnaider,L,,RUS,21.78,23.0,1818.0,6-3 6-2,3,SF,84.0,3.0,1.0,58.0,38.0,24.0,12.0,8.0,1.0,2.0,5.0,0.0,61.0,47.0,23.0,5,9.0,5.0,10.0
2026-2014,Adelaide,Hard,30,500,,20260112,28,239475.0,8.0,,Victoria Mboko,R,,CAN,19.382,17.0,2157.0,214040.0,,WC,Kimberly Birrell,R,170.0,AUS,27.708,107.0,726.0,6-2 6-1,3,SF,59.0,8.0,3.0,40.0,30.0,24.0,6.0,7.0,1.0,1.0,3.0,0.0,46.0,30.0,14.0,6,8.0,2.0,7.0
2026-2014,Adelaide,Hard,30,500,,20260112,29,259799.0,3.0,,Mirra Andreeva,R,,RUS,18.708,8.0,4232.0,239475.0,8.0,,Victoria Mboko,R,,CAN,19.382,17.0,2157.0,6-3 6-1,3,F,64.0,1.0,3.0,41.0,32.0,24.0,6.0,8.0,0.0,1.0,1.0,2.0,55.0,39.0,19.0,5,8.0,5.0,10.0
2026-901,Australian Open,Hard,128,G,,20260118,1,215713.0,,,Anastasia Potapova,R,175.0,RUS,24.805,54.0,1103.0,215480.0,,,Suzan Lamens,R,,NED,26.541,95.0,780.0,3-6 7-5 6-2,3,R128,132.0,3.0,6.0,92.0,56.0,36.0,14.0,15.0,4.0,10.0,8.0,2.0,98.0,58.0,32.0,14,14.0,7.0,14.0
2026-901,Australian Open,Hard,128,G,,20260118,2,221054.0,28.0,,Emma Raducanu,R,175.0,GBR,23.182,29.0,1563.0,216566.0,,,Mananchaya Sawangkaew,R,,THA,23.527,195.0,366.0,6-4 6-1,3,R128,71.0,2.0,4.0,53.0,41.0,30.0,5.0,9.0,2.0,3.0,1.0,1.0,47.0,34.0,22.0,2,8.0,0.0,4.0
2026-901,Australian Open,Hard,128,G,,20260118,3,214544.0,1.0,,Aryna Sabalenka,R,182.0,BLR,27.708,1.0,10990.0,239456.0,,,Tiantsoa Rakotomanga Rajaonah,,,FRA,20.093,118.0,640.0,6-4 6-1,3,R128,76.0,2.0,3.0,47.0,29.0,23.0,12.0,9.0,3.0,4.0,1.0,0.0,61.0,36.0,21.0,9,8.0,6.0,10.0
2026-901,Australian Open,Hard,128,G,,20260118,4,222296.0,,,Zhuoxuan Bai,R,,CHN,23.174,697.0,55.0,201499.0,,,Anastasia Pavlyuchenkova,R,177.0,RUS,34.547,44.0,1185.0,6-4 2-6 7-6(10),3,R128,163.0,2.0,8.0,102.0,61.0,39.0,22.0,15.0,7.0,11.0,3.0,7.0,117.0,64.0,44.0,24,15.0,7.0,10.0
2026-901,Australian Open,Hard,128,G,,20260118,5,220704.0,14.0,,Clara Tauson,R,182.0,DEN,23.078,14.0,2530.0,213646.0,,,Dalma Galfi,R,178.0,HUN,27.434,93.0,789.0,6-3 6-3,3,R128,68.0,5.0,2.0,50.0,26.0,23.0,15.0,9.0,2.0,2.0,0.0,6.0,50.0,36.0,28.0,4,9.0,2.0,5.0
2026-901,Australian Open,Hard,128,G,,20260118,6,221236.0,,,Polina Kudermetova,R,,RUS,22.626,150.0,490.0,215571.0,,,Guiomar Maristany Zuleta De Reales,,,ESP,26.914,184.0,386.0,6-2 6-3,3,R128,80.0,4.0,4.0,64.0,35.0,26.0,13.0,9.0,6.0,7.0,2.0,1.0,54.0,37.0,22.0,4,8.0,3.0,8.0
2026-901,Australian Open,Hard,128,G,,20260118,7,216083.0,,,Caty McNally,R,,USA,24.162,83.0,836.0,221124.0,,,Himeno Sakatsume,R,,JPN,24.46,140.0,514.0,6-3 6-1,3,R128,82.0,0.0,1.0,52.0,38.0,29.0,7.0,8.0,6.0,6.0,4.0,1.0,58.0,41.0,24.0,6,8.0,4.0,8.0
2026-901,Australian Open,Hard,128,G,,20260118,8,239475.0,17.0,,Victoria Mboko,R,,CAN,19.398,17.0,2157.0,263644.0,,,Emerson Jones,R,,AUS,17.534,155.0,463.0,6-4 6-1,3,R128,72.0,2.0,5.0,47.0,30.0,23.0,10.0,9.0,0.0,0.0,2.0,2.0,70.0,44.0,27.0,9,8.0,6.0,10.0
2026-901,Australian Open,Hard,128,G,,20260118,9,260300.0,29.0,,Iva Jovic,R,,USA,18.119,30.0,1520.0,220465.0,,,Katie Volynets,R,,USA,24.05,94.0,783.0,6-2 6-3,3,R128,88.0,2.0,0.0,46.0,24.0,18.0,15.0,9.0,1.0,2.0,0.0,2.0,62.0,47.0,21.0,9,8.0,5.0,9.0
2026-901,Australian Open,Hard,128,G,,20260118,10,211880.0,,,Priscilla Hon,R,171.0,AUS,27.694,121.0,620.0,222233.0,,,Marina Stakusic,R,,CAN,21.142,127.0,565.0,1-6 6-4 5-3 RET,3,R128,121.0,3.0,5.0,74.0,51.0,31.0,12.0,13.0,5.0,9.0,2.0,2.0,75.0,52.0,32.0,13,12.0,3.0,7.0
2026-901,Australian Open,Hard,128,G,,20260118,11,211148.0,7.0,,Jasmine Paolini,R,160.0,ITA,30.04,7.0,4267.0,205925.0,,,Aliaksandra Sasnovich,R,174.0,BLR,31.828,102.0,755.0,6-1 6-2,3,R128,69.0,3.0,4.0,42.0,33.0,25.0,8.0,8.0,1.0,1.0,0.0,1.0,52.0,29.0,13.0,11,7.0,6.0,10.0
2026-901,Australian Open,Hard,128,G,,20260118,12,211684.0,,,Magdalena Frech,R,171.0,POL,28.094,57.0,1073.0,220662.0,,,Veronika Erjavec,R,,SLO,26.054,99.0,765.0,6-1 6-1,3,R128,62.0,0.0,1.0,49.0,35.0,24.0,8.0,7.0,4.0,4.0,0.0,0.0,46.0,26.0,14.0,5,7.0,2.0,7.0
2026-901,Australian Open,Hard,128,G,,20260118,13,221039.0,,,Elsa Jacquemot,R,,FRA,22.714,58.0,1070.0,216146.0,20.0,,Marta Kostyuk,R,175.0,UKR,23.56,20.0,1983.0,6-7(4) 7-6(4) 7-6(7),3,R128,211.0,4.0,5.0,160.0,102.0,73.0,25.0,18.0,17.0,20.0,11.0,8.0,134.0,80.0,58.0,26,18.0,9.0,12.0
2026-901,Australian Open,Hard,128,G,,20260118,14,201709.0,,,Yulia Putintseva,R,163.0,KAZ,31.031,105.0,741.0,206242.0,,,Beatriz Haddad Maia,L,185.0,BRA,29.638,59.0,1052.0,3-6 7-5 6-3,3,R128,173.0,3.0,7.0,100.0,68.0,44.0,13.0,15.0,6.0,11.0,1.0,1.0,109.0,63.0,37.0,21,15.0,9.0,15.0
2026-901,Australian Open,Hard,128,G,,20260118,15,214388.0,,,Anna Bondar,R,,HUN,28.647,75.0,877.0,216097.0,,,Elizabeth Mandlik,R,,USA,24.669,181.0,387.0,6-0 6-4,3,R128,69.0,5.0,2.0,46.0,28.0,20.0,11.0,8.0,0.0,1.0,0.0,0.0,54.0,37.0,22.0,4,8.0,3.0,8.0
2026-901,Australian Open,Hard,128,G,,20260118,16,220309.0,,,Zeynep Sonmez,R,,TUR,23.721,112.0,694.0,206420.0,11.0,,Ekaterina Alexandrova,R,175.0,RUS,31.177,11.0,3375.0,7-5 4-6 6-4,3,R128,157.0,4.0,7.0,119.0,64.0,37.0,25.0,16.0,7.0,14.0,5.0,10.0,109.0,63.0,43.0,13,16.0,9.0,17.0
2026-901,Australian Open,Hard,128,G,,20260118,17,221103.0,3.0,,Coco Gauff,R,175.0,USA,21.851,3.0,6423.0,215872.0,,,Kamilla Rakhimova,R,,RUS,24.392,91.0,802.0,6-2 6-3,3,R128,99.0,1.0,4.0,64.0,40.0,29.0,8.0,9.0,5.0,7.0,7.0,1.0,65.0,41.0,22.0,6,8.0,8.0,14.0
2026-901,Australian Open,Hard,128,G,,20260118,18,215337.0,,,Olga Danilovic,L,,SRB,24.986,68.0,957.0,200748.0,,,Venus Williams,R,185.0,USA,45.589,576.0,81.0,6-7(5) 6-3 6-4,3,R128,137.0,5.0,5.0,94.0,69.0,44.0,17.0,16.0,1.0,4.0,1.0,9.0,102.0,61.0,45.0,14,15.0,3.0,8.0
2026-901,Australian Open,Hard,128,G,,20260118,19,221024.0,,,Hailey Baptiste,R,,USA,24.209,66.0,979.0,203501.0,,,Taylor Townsend,L,170.0,USA,29.758,116.0,652.0,6-3 6-7(3) 6-3,3,R128,158.0,9.0,1.0,124.0,73.0,55.0,25.0,15.0,9.0,10.0,4.0,5.0,102.0,82.0,53.0,10,15.0,12.0,15.0
2026-901,Australian Open,Hard,128,G,,20260118,20,204411.0,,,Storm Hunter,L,166.0,AUS,31.439,363.0,169.0,222601.0,,,Jessica Bouzas Maneiro,R,,ESP,23.319,40.0,1262.0,6-4 6-4,3,R128,86.0,2.0,6.0,66.0,36.0,23.0,15.0,10.0,4.0,7.0,7.0,1.0,68.0,44.0,27.0,7,10.0,4.0,9.0
2026-901,Australian Open,Hard,128,G,,20260118,21,219917.0,,,Alycia Parks,R,185.0,USA,25.049,100.0,760.0,223253.0,,,Alexandra Eala,L,173.0,PHI,20.658,49.0,1159.0,0-6 6-3 6-2,3,R128,115.0,12.0,5.0,94.0,60.0,41.0,11.0,12.0,13.0,17.0,10.0,1.0,70.0,41.0,28.0,13,11.0,4.0,8.0
2026-901,Australian Open,Hard,128,G,,20260118,22,214096.0,19.0,,Karolina Muchova,R,178.0,CZE,29.411,19.0,2083.0,211713.0,,,Jaqueline Cristian,R,180.0,ROU,27.623,37.0,1324.0,6-3 7-6(6),3,R128,113.0,2.0,8.0,71.0,43.0,26.0,19.0,11.0,3.0,6.0,2.0,2.0,81.0,45.0,28.0,15,10.0,12.0,16.0
2026-901,Australian Open,Hard,128,G,,20260118,23,215983.0,,,Ann Li,R,170.0,USA,25.564,38.0,1316.0,215785.0,,,Camila Osorio,R,162.0,COL,24.074,82.0,840.0,6-4 6-7(5) 7-5,3,R128,,6.0,2.0,116.0,62.0,49.0,28.0,15.0,3.0,5.0,4.0,3.0,111.0,71.0,51.0,22,13.0,7.0,11.0
2026-901,Australian Open,Hard,128,G,,20260118,24,202663.0,,,Magda Linette,R,171.0,POL,33.934,53.0,1113.0,215613.0,15.0,,Emma Navarro,R,,USA,24.671,15.0,2467.0,3-6 6-3 6-3,3,R128,121.0,4.0,5.0,78.0,42.0,34.0,16.0,14.0,1.0,3.0,4.0,4.0,89.0,55.0,35.0,19,13.0,3.0,7.0
2026-901,Australian Open,Hard,128,G,,20260118,25,223670.0,23.0,,Diana Shnaider,L,,RUS,21.796,23.0,1818.0,206252.0,,,Barbora Krejcikova,R,178.0,CZE,30.087,55.0,1080.0,2-6 6-3 6-3,3,R128,132.0,3.0,6.0,87.0,58.0,37.0,15.0,13.0,7.0,10.0,4.0,5.0,98.0,61.0,38.0,19,13.0,7.0,11.0
2026-901,Australian Open,Hard,128,G,,20260118,26,221883.0,,,Talia Gibson,R,,AUS,21.586,119.0,634.0,215020.0,,,Anna Blinkova,R,179.0,RUS,27.357,62.0,1016.0,6-1 6-3,3,R128,76.0,5.0,1.0,51.0,29.0,21.0,13.0,8.0,3.0,4.0,4.0,1.0,61.0,41.0,22.0,7,8.0,5.0,10.0
2026-901,Australian Open,Hard,128,G,,20260118,27,202494.0,12.0,,Elina Svitolina,R,174.0,UKR,31.352,12.0,2856.0,213710.0,,,Cristina Bucsa,R,,ESP,28.047,51.0,1134.0,6-4 6-1,3,R128,69.0,1.0,6.0,49.0,24.0,16.0,16.0,9.0,1.0,2.0,3.0,1.0,63.0,43.0,25.0,5,8.0,5.0,10.0
2026-901,Australian Open,Hard,128,G,,20260118,28,221626.0,,,Linda Klimovicova,R,,CZE,21.586,134.0,538.0,215936.0,,,Francesca Jones,R,,GBR,25.331,69.0,951.0,6-2 3-2 ab.,3,R128,64.0,5.0,2.0,35.0,17.0,15.0,11.0,7.0,2.0,2.0,3.0,1.0,45.0,30.0,15.0,7,6.0,2.0,5.0
2026-901,Australian Open,Hard,128,G,,20260118,29,201548.0,,,Ajla Tomljanovic,R,180.0,AUS,32.702,76.0,851.0,263857.0,,,Yuliia Starodubtseva,R,,UKR,25.92,110.0,701.0,4-6 7-6(3) 6-1,3,R128,150.0,1.0,3.0,88.0,61.0,43.0,11.0,15.0,7.0,11.0,5.0,5.0,95.0,57.0,34.0,18,14.0,6.0,12.0
2026-901,Australian Open,Hard,128,G,,20260118,30,211817.0,,,Elena Gabriela Ruse,R,,ROU,28.2,79.0,849.0,215035.0,26.0,,Dayana Yastremska,R,175.0,UKR,25.679,27.0,1610.0,6-4 7-5,3,R128,108.0,1.0,6.0,64.0,38.0,30.0,10.0,11.0,3.0,6.0,5.0,0.0,86.0,50.0,31.0,15,11.0,9.0,14.0
2026-901,Australian Open,Hard,128,G,,20260118,31,206289.0,,,Maria Sakkari,R,172.0,GRE,30.487,52.0,1133.0,206417.0,,,Leolia Jeanjean,R,,FRA,30.432,101.0,760.0,6-4 6-2,3,R128,78.0,4.0,3.0,45.0,36.0,26.0,8.0,9.0,0.0,1.0,0.0,3.0,50.0,29.0,15.0,9,9.0,1.0,5.0
2026-901,Australian Open,Hard,128,G,,20260118,32,259799.0,8.0,,Mirra Andreeva,R,,RUS,18.725,8.0,4232.0,202499.0,,,Donna Vekic,R,179.0,CRO,29.558,70.0,935.0,4-6 6-3 6-0,3,R128,114.0,1.0,4.0,71.0,46.0,37.0,13.0,13.0,1.0,3.0,3.0,2.0,79.0,44.0,25.0,16,12.0,6.0,11.0
2026-901,Australian Open,Hard,128,G,,20260118,33,214981.0,5.0,,Elena Rybakina,R,184.0,KAZ,26.591,5.0,5850.0,215219.0,,,Kaja Juvan,R,170.0,SLO,25.148,97.0,770.0,6-4 6-3,3,R128,72.0,5.0,2.0,56.0,35.0,29.0,13.0,10.0,1.0,1.0,0.0,2.0,56.0,35.0,26.0,8,9.0,0.0,2.0
2026-901,Australian Open,Hard,128,G,,20260118,34,219875.0,,,Varvara Gracheva,R,,FRA,25.463,74.0,887.0,203530.0,,,Viktorija Golubic,R,169.0,SUI,33.257,81.0,841.0,6-1 2-6 6-1,3,R128,101.0,2.0,6.0,79.0,50.0,29.0,15.0,11.0,5.0,9.0,7.0,1.0,72.0,53.0,27.0,6,11.0,3.0,10.0
2026-901,Australian Open,Hard,128,G,,20260118,35,222258.0,,,Linda Fruhvirtova,R,,CZE,20.718,132.0,548.0,215138.0,,,Lulu Sun,L,,NZL,24.764,85.0,825.0,6-3 7-5,3,R128,92.0,4.0,7.0,71.0,45.0,32.0,9.0,11.0,0.0,4.0,5.0,2.0,80.0,41.0,24.0,13,10.0,7.0,13.0
2026-901,Australian Open,Hard,128,G,,20260118,36,238184.0,,,Tereza Valentova,,,CZE,18.911,60.0,1036.0,233741.0,30.0,,Maya Joint,R,,AUS,19.759,32.0,1490.0,6-4 6-4,3,R128,92.0,6.0,8.0,65.0,44.0,32.0,7.0,10.0,1.0,4.0,6.0,3.0,77.0,49.0,29.0,10,10.0,12.0,17.0
2026-901,Australian Open,Hard,128,G,,20260118,37,210722.0,21.0,,Elise Mertens,R,179.0,BEL,30.172,21.0,1956.0,222290.0,,,Lanlana Tararudee,R,,THA,21.534,131.0,549.0,7-5 6-1,3,R128,92.0,2.0,3.0,52.0,33.0,25.0,11.0,10.0,1.0,2.0,2.0,0.0,64.0,35.0,20.0,10,9.0,1.0,6.0
2026-901,Australian Open,Hard,128,G,,20260118,38,220416.0,,,Moyuka Uchijima,R,171.0,JPN,24.439,87.0,822.0,221333.0,,,Solana Sierra,R,,ARG,21.588,64.0,1001.0,6-3 6-1,3,R128,63.0,3.0,5.0,46.0,29.0,23.0,9.0,8.0,1.0,2.0,1.0,1.0,58.0,27.0,12.0,16,8.0,8.0,13.0
2026-901,Australian Open,Hard,128,G,,20260118,39,202505.0,10.0,,Belinda Bencic,R,175.0,SUI,28.86,10.0,3512.0,211107.0,,,Katie Boulter,R,180.0,GBR,29.465,113.0,684.0,6-0 7-5,3,R128,87.0,1.0,5.0,51.0,32.0,25.0,11.0,9.0,2.0,3.0,2.0,3.0,52.0,28.0,17.0,8,9.0,6.0,11.0
2026-901,Australian Open,Hard,128,G,,20260118,40,223360.0,,,Nikola Bartunkova,R,,CZE,19.896,126.0,582.0,214082.0,,,Daria Kasatkina,R,170.0,RUS,28.701,48.0,1168.0,7-6(7) 0-6 6-3,3,R128,123.0,2.0,8.0,86.0,44.0,27.0,16.0,14.0,7.0,14.0,6.0,2.0,76.0,49.0,29.0,10,13.0,1.0,6.0
2026-901,Australian Open,Hard,128,G,,20260118,41,214939.0,31.0,,Anna Kalinskaya,R,175.0,RUS,27.13,33.0,1483.0,222661.0,,,Sonay Kartal,R,,GBR,24.225,63.0,1004.0,7-6(3) 6-1,3,R128,98.0,2.0,2.0,68.0,48.0,35.0,11.0,10.0,1.0,2.0,0.0,1.0,68.0,39.0,24.0,14,9.0,4.0,7.0
2026-901,Australian Open,Hard,128,G,,20260118,42,211814.0,,,Julia Grabher,R,170.0,AUT,29.547,92.0,799.0,220714.0,,,Elisabetta Cocciaretto,R,,ITA,24.981,80.0,849.0,7-5 2-6 6-4,3,R128,149.0,5.0,2.0,100.0,53.0,33.0,18.0,15.0,10.0,16.0,10.0,1.0,91.0,57.0,36.0,17,15.0,6.0,12.0
2026-901,Australian Open,Hard,128,G,,20260118,43,216347.0,2.0,,Iga Swiatek,R,176.0,POL,24.636,2.0,8328.0,206294.0,,,Yue Yuan,R,184.0,CHN,27.316,130.0,552.0,7-6(5) 6-3,3,R128,120.0,3.0,0.0,72.0,43.0,31.0,12.0,11.0,4.0,7.0,3.0,2.0,82.0,48.0,29.0,13,10.0,5.0,10.0
2026-901,Australian Open,Hard,128,G,,20260118,44,213631.0,,,Marie Bouzkova,R,180.0,CZE,27.497,45.0,1184.0,213887.0,,,Renata Zarazua,R,,MEX,28.302,84.0,832.0,6-2 7-5,3,R128,133.0,0.0,0.0,72.0,52.0,34.0,9.0,10.0,8.0,10.0,4.0,0.0,71.0,60.0,24.0,9,10.0,5.0,10.0
2026-901,Australian Open,Hard,128,G,,20260118,45,201696.0,,,Laura Siegemund,R,168.0,GER,37.876,47.0,1171.0,214643.0,18.0,,Liudmila Samsonova,R,180.0,RUS,27.187,18.0,2122.0,0-6 7-5 6-4,3,R128,151.0,1.0,5.0,89.0,68.0,39.0,9.0,14.0,9.0,15.0,3.0,2.0,83.0,56.0,36.0,11,14.0,2.0,7.0
2026-901,Australian Open,Hard,128,G,,20260118,46,213666.0,,,Maddison Inglis,R,171.0,AUS,28.012,167.0,418.0,214040.0,,,Kimberly Birrell,R,170.0,AUS,27.724,107.0,726.0,7-6(6) 6-7(9) 6-4,3,R128,181.0,3.0,7.0,109.0,77.0,54.0,18.0,17.0,1.0,4.0,1.0,5.0,111.0,68.0,48.0,21,17.0,1.0,5.0
2026-901,Australian Open,Hard,128,G,,20260118,47,211768.0,16.0,,Naomi Osaka,R,180.0,JPN,28.258,16.0,2366.0,222045.0,,,Antonia Ruzic,R,,CRO,22.996,71.0,925.0,6-3 3-6 6-4,3,R128,142.0,11.0,5.0,91.0,62.0,45.0,10.0,14.0,2.0,6.0,2.0,0.0,103.0,70.0,41.0,15,14.0,7.0,12.0
2026-901,Australian Open,Hard,128,G,,20260118,48,201514.0,,,Sorana Cirstea,R,176.0,ROU,35.784,41.0,1249.0,220332.0,,,Eva Lys,R,165.0,GER,24.017,39.0,1303.0,3-6 6-4 6-3,3,R128,130.0,9.0,2.0,101.0,58.0,38.0,20.0,14.0,7.0,11.0,3.0,0.0,89.0,63.0,37.0,14,14.0,6.0,11.0
2026-901,Australian Open,Hard,128,G,,20260118,49,216153.0,4.0,,Amanda Anisimova,R,180.0,USA,24.384,4.0,6320.0,215899.0,,,Simona Waltert,R,,SUI,25.098,86.0,824.0,6-3 6-2,3,R128,60.0,2.0,6.0,45.0,30.0,24.0,9.0,9.0,0.0,1.0,3.0,2.0,45.0,25.0,15.0,9,8.0,2.0,6.0
2026-901,Australian Open,Hard,128,G,,20260118,50,211701.0,,,Katerina Siniakova,R,174.0,CZE,29.693,46.0,1172.0,215910.0,,,Panna Udvardy,R,170.0,HUN,27.308,89.0,819.0,6-1 6-2,3,R128,59.0,3.0,2.0,45.0,32.0,24.0,7.0,8.0,1.0,2.0,3.0,1.0,42.0,20.0,12.0,6,7.0,6.0,11.0
2026-901,Australian Open,Hard,128,G,,20260118,51,238075.0,,,Petra Marcinko,,,CRO,20.124,77.0,851.0,213583.0,,,Tatjana Maria,R,172.0,GER,38.448,42.0,1229.0,6-3 7-5,3,R128,88.0,1.0,2.0,56.0,39.0,28.0,8.0,11.0,1.0,4.0,1.0,7.0,73.0,34.0,24.0,13,10.0,5.0,10.0
2026-901,Australian Open,Hard,128,G,,20260118,52,220548.0,,,Peyton Stearns,R,,USA,24.28,67.0,958.0,213550.0,27.0,,Sofia Kenin,R,170.0,USA,27.179,28.0,1567.0,6-3 6-2,3,R128,74.0,15.0,4.0,53.0,28.0,24.0,15.0,9.0,1.0,1.0,1.0,1.0,55.0,34.0,22.0,9,8.0,4.0,7.0
2026-901,Australian Open,Hard,128,G,,20260118,53,222328.0,13.0,,Linda Noskova,R,,CZE,21.169,13.0,2641.0,221985.0,,,Darja Semenistaja,L,,LAT,23.341,96.0,779.0,6-3 6-0,3,R128,58.0,9.0,3.0,43.0,27.0,21.0,7.0,8.0,4.0,5.0,2.0,2.0,50.0,32.0,16.0,4,7.0,1.0,7.0
2026-901,Australian Open,Hard,128,G,,20260118,54,223194.0,,,Taylah Preston,R,,AUS,20.228,204.0,354.0,201533.0,,,Shuai Zhang,R,177.0,CHN,36.992,73.0,899.0,6-3 2-6 6-3,3,R128,93.0,2.0,2.0,76.0,47.0,28.0,12.0,13.0,4.0,9.0,4.0,2.0,77.0,45.0,26.0,14,13.0,3.0,9.0
2026-901,Australian Open,Hard,128,G,,20260118,55,211533.0,24.0,,Jelena Ostapenko,R,177.0,LAT,28.614,24.0,1741.0,211685.0,,,Rebecca Sramkova,R,,SVK,29.249,72.0,914.0,6-4 6-4,3,R128,77.0,4.0,3.0,60.0,32.0,26.0,12.0,10.0,5.0,7.0,4.0,5.0,62.0,39.0,25.0,9,10.0,2.0,6.0
2026-901,Australian Open,Hard,128,G,,20260118,56,216133.0,,,Xinyu Wang,R,182.0,CHN,24.313,43.0,1194.0,211843.0,,,Anhelina Kalinina,R,179.0,UKR,28.945,178.0,393.0,6-3 6-3,3,R128,,10.0,2.0,56.0,31.0,25.0,13.0,8.0,1.0,2.0,1.0,2.0,65.0,43.0,26.0,8,5.0,4.0,8.0
2026-901,Australian Open,Hard,128,G,,20260118,57,202468.0,6.0,,Jessica Pegula,R,170.0,USA,31.899,6.0,5453.0,220435.0,,,Anastasia Zakharova,R,,RUS,24.0,103.0,742.0,6-2 6-1,3,R128,66.0,9.0,3.0,37.0,23.0,18.0,9.0,8.0,2.0,3.0,2.0,2.0,62.0,34.0,16.0,9,7.0,9.0,15.0
2026-901,Australian Open,Hard,128,G,,20260118,58,220520.0,,,Mccartney Kessler,R,,USA,26.533,36.0,1335.0,215306.0,,,Emiliana Arango,R,,COL,25.139,50.0,1149.0,6-3 6-2,3,R128,70.0,1.0,0.0,71.0,47.0,29.0,15.0,9.0,7.0,8.0,2.0,0.0,38.0,26.0,13.0,5,8.0,1.0,5.0
2026-901,Australian Open,Hard,128,G,,20260118,59,221407.0,,,Oksana Selekhmeteva,L,,RUS,23.015,98.0,766.0,230870.0,,,Ella Seidel,R,,GER,20.926,78.0,850.0,6-3 3-6 6-0,3,R128,107.0,2.0,2.0,73.0,50.0,32.0,11.0,12.0,3.0,6.0,6.0,3.0,82.0,44.0,28.0,13,12.0,4.0,10.0
2026-901,Australian Open,Hard,128,G,,20260118,60,211651.0,25.0,,Paula Badosa,R,180.0,ESP,28.176,26.0,1675.0,201610.0,,,Zarina Diyas,R,172.0,KAZ,32.253,285.0,232.0,6-2 6-4,3,R128,80.0,5.0,3.0,66.0,36.0,28.0,14.0,9.0,4.0,5.0,6.0,1.0,60.0,41.0,25.0,6,9.0,5.0,9.0
2026-901,Australian Open,Hard,128,G,,20260118,61,222145.0,,,Janice Tjen,R,,INA,23.705,56.0,1075.0,220367.0,22.0,,Leylah Fernandez,L,168.0,CAN,23.368,22.0,1821.0,6-2 7-6(1),3,R128,103.0,4.0,5.0,74.0,38.0,28.0,18.0,10.0,6.0,8.0,6.0,2.0,65.0,36.0,20.0,15,10.0,3.0,7.0
2026-901,Australian Open,Hard,128,G,,20260118,62,201662.0,,,Karolina Pliskova,R,184.0,CZE,33.83,1052.0,16.0,201585.0,,,Sloane Stephens,R,170.0,USA,32.833,1097.0,14.0,7-6(7) 6-2,3,R128,93.0,3.0,2.0,69.0,46.0,29.0,8.0,10.0,4.0,8.0,8.0,2.0,71.0,55.0,30.0,4,10.0,1.0,7.0
2026-901,Australian Open,Hard,128,G,,20260118,63,221909.0,,,Ashlyn Krueger,R,185.0,USA,21.701,61.0,1026.0,239383.0,,,Sara Bejlek,L,,CZE,19.965,88.0,821.0,6-3 6-3,3,R128,80.0,1.0,3.0,61.0,46.0,28.0,8.0,9.0,6.0,8.0,3.0,0.0,55.0,30.0,14.0,13,9.0,7.0,12.0
2026-901,Australian Open,Hard,128,G,,20260118,64,201619.0,9.0,,Madison Keys,R,178.0,USA,30.919,9.0,4003.0,220716.0,,,Oleksandra Oliynykova,R,,CRO,25.041,90.0,804.0,7-6(6) 6-1,3,R128,100.0,2.0,1.0,61.0,39.0,28.0,9.0,10.0,4.0,7.0,8.0,1.0,80.0,59.0,29.0,8,9.0,3.0,9.0
2026-901,Australian Open,Hard,128,G,,20260118,65,215713.0,,,Anastasia Potapova,R,175.0,RUS,24.805,54.0,1103.0,221054.0,28.0,,Emma Raducanu,R,175.0,GBR,23.182,29.0,1563.0,7-6(3) 6-2,3,R64,92.0,3.0,2.0,68.0,36.0,23.0,14.0,10.0,2.0,6.0,3.0,1.0,60.0,41.0,19.0,8,10.0,2.0,8.0
2026-901,Australian Open,Hard,128,G,,20260118,66,214544.0,1.0,,Aryna Sabalenka,R,182.0,BLR,27.708,1.0,10990.0,222296.0,,,Zhuoxuan Bai,R,,CHN,23.174,697.0,55.0,6-3 6-1,3,R64,72.0,4.0,2.0,54.0,39.0,25.0,9.0,8.0,1.0,2.0,1.0,2.0,58.0,33.0,20.0,4,8.0,7.0,12.0
2026-901,Australian Open,Hard,128,G,,20260118,67,220704.0,14.0,,Clara Tauson,R,182.0,DEN,23.078,14.0,2530.0,221236.0,,,Polina Kudermetova,R,,RUS,22.626,150.0,490.0,6-3 3-6 7-5,3,R64,113.0,12.0,10.0,80.0,51.0,33.0,14.0,15.0,4.0,10.0,2.0,4.0,90.0,47.0,36.0,10,15.0,1.0,8.0
2026-901,Australian Open,Hard,128,G,,20260118,68,239475.0,17.0,,Victoria Mboko,R,,CAN,19.398,17.0,2157.0,216083.0,,,Caty McNally,R,,USA,24.162,83.0,836.0,6-4 6-3,3,R64,92.0,1.0,6.0,59.0,35.0,21.0,14.0,10.0,4.0,7.0,2.0,0.0,66.0,43.0,26.0,6,9.0,5.0,10.0
2026-901,Australian Open,Hard,128,G,,20260118,69,260300.0,29.0,,Iva Jovic,R,,USA,18.119,30.0,1520.0,211880.0,,,Priscilla Hon,R,171.0,AUS,27.694,121.0,620.0,6-1 6-2,3,R64,71.0,2.0,3.0,41.0,29.0,22.0,8.0,8.0,0.0,1.0,2.0,4.0,52.0,28.0,13.0,9,7.0,2.0,7.0
2026-901,Australian Open,Hard,128,G,,20260118,70,211148.0,7.0,,Jasmine Paolini,R,160.0,ITA,30.04,7.0,4267.0,211684.0,,,Magdalena Frech,R,171.0,POL,28.094,57.0,1073.0,6-2 6-3,3,R64,107.0,0.0,1.0,77.0,47.0,31.0,11.0,9.0,11.0,14.0,0.0,0.0,64.0,35.0,14.0,15,8.0,4.0,10.0
2026-901,Australian Open,Hard,128,G,,20260118,71,201709.0,,,Yulia Putintseva,R,163.0,KAZ,31.031,105.0,741.0,221039.0,,,Elsa Jacquemot,R,,FRA,22.714,58.0,1070.0,6-1 6-2,3,R64,74.0,0.0,2.0,54.0,43.0,31.0,4.0,8.0,6.0,7.0,1.0,1.0,48.0,32.0,16.0,5,7.0,1.0,6.0
2026-901,Australian Open,Hard,128,G,,20260118,72,220309.0,,,Zeynep Sonmez,R,,TUR,23.721,112.0,694.0,214388.0,,,Anna Bondar,R,,HUN,28.647,75.0,877.0,6-2 6-4,3,R64,90.0,1.0,3.0,49.0,24.0,16.0,16.0,9.0,0.0,1.0,1.0,2.0,56.0,31.0,21.0,10,9.0,3.0,7.0
2026-901,Australian Open,Hard,128,G,,20260118,73,221103.0,3.0,,Coco Gauff,R,175.0,USA,21.851,3.0,6423.0,215337.0,,,Olga Danilovic,L,,SRB,24.986,68.0,957.0,6-2 6-2,3,R64,78.0,1.0,2.0,46.0,31.0,26.0,5.0,8.0,1.0,2.0,4.0,2.0,68.0,44.0,22.0,10,8.0,12.0,17.0
2026-901,Australian Open,Hard,128,G,,20260118,74,221024.0,,,Hailey Baptiste,R,,USA,24.209,66.0,979.0,204411.0,,,Storm Hunter,L,166.0,AUS,31.439,363.0,169.0,6-2 6-1,3,R64,63.0,2.0,3.0,44.0,28.0,21.0,9.0,8.0,2.0,3.0,2.0,0.0,53.0,42.0,17.0,6,7.0,7.0,12.0
2026-901,Australian Open,Hard,128,G,,20260118,75,214096.0,19.0,,Karolina Muchova,R,178.0,CZE,29.411,19.0,2083.0,219917.0,,,Alycia Parks,R,185.0,USA,25.049,100.0,760.0,4-6 6-4 6-4,3,R64,157.0,3.0,5.0,108.0,64.0,42.0,24.0,15.0,9.0,12.0,5.0,11.0,103.0,60.0,43.0,18,15.0,9.0,13.0
2026-901,Australian Open,Hard,128,G,,20260118,76,202663.0,,,Magda Linette,R,171.0,POL,33.934,53.0,1113.0,215983.0,,,Ann Li,R,170.0,USA,25.564,38.0,1316.0,6-3 6-3,3,R64,106.0,3.0,4.0,76.0,44.0,29.0,17.0,9.0,4.0,5.0,3.0,0.0,75.0,45.0,28.0,9,9.0,5.0,9.0
2026-901,Australian Open,Hard,128,G,,20260118,77,223670.0,23.0,,Diana Shnaider,L,,RUS,21.796,23.0,1818.0,221883.0,,,Talia Gibson,R,,AUS,21.586,119.0,634.0,3-6 7-5 6-3,3,R64,133.0,7.0,6.0,96.0,59.0,39.0,17.0,15.0,6.0,11.0,4.0,8.0,99.0,51.0,33.0,20,15.0,4.0,10.0
2026-901,Australian Open,Hard,128,G,,20260118,78,202494.0,12.0,,Elina Svitolina,R,174.0,UKR,31.352,12.0,2856.0,221626.0,,,Linda Klimovicova,R,,CZE,21.586,134.0,538.0,7-5 6-1,3,R64,75.0,3.0,3.0,61.0,39.0,30.0,11.0,10.0,5.0,6.0,2.0,3.0,55.0,27.0,17.0,11,9.0,2.0,6.0
2026-901,Australian Open,Hard,128,G,,20260118,79,211817.0,,,Elena Gabriela Ruse,R,,ROU,28.2,79.0,849.0,201548.0,,,Ajla Tomljanovic,R,180.0,AUS,32.702,76.0,851.0,6-4 6-4,3,R64,89.0,3.0,7.0,55.0,32.0,26.0,13.0,10.0,0.0,1.0,1.0,1.0,73.0,54.0,32.0,9,10.0,7.0,10.0
2026-901,Australian Open,Hard,128,G,,20260118,80,259799.0,8.0,,Mirra Andreeva,R,,RUS,18.725,8.0,4232.0,206289.0,,,Maria Sakkari,R,172.0,GRE,30.487,52.0,1133.0,6-0 6-4,3,R64,67.0,1.0,0.0,50.0,33.0,21.0,10.0,8.0,3.0,4.0,4.0,1.0,45.0,34.0,14.0,7,8.0,6.0,11.0
2026-901,Australian Open,Hard,128,G,,20260118,81,214981.0,5.0,,Elena Rybakina,R,184.0,KAZ,26.591,5.0,5850.0,219875.0,,,Varvara Gracheva,R,,FRA,25.463,74.0,887.0,7-5 6-2,3,R64,75.0,5.0,2.0,58.0,34.0,26.0,14.0,10.0,5.0,7.0,0.0,3.0,56.0,35.0,20.0,9,10.0,2.0,7.0
2026-901,Australian Open,Hard,128,G,,20260118,82,238184.0,,,Tereza Valentova,,,CZE,18.911,60.0,1036.0,222258.0,,,Linda Fruhvirtova,R,,CZE,20.718,132.0,548.0,7-5 2-6 6-3,3,R64,161.0,1.0,8.0,99.0,54.0,33.0,19.0,15.0,6.0,12.0,3.0,4.0,112.0,64.0,39.0,16,14.0,10.0,17.0
2026-901,Australian Open,Hard,128,G,,20260118,83,210722.0,21.0,,Elise Mertens,R,179.0,BEL,30.172,21.0,1956.0,220416.0,,,Moyuka Uchijima,R,171.0,JPN,24.439,87.0,822.0,6-3 6-1,3,R64,76.0,2.0,4.0,45.0,22.0,17.0,9.0,8.0,0.0,2.0,5.0,0.0,54.0,26.0,12.0,9,8.0,3.0,9.0
2026-901,Australian Open,Hard,128,G,,20260118,84,223360.0,,,Nikola Bartunkova,R,,CZE,19.896,126.0,582.0,202505.0,10.0,,Belinda Bencic,R,175.0,SUI,28.86,10.0,3512.0,6-3 0-6 6-4,3,R64,131.0,1.0,4.0,77.0,40.0,24.0,15.0,13.0,3.0,9.0,2.0,2.0,74.0,49.0,31.0,8,12.0,4.0,9.0
2026-901,Australian Open,Hard,128,G,,20260118,85,214939.0,31.0,,Anna Kalinskaya,R,175.0,RUS,27.13,33.0,1483.0,211814.0,,,Julia Grabher,R,170.0,AUT,29.547,92.0,799.0,6-3 6-3,3,R64,73.0,2.0,4.0,51.0,32.0,21.0,10.0,9.0,2.0,5.0,3.0,2.0,64.0,42.0,24.0,4,9.0,3.0,9.0
2026-901,Australian Open,Hard,128,G,,20260118,86,216347.0,2.0,,Iga Swiatek,R,176.0,POL,24.636,2.0,8328.0,213631.0,,,Marie Bouzkova,R,180.0,CZE,27.497,45.0,1184.0,6-2 6-3,3,R64,79.0,3.0,4.0,56.0,38.0,27.0,9.0,9.0,2.0,4.0,1.0,0.0,50.0,31.0,14.0,9,8.0,3.0,8.0
2026-901,Australian Open,Hard,128,G,,20260118,87,213666.0,,,Maddison Inglis,R,171.0,AUS,28.012,167.0,418.0,201696.0,,,Laura Siegemund,R,168.0,GER,37.876,47.0,1171.0,6-4 6-7(3) 7-6(7),3,R64,200.0,2.0,4.0,110.0,68.0,42.0,22.0,17.0,5.0,10.0,3.0,7.0,116.0,82.0,51.0,16,17.0,4.0,10.0
2026-901,Australian Open,Hard,128,G,,20260118,88,211768.0,16.0,,Naomi Osaka,R,180.0,JPN,28.258,16.0,2366.0,201514.0,,,Sorana Cirstea,R,176.0,ROU,35.784,41.0,1249.0,6-3 4-6 6-2,3,R64,120.0,3.0,0.0,83.0,54.0,37.0,16.0,14.0,5.0,8.0,0.0,1.0,73.0,46.0,26.0,16,13.0,3.0,8.0
2026-901,Australian Open,Hard,128,G,,20260118,89,216153.0,4.0,,Amanda Anisimova,R,180.0,USA,24.384,4.0,6320.0,211701.0,,,Katerina Siniakova,R,174.0,CZE,29.693,46.0,1172.0,6-1 6-4,3,R64,103.0,3.0,7.0,86.0,51.0,37.0,15.0,9.0,12.0,13.0,8.0,1.0,68.0,39.0,24.0,9,8.0,10.0,14.0
2026-901,Australian Open,Hard,128,G,,20260118,90,220548.0,,,Peyton Stearns,R,,USA,24.28,67.0,958.0,238075.0,,,Petra Marcinko,,,CRO,20.124,77.0,851.0,6-2 7-5,3,R64,80.0,4.0,5.0,68.0,37.0,31.0,15.0,10.0,5.0,6.0,1.0,3.0,51.0,29.0,20.0,10,10.0,0.0,4.0
2026-901,Australian Open,Hard,128,G,,20260118,91,222328.0,13.0,,Linda Noskova,R,,CZE,21.169,13.0,2641.0,223194.0,,,Taylah Preston,R,,AUS,20.228,204.0,354.0,6-2 4-6 6-2,3,R64,104.0,11.0,4.0,89.0,45.0,30.0,22.0,13.0,9.0,12.0,4.0,4.0,80.0,45.0,26.0,15,13.0,2.0,8.0
2026-901,Australian Open,Hard,128,G,,20260118,92,216133.0,,,Xinyu Wang,R,182.0,CHN,24.313,43.0,1194.0,211533.0,24.0,,Jelena Ostapenko,R,177.0,LAT,28.614,24.0,1741.0,4-6 6-4 6-4,3,R64,,6.0,3.0,108.0,73.0,46.0,12.0,8.0,11.0,18.0,1.0,6.0,93.0,56.0,35.0,9,7.0,8.0,16.0
2026-901,Australian Open,Hard,128,G,,20260118,93,202468.0,6.0,,Jessica Pegula,R,170.0,USA,31.899,6.0,5453.0,220520.0,,,Mccartney Kessler,R,,USA,26.533,36.0,1335.0,6-0 6-2,3,R64,58.0,0.0,2.0,40.0,30.0,22.0,6.0,7.0,1.0,2.0,0.0,3.0,39.0,24.0,12.0,2,7.0,3.0,9.0
2026-901,Australian Open,Hard,128,G,,20260118,94,221407.0,,,Oksana Selekhmeteva,L,,RUS,23.015,98.0,766.0,211651.0,25.0,,Paula Badosa,R,180.0,ESP,28.176,26.0,1675.0,6-4 6-4,3,R64,99.0,0.0,6.0,77.0,48.0,29.0,14.0,10.0,9.0,12.0,7.0,4.0,64.0,35.0,21.0,13,10.0,6.0,11.0
2026-901,Australian Open,Hard,128,G,,20260118,95,201662.0,,,Karolina Pliskova,R,184.0,CZE,33.83,1052.0,16.0,222145.0,,,Janice Tjen,R,,INA,23.705,56.0,1075.0,6-4 6-4,3,R64,98.0,3.0,3.0,76.0,49.0,33.0,17.0,10.0,4.0,4.0,2.0,7.0,64.0,39.0,27.0,13,10.0,2.0,4.0
2026-901,Australian Open,Hard,128,G,,20260118,96,201619.0,9.0,,Madison Keys,R,178.0,USA,30.919,9.0,4003.0,221909.0,,,Ashlyn Krueger,R,185.0,USA,21.701,61.0,1026.0,6-1 7-5,3,R64,73.0,1.0,5.0,53.0,33.0,23.0,10.0,10.0,0.0,2.0,4.0,2.0,58.0,40.0,20.0,8,9.0,5.0,11.0
2026-901,Australian Open,Hard,128,G,,20260118,97,214544.0,1.0,,Aryna Sabalenka,R,182.0,BLR,27.708,1.0,10990.0,215713.0,,,Anastasia Potapova,R,175.0,RUS,24.805,54.0,1103.0,7-6(4) 7-6(7),3,R32,122.0,3.0,6.0,86.0,63.0,38.0,15.0,12.0,3.0,7.0,2.0,2.0,91.0,44.0,26.0,23,12.0,4.0,8.0
2026-901,Australian Open,Hard,128,G,,20260118,98,239475.0,17.0,,Victoria Mboko,R,,CAN,19.398,17.0,2157.0,220704.0,14.0,,Clara Tauson,R,182.0,DEN,23.078,14.0,2530.0,7-6(5) 5-7 6-3,3,R32,139.0,6.0,4.0,99.0,63.0,42.0,17.0,17.0,1.0,6.0,9.0,5.0,102.0,62.0,39.0,21,16.0,8.0,13.0
2026-901,Australian Open,Hard,128,G,,20260118,99,260300.0,29.0,,Iva Jovic,R,,USA,18.119,30.0,1520.0,211148.0,7.0,,Jasmine Paolini,R,160.0,ITA,30.04,7.0,4267.0,6-2 7-6(3),3,R32,106.0,3.0,0.0,59.0,34.0,20.0,14.0,10.0,2.0,6.0,2.0,0.0,71.0,46.0,23.0,10,10.0,6.0,12.0
2026-901,Australian Open,Hard,128,G,,20260118,100,201709.0,,,Yulia Putintseva,R,163.0,KAZ,31.031,105.0,741.0,220309.0,,,Zeynep Sonmez,R,,TUR,23.721,112.0,694.0,6-3 6-7(3) 6-3,3,R32,154.0,2.0,4.0,106.0,77.0,52.0,11.0,15.0,9.0,13.0,1.0,1.0,93.0,61.0,38.0,12,15.0,7.0,13.0
2026-901,Australian Open,Hard,128,G,,20260118,101,221103.0,3.0,,Coco Gauff,R,175.0,USA,21.851,3.0,6423.0,221024.0,,,Hailey Baptiste,R,,USA,24.209,66.0,979.0,3-6 6-0 6-3,3,R32,110.0,0.0,2.0,61.0,40.0,33.0,10.0,12.0,1.0,3.0,6.0,2.0,93.0,55.0,33.0,17,12.0,5.0,10.0
2026-901,Australian Open,Hard,128,G,,20260118,102,214096.0,19.0,,Karolina Muchova,R,178.0,CZE,29.411,19.0,2083.0,202663.0,,,Magda Linette,R,171.0,POL,33.934,53.0,1113.0,6-1 6-1,3,R32,63.0,1.0,4.0,38.0,21.0,19.0,10.0,7.0,1.0,1.0,1.0,2.0,49.0,29.0,12.0,9,7.0,4.0,9.0
2026-901,Australian Open,Hard,128,G,,20260118,103,202494.0,12.0,,Elina Svitolina,R,174.0,UKR,31.352,12.0,2856.0,223670.0,23.0,,Diana Shnaider,L,,RUS,21.796,23.0,1818.0,7-6(4) 6-3,3,R32,93.0,5.0,3.0,77.0,43.0,30.0,16.0,11.0,1.0,5.0,5.0,0.0,63.0,37.0,22.0,10,10.0,1.0,6.0
2026-901,Australian Open,Hard,128,G,,20260118,104,259799.0,8.0,,Mirra Andreeva,R,,RUS,18.725,8.0,4232.0,211817.0,,,Elena Gabriela Ruse,R,,ROU,28.2,79.0,849.0,6-3 6-4,3,R32,95.0,1.0,3.0,64.0,41.0,27.0,14.0,10.0,6.0,8.0,3.0,0.0,62.0,38.0,24.0,8,9.0,3.0,7.0
2026-901,Australian Open,Hard,128,G,,20260118,105,214981.0,5.0,,Elena Rybakina,R,184.0,KAZ,26.591,5.0,5850.0,238184.0,,,Tereza Valentova,,,CZE,18.911,60.0,1036.0,6-2 6-3,3,R32,82.0,4.0,8.0,61.0,38.0,24.0,14.0,9.0,7.0,9.0,1.0,4.0,58.0,29.0,19.0,9,8.0,2.0,7.0
2026-901,Australian Open,Hard,128,G,,20260118,106,210722.0,21.0,,Elise Mertens,R,179.0,BEL,30.172,21.0,1956.0,223360.0,,,Nikola Bartunkova,R,,CZE,19.896,126.0,582.0,6-0 6-4,3,R32,76.0,8.0,3.0,49.0,34.0,27.0,6.0,8.0,1.0,2.0,2.0,1.0,56.0,37.0,21.0,4,8.0,5.0,10.0
2026-901,Australian Open,Hard,128,G,,20260118,107,216347.0,2.0,,Iga Swiatek,R,176.0,POL,24.636,2.0,8328.0,214939.0,31.0,,Anna Kalinskaya,R,175.0,RUS,27.13,33.0,1483.0,6-1 1-6 6-1,3,R32,104.0,2.0,2.0,68.0,41.0,27.0,14.0,11.0,4.0,7.0,4.0,2.0,68.0,48.0,23.0,12,10.0,6.0,11.0
2026-901,Australian Open,Hard,128,G,,20260118,108,213666.0,,,Maddison Inglis,R,171.0,AUS,28.012,167.0,418.0,211768.0,16.0,,Naomi Osaka,R,180.0,JPN,28.258,16.0,2366.0,W/O,3,R32,,,,,,,,,,,,,,,,,,,
2026-901,Australian Open,Hard,128,G,,20260118,109,216153.0,4.0,,Amanda Anisimova,R,180.0,USA,24.384,4.0,6320.0,220548.0,,,Peyton Stearns,R,,USA,24.28,67.0,958.0,6-1 6-4,3,R32,71.0,4.0,1.0,61.0,37.0,28.0,9.0,9.0,6.0,8.0,7.0,2.0,46.0,25.0,15.0,6,8.0,3.0,8.0
2026-901,Australian Open,Hard,128,G,,20260118,110,216133.0,,,Xinyu Wang,R,182.0,CHN,24.313,43.0,1194.0,222328.0,13.0,,Linda Noskova,R,,CZE,21.169,13.0,2641.0,7-5 6-4,3,R32,,5.0,5.0,71.0,40.0,30.0,15.0,9.0,6.0,8.0,4.0,4.0,61.0,37.0,27.0,10,7.0,1.0,5.0
2026-901,Australian Open,Hard,128,G,,20260118,111,202468.0,6.0,,Jessica Pegula,R,170.0,USA,31.899,6.0,5453.0,221407.0,,,Oksana Selekhmeteva,L,,RUS,23.015,98.0,766.0,6-3 6-2,3,R32,66.0,0.0,0.0,43.0,25.0,22.0,11.0,9.0,2.0,2.0,0.0,3.0,61.0,47.0,27.0,5,8.0,4.0,8.0
2026-901,Australian Open,Hard,128,G,,20260118,112,201619.0,9.0,,Madison Keys,R,178.0,USA,30.919,9.0,4003.0,201662.0,,,Karolina Pliskova,R,184.0,CZE,33.83,1052.0,16.0,6-3 6-3,3,R32,75.0,6.0,6.0,54.0,37.0,28.0,8.0,9.0,1.0,2.0,5.0,1.0,70.0,48.0,27.0,10,9.0,5.0,9.0
2026-901,Australian Open,Hard,128,G,,20260118,113,214544.0,1.0,,Aryna Sabalenka,R,182.0,BLR,27.708,1.0,10990.0,239475.0,17.0,,Victoria Mboko,R,,CAN,19.398,17.0,2157.0,6-1 7-6(1),3,R16,86.0,6.0,3.0,78.0,53.0,34.0,13.0,10.0,4.0,6.0,3.0,3.0,53.0,35.0,18.0,7,9.0,1.0,5.0
2026-901,Australian Open,Hard,128,G,,20260118,114,260300.0,29.0,,Iva Jovic,R,,USA,18.119,30.0,1520.0,201709.0,,,Yulia Putintseva,R,163.0,KAZ,31.031,105.0,741.0,6-0 6-1,3,R16,53.0,3.0,3.0,38.0,27.0,18.0,8.0,7.0,3.0,4.0,1.0,0.0,36.0,22.0,6.0,5,6.0,6.0,12.0
2026-901,Australian Open,Hard,128,G,,20260118,115,221103.0,3.0,,Coco Gauff,R,175.0,USA,21.851,3.0,6423.0,214096.0,19.0,,Karolina Muchova,R,178.0,CZE,29.411,19.0,2083.0,6-1 3-6 6-3,3,R16,119.0,2.0,1.0,80.0,54.0,35.0,18.0,13.0,3.0,5.0,3.0,2.0,75.0,58.0,35.0,9,12.0,4.0,8.0
2026-901,Australian Open,Hard,128,G,,20260118,116,202494.0,12.0,,Elina Svitolina,R,174.0,UKR,31.352,12.0,2856.0,259799.0,8.0,,Mirra Andreeva,R,,RUS,18.725,8.0,4232.0,6-2 6-4,3,R16,83.0,4.0,3.0,61.0,37.0,22.0,13.0,9.0,7.0,9.0,1.0,1.0,58.0,38.0,24.0,5,9.0,5.0,10.0
2026-901,Australian Open,Hard,128,G,,20260118,117,214981.0,5.0,,Elena Rybakina,R,184.0,KAZ,26.591,5.0,5850.0,210722.0,21.0,,Elise Mertens,R,179.0,BEL,30.172,21.0,1956.0,6-1 6-3,3,R16,77.0,10.0,6.0,49.0,32.0,23.0,12.0,8.0,1.0,1.0,1.0,3.0,60.0,28.0,19.0,11,8.0,5.0,9.0
2026-901,Australian Open,Hard,128,G,,20260118,118,216347.0,2.0,,Iga Swiatek,R,176.0,POL,24.636,2.0,8328.0,213666.0,,,Maddison Inglis,R,171.0,AUS,28.012,167.0,418.0,6-0 6-3,3,R16,73.0,0.0,1.0,43.0,24.0,20.0,12.0,8.0,2.0,3.0,1.0,1.0,49.0,29.0,14.0,7,7.0,1.0,6.0
2026-901,Australian Open,Hard,128,G,,20260118,119,216153.0,4.0,,Amanda Anisimova,R,180.0,USA,24.384,4.0,6320.0,216133.0,,,Xinyu Wang,R,182.0,CHN,24.313,43.0,1194.0,7-6(4) 6-4,3,R16,,7.0,1.0,58.0,43.0,33.0,12.0,10.0,0.0,1.0,6.0,3.0,85.0,62.0,42.0,12,9.0,8.0,10.0
2026-901,Australian Open,Hard,128,G,,20260118,120,202468.0,6.0,,Jessica Pegula,R,170.0,USA,31.899,6.0,5453.0,201619.0,9.0,,Madison Keys,R,178.0,USA,30.919,9.0,4003.0,6-3 6-4,3,R16,78.0,2.0,6.0,66.0,39.0,27.0,13.0,10.0,4.0,6.0,1.0,4.0,59.0,37.0,23.0,7,9.0,1.0,5.0
2026-901,Australian Open,Hard,128,G,,20260118,121,214544.0,1.0,,Aryna Sabalenka,R,182.0,BLR,27.708,1.0,10990.0,260300.0,29.0,,Iva Jovic,R,,USA,18.119,30.0,1520.0,6-3 6-0,3,QF,89.0,7.0,1.0,56.0,36.0,30.0,8.0,8.0,5.0,5.0,3.0,1.0,56.0,33.0,18.0,9,7.0,5.0,9.0
2026-901,Australian Open,Hard,128,G,,20260118,122,202494.0,12.0,,Elina Svitolina,R,174.0,UKR,31.352,12.0,2856.0,221103.0,3.0,,Coco Gauff,R,175.0,USA,21.851,3.0,6423.0,6-1 6-2,3,QF,59.0,4.0,5.0,45.0,31.0,22.0,7.0,8.0,1.0,2.0,0.0,0.0,43.0,32.0,13.0,2,7.0,1.0,7.0
2026-901,Australian Open,Hard,128,G,,20260118,123,214981.0,5.0,,Elena Rybakina,R,184.0,KAZ,26.591,5.0,5850.0,216347.0,2.0,,Iga Swiatek,R,176.0,POL,24.636,2.0,8328.0,7-5 6-1,3,QF,95.0,11.0,1.0,59.0,29.0,23.0,17.0,10.0,3.0,4.0,3.0,3.0,55.0,30.0,18.0,10,9.0,3.0,7.0
2026-901,Australian Open,Hard,128,G,,20260118,124,202468.0,6.0,,Jessica Pegula,R,170.0,USA,31.899,6.0,5453.0,216153.0,4.0,,Amanda Anisimova,R,180.0,USA,24.384,4.0,6320.0,6-2 7-6(1),3,QF,95.0,6.0,7.0,62.0,37.0,26.0,16.0,10.0,2.0,4.0,2.0,2.0,71.0,43.0,25.0,11,10.0,7.0,11.0
2026-901,Australian Open,Hard,128,G,,20260118,125,214544.0,1.0,,Aryna Sabalenka,R,182.0,BLR,27.708,1.0,10990.0,202494.0,12.0,,Elina Svitolina,R,174.0,UKR,31.352,12.0,2856.0,6-2 6-3,3,SF,76.0,0.0,3.0,54.0,36.0,25.0,12.0,9.0,3.0,4.0,1.0,2.0,57.0,32.0,18.0,11,8.0,3.0,7.0
2026-901,Australian Open,Hard,128,G,,20260118,126,214981.0,5.0,,Elena Rybakina,R,184.0,KAZ,26.591,5.0,5850.0,202468.0,6.0,,Jessica Pegula,R,170.0,USA,31.899,6.0,5453.0,6-3 7-6(7),3,SF,100.0,6.0,0.0,73.0,40.0,29.0,16.0,11.0,1.0,4.0,0.0,2.0,76.0,49.0,30.0,10,10.0,6.0,10.0
2026-901,Australian Open,Hard,128,G,,20260118,127,214981.0,5.0,,Elena Rybakina,R,184.0,KAZ,26.591,5.0,5850.0,214544.0,1.0,,Aryna Sabalenka,R,182.0,BLR,27.708,1.0,10990.0,6-4 4-6 6-4,3,F,138.0,6.0,2.0,98.0,54.0,41.0,21.0,15.0,6.0,8.0,3.0,5.0,86.0,53.0,40.0,16,15.0,3.0,6.0
2026-1154,Ostrava,Hard,30,250,,20260201,1,220465.0,,,Katie Volynets,R,,USA,24.088,96.0,783.0,221626.0,,,Linda Klimovicova,R,,CZE,21.624,134.0,538.0,6-2 6-1,3,R32,69.0,1.0,2.0,46.0,40.0,26.0,5.0,8.0,1.0,2.0,0.0,3.0,43.0,23.0,10.0,6,7.0,6.0,11.0
2026-1154,Ostrava,Hard,30,250,,20260201,2,219917.0,,,Alycia Parks,R,185.0,USA,25.087,99.0,770.0,211814.0,,,Julia Grabher,R,170.0,AUT,29.586,95.0,799.0,7-6(3) 6-2,3,R32,86.0,8.0,4.0,54.0,36.0,31.0,12.0,10.0,0.0,0.0,2.0,2.0,68.0,41.0,27.0,13,10.0,9.0,11.0
2026-1154,Ostrava,Hard,30,250,,20260201,3,220589.0,,,Elina Avanesyan,R,,ARM,23.376,149.0,491.0,220416.0,7.0,,Moyuka Uchijima,R,171.0,JPN,24.477,88.0,822.0,6-3 2-6 6-3,3,R32,116.0,0.0,8.0,85.0,48.0,27.0,17.0,13.0,10.0,16.0,6.0,1.0,75.0,41.0,26.0,10,13.0,4.0,11.0
2026-1154,Ostrava,Hard,30,250,,20260201,4,211685.0,4.0,,Rebecca Sramkova,R,,SVK,29.287,73.0,914.0,269268.0,,Q,Vendula Valdmannova,,,CZE,18.147,321.0,201.0,6-2 6-3,3,R32,87.0,3.0,4.0,51.0,33.0,20.0,8.0,8.0,2.0,5.0,4.0,2.0,75.0,43.0,20.0,11,9.0,8.0,15.0
2026-1154,Ostrava,Hard,30,250,,20260201,5,222258.0,,Q,Linda Fruhvirtova,R,,CZE,20.756,132.0,548.0,201621.0,,Q,Mona Barthel,R,185.0,GER,35.563,229.0,319.0,7-6(4) 6-4,3,R32,107.0,1.0,7.0,85.0,54.0,38.0,15.0,11.0,5.0,6.0,5.0,3.0,80.0,47.0,31.0,17,11.0,4.0,6.0
2026-1154,Ostrava,Hard,30,250,,20260201,6,211107.0,,,Katie Boulter,R,180.0,GBR,29.504,113.0,684.0,222980.0,,WC,Lucie Havlickova,R,,CZE,20.89,281.0,243.0,6-4 3-6 6-1,3,R32,113.0,4.0,4.0,67.0,41.0,35.0,14.0,13.0,5.0,7.0,2.0,6.0,80.0,42.0,28.0,19,13.0,6.0,10.0
2026-1154,Ostrava,Hard,30,250,,20260201,7,203530.0,5.0,,Viktorija Golubic,R,169.0,SUI,33.296,83.0,841.0,221257.0,,,Sinja Kraus,R,,AUT,23.762,106.0,742.0,6-4 6-0,3,R32,89.0,2.0,3.0,56.0,37.0,24.0,11.0,8.0,4.0,6.0,0.0,0.0,68.0,34.0,18.0,12,8.0,10.0,16.0
2026-1154,Ostrava,Hard,30,250,,20260201,8,215910.0,8.0,,Panna Udvardy,R,170.0,HUN,27.346,90.0,819.0,221307.0,,WC,Darja Vidmanova,R,,CZE,23.064,142.0,509.0,7-5 6-3,3,R32,92.0,1.0,1.0,66.0,35.0,24.0,18.0,11.0,2.0,4.0,4.0,1.0,63.0,42.0,24.0,11,10.0,2.0,6.0
2026-1154,Ostrava,Hard,30,250,,20260201,9,220348.0,,,Diane Parry,R,170.0,FRA,23.42,122.0,615.0,206219.0,,PR,Oceane Dodin,R,,FRA,29.274,682.0,59.0,6-1 6-4,3,R32,68.0,10.0,5.0,53.0,31.0,24.0,15.0,9.0,2.0,2.0,1.0,1.0,45.0,25.0,18.0,7,8.0,3.0,6.0
2026-1154,Ostrava,Hard,30,250,,20260201,10,211539.0,,Q,Fiona Ferro,R,170.0,FRA,28.893,369.0,168.0,259104.0,,WC,Brenda Fruhvirtova,R,,CZE,18.837,819.0,38.0,6-1 6-1,3,R32,60.0,1.0,2.0,44.0,25.0,15.0,10.0,7.0,2.0,4.0,3.0,0.0,42.0,28.0,11.0,2,7.0,2.0,9.0
2026-1154,Ostrava,Hard,30,250,,20260201,11,223360.0,,,Nikola Bartunkova,R,,CZE,19.935,126.0,582.0,215020.0,3.0,,Anna Blinkova,R,179.0,RUS,27.395,64.0,1016.0,6-4 6-4,3,R32,91.0,5.0,1.0,65.0,37.0,26.0,17.0,10.0,2.0,3.0,2.0,1.0,68.0,46.0,29.0,10,10.0,5.0,8.0
2026-1154,Ostrava,Hard,30,250,,20260201,12,216083.0,6.0,,Caty McNally,R,,USA,24.2,85.0,836.0,215480.0,,,Suzan Lamens,R,,NED,26.58,97.0,780.0,6-3 7-5,3,R32,106.0,1.0,7.0,71.0,51.0,31.0,9.0,11.0,6.0,10.0,3.0,2.0,72.0,45.0,24.0,10,10.0,3.0,9.0
2026-1154,Ostrava,Hard,30,250,,20260201,13,206124.0,,WC,Tereza Martincova,R,178.0,CZE,31.275,469.0,117.0,213646.0,,,Dalma Galfi,R,178.0,HUN,27.472,91.0,805.0,2-6 6-3 7-5,3,R32,124.0,0.0,0.0,98.0,86.0,56.0,7.0,15.0,7.0,10.0,2.0,4.0,77.0,58.0,44.0,5,14.0,0.0,3.0
2026-1154,Ostrava,Hard,30,250,,20260201,14,211337.0,,Q,Tamara Korpatsch,R,170.0,GER,30.728,124.0,590.0,216074.0,,Q,Anna Siskova,,,CZE,24.589,260.0,274.0,6-4 6-4,3,R32,97.0,0.0,3.0,72.0,49.0,32.0,9.0,10.0,7.0,10.0,2.0,2.0,61.0,46.0,26.0,5,10.0,5.0,10.0
2026-1154,Ostrava,Hard,30,250,,20260201,15,220465.0,,,Katie Volynets,R,,USA,24.088,96.0,783.0,213583.0,1.0,,Tatjana Maria,R,172.0,GER,38.487,42.0,1232.0,7-5 6-1,3,R16,92.0,2.0,3.0,55.0,45.0,29.0,8.0,9.0,3.0,4.0,0.0,3.0,64.0,37.0,22.0,10,10.0,5.0,10.0
2026-1154,Ostrava,Hard,30,250,,20260201,16,219917.0,,,Alycia Parks,R,185.0,USA,25.087,99.0,770.0,220589.0,,,Elina Avanesyan,R,,ARM,23.376,149.0,491.0,6-4 6-2,3,R16,76.0,9.0,6.0,58.0,36.0,29.0,8.0,9.0,1.0,2.0,3.0,0.0,53.0,28.0,16.0,12,9.0,4.0,8.0
2026-1154,Ostrava,Hard,30,250,,20260201,17,222258.0,,Q,Linda Fruhvirtova,R,,CZE,20.756,132.0,548.0,211685.0,4.0,,Rebecca Sramkova,R,,SVK,29.287,73.0,914.0,6-3 6-1,3,R16,65.0,3.0,4.0,52.0,31.0,24.0,10.0,8.0,1.0,2.0,3.0,2.0,48.0,30.0,16.0,3,8.0,4.0,9.0
2026-1154,Ostrava,Hard,30,250,,20260201,18,211107.0,,,Katie Boulter,R,180.0,GBR,29.504,113.0,684.0,203530.0,5.0,,Viktorija Golubic,R,169.0,SUI,33.296,83.0,841.0,6-2 6-2,3,R16,76.0,0.0,4.0,48.0,29.0,26.0,4.0,8.0,4.0,6.0,4.0,1.0,53.0,31.0,14.0,8,8.0,8.0,14.0
2026-1154,Ostrava,Hard,30,250,,20260201,19,220348.0,,,Diane Parry,R,170.0,FRA,23.42,122.0,615.0,215910.0,8.0,,Panna Udvardy,R,170.0,HUN,27.346,90.0,819.0,6-1 6-2,3,R16,78.0,1.0,3.0,44.0,24.0,19.0,12.0,7.0,1.0,1.0,2.0,0.0,52.0,25.0,16.0,9,7.0,5.0,9.0
2026-1154,Ostrava,Hard,30,250,,20260201,20,223360.0,,,Nikola Bartunkova,R,,CZE,19.935,126.0,582.0,211539.0,,Q,Fiona Ferro,R,170.0,FRA,28.893,369.0,168.0,6-4 3-6 6-1,3,R16,120.0,8.0,2.0,95.0,58.0,41.0,14.0,13.0,7.0,11.0,5.0,0.0,80.0,53.0,31.0,10,13.0,2.0,8.0
2026-1154,Ostrava,Hard,30,250,,20260201,21,216083.0,6.0,,Caty McNally,R,,USA,24.2,85.0,836.0,206124.0,,WC,Tereza Martincova,R,178.0,CZE,31.275,469.0,117.0,6-4 6-4,3,R16,101.0,2.0,4.0,61.0,47.0,28.0,8.0,10.0,1.0,4.0,1.0,1.0,69.0,55.0,27.0,6,10.0,6.0,11.0
2026-1154,Ostrava,Hard,30,250,,20260201,22,211337.0,,Q,Tamara Korpatsch,R,170.0,GER,30.728,124.0,590.0,215306.0,2.0,,Emiliana Arango,R,,COL,25.178,51.0,1149.0,6-3 6-4,3,R16,95.0,3.0,0.0,58.0,40.0,27.0,10.0,10.0,2.0,4.0,2.0,0.0,66.0,43.0,26.0,10,9.0,5.0,9.0
2026-1154,Ostrava,Hard,30,250,,20260201,23,220465.0,,,Katie Volynets,R,,USA,24.088,96.0,783.0,219917.0,,,Alycia Parks,R,185.0,USA,25.087,99.0,770.0,5-7 6-4 6-2,3,QF,146.0,1.0,13.0,85.0,71.0,45.0,6.0,15.0,2.0,7.0,0.0,10.0,104.0,56.0,37.0,19,15.0,6.0,13.0
2026-1154,Ostrava,Hard,30,250,,20260201,24,211107.0,,,Katie Boulter,R,180.0,GBR,29.504,113.0,684.0,222258.0,,Q,Linda Fruhvirtova,R,,CZE,20.756,132.0,548.0,6-3 6-2,3,QF,68.0,0.0,3.0,41.0,23.0,18.0,12.0,8.0,0.0,1.0,3.0,4.0,48.0,29.0,17.0,6,9.0,3.0,8.0
2026-1154,Ostrava,Hard,30,250,,20260201,25,220348.0,,,Diane Parry,R,170.0,FRA,23.42,122.0,615.0,223360.0,,,Nikola Bartunkova,R,,CZE,19.935,126.0,582.0,6-1 6-3,3,QF,66.0,6.0,2.0,44.0,30.0,23.0,10.0,8.0,0.0,0.0,1.0,1.0,45.0,25.0,15.0,9,8.0,4.0,8.0
2026-1154,Ostrava,Hard,30,250,,20260201,26,211337.0,,Q,Tamara Korpatsch,R,170.0,GER,30.728,124.0,590.0,216083.0,,,Caty McNally,R,,USA,24.2,85.0,836.0,6-4 6-2,3,QF,121.0,0.0,2.0,59.0,44.0,26.0,6.0,9.0,3.0,6.0,1.0,1.0,94.0,71.0,36.0,8,9.0,16.0,22.0
2026-1154,Ostrava,Hard,30,250,,20260201,27,211107.0,,,Katie Boulter,R,180.0,GBR,29.504,113.0,684.0,220465.0,,,Katie Volynets,R,,USA,24.088,96.0,783.0,6-1 6-3,3,SF,82.0,3.0,2.0,50.0,33.0,23.0,9.0,8.0,6.0,7.0,3.0,0.0,53.0,39.0,21.0,4,8.0,6.0,11.0
2026-1154,Ostrava,Hard,30,250,,20260201,28,211337.0,,Q,Tamara Korpatsch,R,170.0,GER,30.728,124.0,590.0,220348.0,,,Diane Parry,R,170.0,FRA,23.42,122.0,615.0,6-4 6-4,3,SF,111.0,0.0,1.0,71.0,37.0,21.0,20.0,10.0,6.0,9.0,6.0,1.0,58.0,30.0,19.0,10,10.0,3.0,8.0
2026-1154,Ostrava,Hard,30,250,,20260201,29,211107.0,,,Katie Boulter,R,180.0,GBR,29.504,113.0,684.0,211337.0,,Q,Tamara Korpatsch,R,170.0,GER,30.728,124.0,590.0,5-7 6-2 6-1,3,F,119.0,3.0,2.0,68.0,45.0,34.0,14.0,13.0,0.0,2.0,0.0,5.0,81.0,53.0,32.0,14,14.0,3.0,9.0
2026-2050,Cluj-Napoca,Hard,32,250,,20260201,1,221054.0,1.0,,Emma Raducanu,R,175.0,GBR,23.22,29.0,1607.0,213889.0,,,Greet Minnen,R,,BEL,28.469,123.0,591.0,6-0 6-4,3,R32,70.0,3.0,3.0,39.0,28.0,24.0,8.0,8.0,0.0,0.0,0.0,4.0,53.0,36.0,22.0,5,8.0,3.0,7.0
2026-2050,Cluj-Napoca,Hard,32,250,,20260201,2,215219.0,,,Kaja Juvan,R,170.0,SLO,25.186,100.0,770.0,269266.0,,WC,Elena Ruxandra Bertea,R,,ROU,19.743,303.0,215.0,6-3 6-4,3,R32,106.0,2.0,3.0,72.0,44.0,28.0,17.0,10.0,6.0,7.0,4.0,0.0,76.0,43.0,25.0,17,9.0,5.0,8.0
2026-2050,Cluj-Napoca,Hard,32,250,,20260201,3,216081.0,,Q,Maja Chwalinska,L,,POL,24.31,145.0,503.0,202536.0,,WC,Ana Bogdan,R,171.0,ROU,33.186,517.0,99.0,6-3 6-2,3,R32,91.0,1.0,0.0,53.0,37.0,27.0,9.0,9.0,1.0,2.0,2.0,2.0,42.0,27.0,17.0,3,8.0,1.0,5.0
2026-2050,Cluj-Napoca,Hard,32,250,,20260201,4,215337.0,7.0,,Olga Danilovic,L,,SRB,25.024,69.0,981.0,214480.0,,WC,Miriam Bianca Bulgaru,R,,ROU,27.319,199.0,364.0,6-4 6-3,3,R32,96.0,2.0,3.0,62.0,40.0,27.0,9.0,9.0,8.0,11.0,3.0,0.0,65.0,41.0,17.0,14,10.0,2.0,8.0
2026-2050,Cluj-Napoca,Hard,32,250,,20260201,5,216133.0,4.0,,Xinyu Wang,R,182.0,CHN,24.351,46.0,1197.0,269267.0,,Q,Kaitlin Quevedo,,,USA,19.968,129.0,553.0,6-3 6-0,3,R32,62.0,3.0,4.0,40.0,26.0,23.0,7.0,7.0,0.0,0.0,0.0,0.0,54.0,34.0,15.0,10,8.0,5.0,10.0
2026-2050,Cluj-Napoca,Hard,32,250,,20260201,6,214119.0,,,Rebeka Masarova,R,186.0,ESP,26.492,115.0,659.0,211817.0,,,Elena Gabriela Ruse,R,,ROU,28.239,79.0,872.0,6-1 4-6 6-2,3,R32,125.0,6.0,3.0,91.0,56.0,45.0,14.0,13.0,5.0,6.0,5.0,1.0,74.0,41.0,30.0,14,12.0,5.0,9.0
2026-2050,Cluj-Napoca,Hard,32,250,,20260201,7,220716.0,,,Oleksandra Oliynykova,R,,CRO,25.079,92.0,804.0,210886.0,,,Mayar Sherif,R,180.0,EGY,29.745,109.0,715.0,6-7(6) 6-4 6-4,3,R32,174.0,0.0,3.0,97.0,80.0,57.0,8.0,16.0,4.0,7.0,1.0,0.0,119.0,97.0,58.0,11,16.0,10.0,15.0
2026-2050,Cluj-Napoca,Hard,32,250,,20260201,8,214388.0,8.0,,Anna Bondar,R,,HUN,28.685,74.0,913.0,230870.0,,,Ella Seidel,R,,GER,20.964,82.0,850.0,4-6 7-6(6) 6-0,3,R32,159.0,11.0,4.0,115.0,74.0,51.0,19.0,14.0,5.0,7.0,2.0,3.0,97.0,62.0,38.0,17,14.0,6.0,10.0
2026-2050,Cluj-Napoca,Hard,32,250,,20260201,9,215713.0,5.0,,Anastasia Potapova,R,175.0,RUS,24.844,55.0,1106.0,214459.0,,,Lucia Bronzetti,R,,ITA,27.146,107.0,728.0,5-7 6-4 7-5,3,R32,163.0,2.0,3.0,131.0,74.0,49.0,25.0,17.0,15.0,20.0,8.0,8.0,95.0,49.0,30.0,27,17.0,2.0,8.0
2026-2050,Cluj-Napoca,Hard,32,250,,20260201,10,220435.0,,,Anastasia Zakharova,R,,RUS,24.039,105.0,742.0,201662.0,,WC,Karolina Pliskova,R,184.0,CZE,33.868,1057.0,16.0,4-6 6-2 6-2,3,R32,113.0,6.0,6.0,87.0,57.0,34.0,16.0,13.0,6.0,10.0,8.0,6.0,88.0,54.0,32.0,12,13.0,12.0,19.0
2026-2050,Cluj-Napoca,Hard,32,250,,20260201,11,214461.0,,LL,Tamara Zidansek,R,168.0,SLO,28.102,151.0,477.0,220662.0,,,Veronika Erjavec,R,,SLO,26.092,102.0,765.0,6-1 6-4,3,R32,81.0,0.0,0.0,53.0,34.0,26.0,11.0,9.0,1.0,2.0,0.0,0.0,47.0,29.0,17.0,8,8.0,0.0,4.0
2026-2050,Cluj-Napoca,Hard,32,250,,20260201,12,201514.0,3.0,,Sorana Cirstea,R,176.0,ROU,35.823,41.0,1249.0,215872.0,,,Kamilla Rakhimova,R,,RUS,24.43,93.0,802.0,6-4 6-4,3,R32,100.0,14.0,5.0,69.0,48.0,33.0,9.0,10.0,3.0,6.0,1.0,2.0,67.0,40.0,22.0,11,10.0,6.0,11.0
2026-2050,Cluj-Napoca,Hard,32,250,,20260201,13,206294.0,,,Yue Yuan,R,184.0,CHN,27.354,130.0,552.0,222045.0,6.0,,Antonia Ruzic,R,,CRO,23.034,65.0,1008.0,6-4 5-7 6-2,3,R32,155.0,5.0,6.0,87.0,56.0,32.0,14.0,15.0,2.0,8.0,1.0,3.0,112.0,77.0,46.0,9,15.0,6.0,14.0
2026-2050,Cluj-Napoca,Hard,32,250,,20260201,14,204427.0,,PR,Sara Sorribes Tormo,R,176.0,ESP,29.318,297.0,217.0,202600.0,,,Viktoriya Tomova,R,170.0,BUL,30.936,128.0,557.0,6-2 7-5,3,R32,112.0,2.0,5.0,63.0,41.0,23.0,8.0,10.0,1.0,6.0,4.0,0.0,73.0,49.0,24.0,7,10.0,7.0,15.0
2026-2050,Cluj-Napoca,Hard,32,250,,20260201,15,220750.0,,Q,Daria Snigur,R,,UKR,23.853,136.0,526.0,239456.0,,,Tiantsoa Rakotomanga Rajaonah,L,,FRA,20.132,118.0,640.0,6-3 6-3,3,R32,67.0,1.0,4.0,51.0,48.0,33.0,2.0,9.0,0.0,1.0,0.0,0.0,54.0,36.0,20.0,7,9.0,3.0,7.0
2026-2050,Cluj-Napoca,Hard,32,250,,20260201,16,211713.0,2.0,,Jaqueline Cristian,R,180.0,ROU,27.661,35.0,1427.0,214593.0,,Q,Lucrezia Stefanini,R,,ITA,27.719,139.0,518.0,6-2 2-6 7-5,3,R32,138.0,2.0,5.0,73.0,48.0,35.0,14.0,14.0,1.0,4.0,3.0,1.0,85.0,61.0,37.0,12,14.0,1.0,5.0
2026-2050,Cluj-Napoca,Hard,32,250,,20260201,17,221054.0,1.0,,Emma Raducanu,R,175.0,GBR,23.22,29.0,1607.0,215219.0,,,Kaja Juvan,R,170.0,SLO,25.186,100.0,770.0,7-5 6-1,3,R16,97.0,2.0,3.0,73.0,46.0,23.0,16.0,10.0,6.0,10.0,2.0,1.0,52.0,31.0,12.0,7,9.0,6.0,13.0
2026-2050,Cluj-Napoca,Hard,32,250,,20260201,18,216081.0,,Q,Maja Chwalinska,L,,POL,24.31,145.0,503.0,215337.0,7.0,,Olga Danilovic,L,,SRB,25.024,69.0,981.0,6-1 1-6 6-2,3,R16,113.0,2.0,4.0,72.0,47.0,26.0,14.0,11.0,5.0,9.0,2.0,3.0,67.0,47.0,23.0,10,11.0,4.0,10.0
2026-2050,Cluj-Napoca,Hard,32,250,,20260201,19,216133.0,4.0,,Xinyu Wang,R,182.0,CHN,24.351,46.0,1197.0,214119.0,,,Rebeka Masarova,R,186.0,ESP,26.492,115.0,659.0,6-4 6-2,3,R16,80.0,4.0,4.0,54.0,33.0,28.0,10.0,9.0,0.0,1.0,0.0,4.0,57.0,37.0,20.0,9,9.0,4.0,8.0
2026-2050,Cluj-Napoca,Hard,32,250,,20260201,20,220716.0,,,Oleksandra Oliynykova,R,,CRO,25.079,92.0,804.0,214388.0,8.0,,Anna Bondar,R,,HUN,28.685,74.0,913.0,6-4 6-4,3,R16,88.0,1.0,0.0,59.0,39.0,28.0,13.0,10.0,1.0,2.0,1.0,4.0,57.0,42.0,30.0,5,10.0,1.0,4.0
2026-2050,Cluj-Napoca,Hard,32,250,,20260201,21,215713.0,5.0,,Anastasia Potapova,R,175.0,RUS,24.844,55.0,1106.0,220435.0,,,Anastasia Zakharova,R,,RUS,24.039,105.0,742.0,1-6 6-4 6-3,3,R16,129.0,4.0,1.0,98.0,52.0,37.0,17.0,13.0,7.0,11.0,7.0,1.0,68.0,38.0,23.0,20,13.0,2.0,6.0
2026-2050,Cluj-Napoca,Hard,32,250,,20260201,22,201514.0,3.0,,Sorana Cirstea,R,176.0,ROU,35.823,41.0,1249.0,214461.0,,LL,Tamara Zidansek,R,168.0,SLO,28.102,151.0,477.0,6-1 6-0,3,R16,53.0,1.0,0.0,37.0,20.0,16.0,12.0,7.0,0.0,0.0,1.0,0.0,34.0,23.0,7.0,4,6.0,1.0,6.0
2026-2050,Cluj-Napoca,Hard,32,250,,20260201,23,206294.0,,,Yue Yuan,R,184.0,CHN,27.354,130.0,552.0,204427.0,,PR,Sara Sorribes Tormo,R,176.0,ESP,29.318,297.0,217.0,4-6 6-2 7-6(5),3,R16,204.0,0.0,0.0,107.0,69.0,41.0,15.0,15.0,2.0,9.0,0.0,1.0,104.0,71.0,36.0,16,15.0,9.0,17.0
2026-2050,Cluj-Napoca,Hard,32,250,,20260201,24,220750.0,,Q,Daria Snigur,R,,UKR,23.853,136.0,526.0,211713.0,2.0,,Jaqueline Cristian,R,180.0,ROU,27.661,35.0,1427.0,6-1 6-0,3,R16,55.0,1.0,6.0,37.0,31.0,20.0,4.0,6.0,2.0,3.0,1.0,1.0,42.0,20.0,7.0,5,7.0,4.0,11.0
2026-2050,Cluj-Napoca,Hard,32,250,,20260201,25,221054.0,1.0,,Emma Raducanu,R,175.0,GBR,23.22,29.0,1607.0,216081.0,,Q,Maja Chwalinska,L,,POL,24.31,145.0,503.0,6-0 6-4,3,QF,71.0,0.0,5.0,39.0,24.0,18.0,12.0,8.0,0.0,1.0,1.0,4.0,44.0,31.0,17.0,3,8.0,1.0,6.0
2026-2050,Cluj-Napoca,Hard,32,250,,20260201,26,220716.0,,,Oleksandra Oliynykova,R,,CRO,25.079,92.0,804.0,216133.0,4.0,,Xinyu Wang,R,182.0,CHN,24.351,46.0,1197.0,6-4 6-4,3,QF,121.0,0.0,4.0,94.0,71.0,43.0,12.0,10.0,21.0,23.0,1.0,2.0,67.0,44.0,23.0,13,10.0,5.0,9.0
2026-2050,Cluj-Napoca,Hard,32,250,,20260201,27,201514.0,3.0,,Sorana Cirstea,R,176.0,ROU,35.823,41.0,1249.0,215713.0,5.0,,Anastasia Potapova,R,175.0,RUS,24.844,55.0,1106.0,7-5 6-4,3,QF,121.0,2.0,7.0,71.0,35.0,27.0,20.0,11.0,5.0,7.0,0.0,0.0,109.0,58.0,39.0,19,11.0,17.0,21.0
2026-2050,Cluj-Napoca,Hard,32,250,,20260201,28,220750.0,,Q,Daria Snigur,R,,UKR,23.853,136.0,526.0,206294.0,,,Yue Yuan,R,184.0,CHN,27.354,130.0,552.0,4-6 6-0 7-5,3,QF,136.0,0.0,3.0,105.0,82.0,47.0,11.0,14.0,7.0,11.0,2.0,6.0,93.0,50.0,33.0,13,14.0,5.0,12.0
2026-2050,Cluj-Napoca,Hard,32,250,,20260201,29,221054.0,1.0,,Emma Raducanu,R,175.0,GBR,23.22,29.0,1607.0,220716.0,,,Oleksandra Oliynykova,R,,CRO,25.079,92.0,804.0,7-5 3-6 6-3,3,SF,168.0,0.0,6.0,99.0,73.0,50.0,8.0,15.0,8.0,13.0,5.0,0.0,101.0,73.0,45.0,8,15.0,8.0,14.0
2026-2050,Cluj-Napoca,Hard,32,250,,20260201,30,201514.0,3.0,,Sorana Cirstea,R,176.0,ROU,35.823,41.0,1249.0,220750.0,,Q,Daria Snigur,R,,UKR,23.853,136.0,526.0,6-0 6-3,3,SF,56.0,3.0,1.0,46.0,27.0,21.0,13.0,8.0,2.0,2.0,1.0,0.0,44.0,28.0,14.0,6,7.0,4.0,8.0
2026-2050,Cluj-Napoca,Hard,32,250,,20260201,31,201514.0,3.0,,Sorana Cirstea,R,176.0,ROU,35.823,41.0,1249.0,221054.0,1.0,,Emma Raducanu,R,175.0,GBR,23.22,29.0,1607.0,6-0 6-2,3,F,63.0,6.0,6.0,37.0,19.0,16.0,10.0,7.0,0.0,1.0,2.0,0.0,52.0,36.0,18.0,2,7.0,8.0,14.0
2026-2088,Abu Dhabi,Hard,28,500,,20260201,1,222661.0,,Q,Sonay Kartal,R,,GBR,24.263,66.0,1004.0,213710.0,,,Cristina Bucsa,R,,ESP,28.085,52.0,1134.0,6-3 7-6(8),3,R32,93.0,3.0,7.0,66.0,43.0,29.0,13.0,11.0,2.0,5.0,0.0,0.0,65.0,39.0,27.0,8,10.0,2.0,6.0
2026-2088,Abu Dhabi,Hard,28,500,,20260201,2,239383.0,,Q,Sara Bejlek,L,,CZE,20.003,89.0,821.0,221909.0,,,Ashlyn Krueger,R,185.0,USA,21.739,62.0,1026.0,6-3 6-0,3,R32,67.0,0.0,1.0,51.0,29.0,20.0,15.0,8.0,3.0,3.0,3.0,1.0,43.0,28.0,13.0,5,7.0,2.0,6.0
2026-2088,Abu Dhabi,Hard,28,500,,20260201,3,211533.0,7.0,,Jelena Ostapenko,R,177.0,LAT,28.652,24.0,1741.0,221407.0,,Q,Oksana Selekhmeteva,L,,RUS,23.053,101.0,769.0,5-7 7-6(4) 6-2,3,R32,163.0,3.0,5.0,109.0,58.0,42.0,18.0,16.0,6.0,12.0,8.0,2.0,112.0,80.0,47.0,12,16.0,10.0,17.0
2026-2088,Abu Dhabi,Hard,28,500,,20260201,4,215899.0,,Q,Simona Waltert,R,,SUI,25.137,87.0,824.0,214082.0,,,Daria Kasatkina,R,170.0,RUS,28.74,43.0,1227.0,7-6(5) 3-6 6-4,3,R32,164.0,3.0,9.0,102.0,69.0,41.0,16.0,15.0,7.0,12.0,5.0,0.0,114.0,81.0,47.0,17,16.0,4.0,9.0
2026-2088,Abu Dhabi,Hard,28,500,,20260201,5,220520.0,,,Mccartney Kessler,R,,USA,26.571,37.0,1335.0,201499.0,,,Anastasia Pavlyuchenkova,R,177.0,RUS,34.585,47.0,1185.0,6-3 6-3,3,R32,86.0,5.0,11.0,59.0,28.0,18.0,19.0,9.0,6.0,7.0,6.0,1.0,65.0,31.0,24.0,12,9.0,6.0,10.0
2026-2088,Abu Dhabi,Hard,28,500,,20260201,6,220367.0,6.0,,Leylah Fernandez,L,168.0,CAN,23.406,23.0,1821.0,203564.0,,LL,Chloe Paquet,R,179.0,FRA,31.59,240.0,303.0,6-0 6-3,3,R32,65.0,0.0,6.0,40.0,21.0,17.0,15.0,8.0,0.0,0.0,2.0,2.0,40.0,22.0,14.0,4,7.0,1.0,5.0
2026-2088,Abu Dhabi,Hard,28,500,,20260201,7,214643.0,5.0,,Liudmila Samsonova,R,180.0,RUS,27.226,18.0,2122.0,213550.0,,,Sofia Kenin,R,170.0,USA,27.218,30.0,1567.0,6-4 6-0,3,R32,77.0,4.0,5.0,52.0,29.0,20.0,12.0,8.0,3.0,5.0,6.0,0.0,53.0,33.0,15.0,6,8.0,3.0,9.0
2026-2088,Abu Dhabi,Hard,28,500,,20260201,8,222145.0,,,Janice Tjen,R,,INA,23.743,59.0,1075.0,233741.0,,,Maya Joint,R,,AUS,19.798,31.0,1549.0,7-6(6) 3-6 6-3,3,R32,135.0,8.0,5.0,104.0,62.0,40.0,21.0,15.0,6.0,10.0,9.0,2.0,105.0,72.0,50.0,14,15.0,3.0,7.0
2026-2088,Abu Dhabi,Hard,28,500,,20260201,9,221024.0,,WC,Hailey Baptiste,R,,USA,24.247,70.0,979.0,267020.0,,WC,Teodora Kostovic,,,SRB,18.599,177.0,397.0,4-6 6-3 6-4,3,R32,140.0,3.0,5.0,88.0,58.0,40.0,13.0,15.0,1.0,5.0,2.0,4.0,107.0,67.0,44.0,16,14.0,10.0,15.0
2026-2088,Abu Dhabi,Hard,28,500,,20260201,10,205925.0,,LL,Aliaksandra Sasnovich,R,174.0,BLR,31.866,104.0,755.0,211651.0,8.0,,Paula Badosa,R,180.0,ESP,28.214,26.0,1676.0,6-4 3-6 6-1,3,R32,118.0,2.0,8.0,83.0,50.0,34.0,15.0,13.0,3.0,7.0,1.0,6.0,74.0,47.0,32.0,8,13.0,5.0,11.0
2026-2088,Abu Dhabi,Hard,28,500,,20260201,11,223253.0,,,Alexandra Eala,L,173.0,PHI,20.696,49.0,1159.0,220309.0,,WC,Zeynep Sonmez,R,,TUR,23.76,112.0,694.0,6-4 6-3,3,R32,89.0,2.0,1.0,64.0,42.0,27.0,9.0,10.0,2.0,6.0,4.0,0.0,63.0,42.0,20.0,8,9.0,6.0,12.0
2026-2088,Abu Dhabi,Hard,28,500,,20260201,12,215035.0,,,Dayana Yastremska,R,175.0,UKR,25.717,28.0,1610.0,206242.0,,PR,Beatriz Haddad Maia,L,185.0,BRA,29.676,61.0,1052.0,6-2 7-5,3,R32,100.0,2.0,10.0,63.0,38.0,21.0,18.0,10.0,4.0,6.0,4.0,2.0,63.0,41.0,26.0,7,10.0,3.0,8.0
2026-2088,Abu Dhabi,Hard,28,500,,20260201,13,222661.0,,Q,Sonay Kartal,R,,GBR,24.263,66.0,1004.0,213887.0,,LL,Renata Zarazua,R,,MEX,28.34,80.0,855.0,6-0 6-3,3,R16,57.0,1.0,1.0,39.0,30.0,24.0,8.0,8.0,0.0,0.0,0.0,0.0,40.0,31.0,16.0,2,7.0,3.0,7.0
2026-2088,Abu Dhabi,Hard,28,500,,20260201,14,239383.0,,Q,Sara Bejlek,L,,CZE,20.003,89.0,821.0,211533.0,7.0,,Jelena Ostapenko,R,177.0,LAT,28.652,24.0,1741.0,6-4 6-3,3,R16,86.0,1.0,2.0,63.0,44.0,28.0,13.0,10.0,1.0,3.0,1.0,1.0,56.0,32.0,19.0,9,9.0,5.0,9.0
2026-2088,Abu Dhabi,Hard,28,500,,20260201,15,220704.0,3.0,,Clara Tauson,R,182.0,DEN,23.116,14.0,2530.0,215899.0,,Q,Simona Waltert,R,,SUI,25.137,87.0,824.0,6-3 6-1,3,R16,69.0,3.0,1.0,50.0,36.0,28.0,4.0,8.0,4.0,6.0,0.0,1.0,44.0,32.0,14.0,2,8.0,3.0,9.0
2026-2088,Abu Dhabi,Hard,28,500,,20260201,16,220520.0,,,Mccartney Kessler,R,,USA,26.571,37.0,1335.0,220367.0,6.0,,Leylah Fernandez,L,168.0,CAN,23.406,23.0,1821.0,6-3 6-2,3,R16,80.0,3.0,8.0,52.0,37.0,28.0,7.0,8.0,5.0,6.0,3.0,2.0,62.0,31.0,19.0,12,9.0,5.0,10.0
2026-2088,Abu Dhabi,Hard,28,500,,20260201,17,214643.0,5.0,,Liudmila Samsonova,R,180.0,RUS,27.226,18.0,2122.0,222145.0,,,Janice Tjen,R,,INA,23.743,59.0,1075.0,6-2 6-2,3,R16,72.0,2.0,3.0,45.0,25.0,20.0,15.0,8.0,2.0,2.0,3.0,3.0,48.0,29.0,17.0,7,8.0,1.0,5.0
2026-2088,Abu Dhabi,Hard,28,500,,20260201,18,221024.0,,WC,Hailey Baptiste,R,,USA,24.247,70.0,979.0,215613.0,4.0,,Emma Navarro,R,,USA,24.71,15.0,2515.0,7-6(6) 0-6 6-3,3,R16,126.0,7.0,4.0,92.0,56.0,36.0,16.0,14.0,5.0,9.0,4.0,3.0,81.0,43.0,36.0,16,13.0,3.0,5.0
2026-2088,Abu Dhabi,Hard,28,500,,20260201,19,223253.0,,,Alexandra Eala,L,173.0,PHI,20.696,49.0,1159.0,205925.0,,LL,Aliaksandra Sasnovich,R,174.0,BLR,31.866,104.0,755.0,2-6 6-4 7-6(5),3,R16,171.0,0.0,5.0,113.0,82.0,44.0,16.0,15.0,5.0,11.0,3.0,5.0,119.0,78.0,46.0,22,15.0,12.0,17.0
2026-2088,Abu Dhabi,Hard,28,500,,20260201,20,206420.0,2.0,,Ekaterina Alexandrova,R,175.0,RUS,31.215,11.0,3375.0,215035.0,,,Dayana Yastremska,R,175.0,UKR,25.717,28.0,1610.0,6-3 6-0,3,R16,70.0,3.0,1.0,48.0,23.0,18.0,12.0,7.0,4.0,5.0,4.0,0.0,59.0,42.0,15.0,9,8.0,3.0,9.0
2026-2088,Abu Dhabi,Hard,28,500,,20260201,21,239383.0,,Q,Sara Bejlek,L,,CZE,20.003,89.0,821.0,222661.0,,Q,Sonay Kartal,R,,GBR,24.263,66.0,1004.0,6-0 6-2,3,QF,63.0,0.0,0.0,43.0,23.0,17.0,10.0,7.0,1.0,2.0,4.0,0.0,42.0,30.0,12.0,3,7.0,5.0,11.0
2026-2088,Abu Dhabi,Hard,28,500,,20260201,22,220704.0,3.0,,Clara Tauson,R,182.0,DEN,23.116,14.0,2530.0,220520.0,,,Mccartney Kessler,R,,USA,26.571,37.0,1335.0,6-3 6-4,3,QF,93.0,4.0,1.0,73.0,43.0,30.0,15.0,10.0,4.0,5.0,5.0,1.0,53.0,28.0,12.0,17,9.0,2.0,5.0
2026-2088,Abu Dhabi,Hard,28,500,,20260201,23,221024.0,,WC,Hailey Baptiste,R,,USA,24.247,70.0,979.0,214643.0,5.0,,Liudmila Samsonova,R,180.0,RUS,27.226,18.0,2122.0,6-2 4-6 6-4,3,QF,137.0,4.0,3.0,88.0,43.0,24.0,28.0,14.0,5.0,10.0,4.0,0.0,83.0,47.0,24.0,17,14.0,3.0,10.0
2026-2088,Abu Dhabi,Hard,28,500,,20260201,24,206420.0,2.0,,Ekaterina Alexandrova,R,175.0,RUS,31.215,11.0,3375.0,223253.0,,,Alexandra Eala,L,173.0,PHI,20.696,49.0,1159.0,6-3 6-3,3,QF,90.0,4.0,1.0,70.0,40.0,28.0,13.0,9.0,6.0,8.0,3.0,0.0,63.0,44.0,20.0,10,9.0,4.0,9.0
2026-2088,Abu Dhabi,Hard,28,500,,20260201,25,239383.0,,Q,Sara Bejlek,L,,CZE,20.003,89.0,821.0,220704.0,3.0,,Clara Tauson,R,182.0,DEN,23.116,14.0,2530.0,7-5 3-6 7-5,3,SF,169.0,0.0,4.0,110.0,79.0,48.0,18.0,17.0,10.0,16.0,1.0,0.0,108.0,72.0,43.0,16,16.0,8.0,14.0
2026-2088,Abu Dhabi,Hard,28,500,,20260201,26,206420.0,2.0,,Ekaterina Alexandrova,R,175.0,RUS,31.215,11.0,3375.0,221024.0,,WC,Hailey Baptiste,R,,USA,24.247,70.0,979.0,3-6 7-6(5) 6-3,3,SF,149.0,5.0,5.0,112.0,70.0,49.0,21.0,16.0,6.0,10.0,6.0,3.0,110.0,73.0,49.0,18,14.0,7.0,10.0
2026-2088,Abu Dhabi,Hard,28,500,,20260201,27,239383.0,,Q,Sara Bejlek,L,,CZE,20.003,89.0,821.0,206420.0,2.0,,Ekaterina Alexandrova,R,175.0,RUS,31.215,11.0,3375.0,7-6(5) 6-1,3,F,99.0,4.0,3.0,58.0,41.0,29.0,9.0,9.0,1.0,2.0,2.0,0.0,74.0,44.0,24.0,14,10.0,3.0,7.0
2026-1003,Doha,Hard,56,1000,,20260208,1,216133.0,,,Xinyu Wang,R,182.0,CHN,24.37,33.0,1356.0,215306.0,,,Emiliana Arango,R,,COL,25.197,46.0,1142.0,6-1 7-5,3,R64,80.0,1.0,6.0,62.0,38.0,26.0,9.0,9.0,3.0,6.0,0.0,3.0,62.0,41.0,18.0,7,10.0,5.0,12.0
2026-1003,Doha,Hard,56,1000,,20260208,2,221012.0,,,Qinwen Zheng,R,,CHN,23.338,26.0,1658.0,213550.0,,,Sofia Kenin,R,170.0,USA,27.237,28.0,1567.0,4-6 6-1 6-2,3,R64,119.0,20.0,4.0,76.0,47.0,40.0,13.0,13.0,4.0,5.0,3.0,1.0,75.0,43.0,26.0,17,12.0,2.0,6.0
2026-1003,Doha,Hard,56,1000,,20260208,3,219917.0,,Q,Alycia Parks,R,185.0,USA,25.107,85.0,830.0,223670.0,15.0,,Diana Shnaider,L,,RUS,21.854,21.0,1953.0,1-6 6-4 7-6(5),3,R64,152.0,11.0,0.0,109.0,61.0,45.0,21.0,14.0,7.0,10.0,4.0,0.0,117.0,81.0,58.0,17,15.0,13.0,15.0
2026-1003,Doha,Hard,56,1000,,20260208,4,239475.0,10.0,,Victoria Mboko,R,,CAN,19.456,13.0,2606.0,213631.0,,,Marie Bouzkova,R,180.0,CZE,27.554,37.0,1285.0,7-5 6-2,3,R64,101.0,0.0,5.0,66.0,45.0,29.0,9.0,10.0,4.0,7.0,6.0,1.0,69.0,43.0,27.0,6,10.0,5.0,11.0
2026-1003,Doha,Hard,56,1000,,20260208,5,201329.0,,Q,Vera Zvonareva,R,172.0,RUS,41.422,584.0,82.0,220548.0,,WC,Peyton Stearns,R,,USA,24.337,50.0,1107.0,2-6 6-2 6-3,3,R64,130.0,2.0,2.0,76.0,49.0,37.0,12.0,12.0,2.0,4.0,3.0,7.0,100.0,61.0,40.0,16,13.0,5.0,9.0
2026-1003,Doha,Hard,56,1000,,20260208,6,202663.0,,,Magda Linette,R,171.0,POL,33.991,39.0,1277.0,222661.0,,Q,Sonay Kartal,R,,GBR,24.282,61.0,1004.0,6-4 3-6 6-3,3,R64,129.0,10.0,0.0,94.0,64.0,45.0,12.0,14.0,2.0,5.0,1.0,3.0,75.0,50.0,31.0,17,14.0,1.0,5.0
2026-1003,Doha,Hard,56,1000,,20260208,7,220714.0,,LL,Elisabetta Cocciaretto,R,,ITA,25.038,51.0,1099.0,221039.0,,WC,Elsa Jacquemot,R,,FRA,22.771,53.0,1091.0,7-6(4) 6-2,3,R64,104.0,1.0,4.0,66.0,44.0,32.0,10.0,10.0,3.0,5.0,1.0,5.0,63.0,40.0,22.0,10,10.0,3.0,7.0
2026-1003,Doha,Hard,56,1000,,20260208,8,215983.0,,,Ann Li,R,170.0,USA,25.621,41.0,1243.0,220367.0,,,Leylah Fernandez,L,168.0,CAN,23.426,25.0,1701.0,6-4 6-3,3,R64,84.0,1.0,2.0,58.0,29.0,23.0,17.0,9.0,1.0,1.0,1.0,4.0,65.0,41.0,27.0,11,10.0,3.0,6.0
2026-1003,Doha,Hard,56,1000,,20260208,9,211684.0,,LL,Magdalena Frech,R,171.0,POL,28.151,60.0,1033.0,214643.0,13.0,,Liudmila Samsonova,R,180.0,RUS,27.245,18.0,2062.0,6-3 4-6 7-6(7),3,R64,176.0,6.0,4.0,111.0,75.0,48.0,20.0,16.0,5.0,9.0,1.0,1.0,96.0,48.0,33.0,26,15.0,1.0,5.0
2026-1003,Doha,Hard,56,1000,,20260208,10,211701.0,,,Katerina Siniakova,R,174.0,CZE,29.75,40.0,1275.0,220704.0,11.0,,Clara Tauson,R,182.0,DEN,23.135,16.0,2345.0,6-4 6-1,3,R64,76.0,1.0,2.0,57.0,36.0,25.0,8.0,8.0,3.0,5.0,4.0,3.0,47.0,29.0,15.0,3,9.0,3.0,9.0
2026-1003,Doha,Hard,56,1000,,20260208,11,215785.0,,Q,Camila Osorio,R,162.0,COL,24.132,80.0,851.0,221054.0,,,Emma Raducanu,R,175.0,GBR,23.239,30.0,1547.0,2-6 6-4 2-0 RET,3,R64,99.0,5.0,3.0,67.0,48.0,28.0,11.0,10.0,5.0,8.0,6.0,0.0,68.0,45.0,26.0,13,10.0,11.0,14.0
2026-1003,Doha,Hard,56,1000,,20260208,12,211533.0,,,Jelena Ostapenko,R,177.0,LAT,28.671,24.0,1801.0,220435.0,,Q,Anastasia Zakharova,R,,RUS,24.058,107.0,719.0,6-7(5) 6-3 6-4,3,R64,158.0,9.0,6.0,94.0,60.0,42.0,15.0,16.0,3.0,9.0,7.0,3.0,101.0,56.0,37.0,16,15.0,7.0,15.0
2026-1003,Doha,Hard,56,1000,,20260208,13,215035.0,,,Dayana Yastremska,R,175.0,UKR,25.736,43.0,1175.0,213710.0,,,Cristina Bucsa,R,,ESP,28.105,57.0,1069.0,6-4 4-6 7-6(5),3,R64,152.0,5.0,3.0,101.0,52.0,25.0,26.0,16.0,8.0,17.0,5.0,1.0,107.0,74.0,36.0,14,16.0,3.0,12.0
2026-1003,Doha,Hard,56,1000,,20260208,14,214939.0,,,Anna Kalinskaya,R,175.0,RUS,27.187,27.0,1575.0,222601.0,,,Jessica Bouzas Maneiro,R,,ESP,23.376,42.0,1202.0,6-2 6-1,3,R64,67.0,0.0,5.0,49.0,25.0,17.0,16.0,7.0,2.0,2.0,4.0,2.0,49.0,29.0,16.0,6,8.0,1.0,6.0
2026-1003,Doha,Hard,56,1000,,20260208,15,215613.0,12.0,,Emma Navarro,R,170.0,USA,24.729,17.0,2095.0,213583.0,,,Tatjana Maria,R,172.0,GER,38.506,54.0,1089.0,7-5 6-1,3,R64,89.0,2.0,1.0,68.0,34.0,26.0,18.0,10.0,2.0,3.0,4.0,2.0,56.0,35.0,23.0,8,9.0,5.0,9.0
2026-1003,Doha,Hard,56,1000,,20260208,16,214096.0,14.0,,Karolina Muchova,R,178.0,CZE,29.468,19.0,2058.0,211713.0,,,Jaqueline Cristian,R,180.0,ROU,27.68,35.0,1307.0,6-2 6-3,3,R64,91.0,1.0,4.0,61.0,44.0,30.0,9.0,8.0,8.0,9.0,0.0,4.0,55.0,37.0,22.0,6,8.0,8.0,11.0
2026-1003,Doha,Hard,56,1000,,20260208,17,238184.0,,Q,Tereza Valentova,,,CZE,18.968,44.0,1175.0,223253.0,,,Alexandra Eala,L,173.0,PHI,20.715,45.0,1163.0,7-6(6) 6-1,3,R64,92.0,4.0,3.0,65.0,44.0,33.0,8.0,10.0,3.0,5.0,3.0,0.0,59.0,38.0,21.0,9,9.0,3.0,7.0
2026-1003,Doha,Hard,56,1000,,20260208,18,201662.0,,,Karolina Pliskova,R,184.0,CZE,33.887,416.0,146.0,221333.0,,LL,Solana Sierra,R,,ARG,21.646,63.0,987.0,6-1 6-2,3,R64,60.0,5.0,2.0,39.0,26.0,20.0,9.0,7.0,0.0,0.0,2.0,1.0,52.0,26.0,13.0,11,8.0,6.0,11.0
2026-1003,Doha,Hard,56,1000,,20260208,19,206289.0,,,Maria Sakkari,R,172.0,GRE,30.544,49.0,1110.0,220309.0,,WC,Zeynep Sonmez,R,,TUR,23.779,79.0,854.0,6-1 6-3,3,R64,81.0,1.0,2.0,55.0,38.0,24.0,11.0,8.0,4.0,5.0,1.0,0.0,57.0,35.0,18.0,7,8.0,6.0,11.0
2026-1003,Doha,Hard,56,1000,,20260208,20,219875.0,,Q,Varvara Gracheva,R,,FRA,25.52,73.0,887.0,201696.0,,,Laura Siegemund,R,168.0,GER,37.934,48.0,1111.0,7-6(3) 6-4,3,R64,138.0,1.0,5.0,87.0,57.0,40.0,15.0,11.0,6.0,8.0,2.0,1.0,78.0,61.0,39.0,8,11.0,4.0,7.0
2026-1003,Doha,Hard,56,1000,,20260208,21,222328.0,9.0,,Linda Noskova,R,,CZE,21.227,12.0,2761.0,233741.0,,,Maya Joint,R,,AUS,19.817,29.0,1549.0,6-4 6-0,3,R64,65.0,1.0,0.0,56.0,30.0,20.0,16.0,8.0,3.0,3.0,5.0,0.0,42.0,23.0,12.0,9,8.0,2.0,6.0
2026-1003,Doha,Hard,56,1000,,20260208,22,210722.0,16.0,,Elise Mertens,R,179.0,BEL,30.229,22.0,1936.0,201499.0,,,Anastasia Pavlyuchenkova,R,177.0,RUS,34.604,100.0,765.0,6-2 6-1,3,R64,68.0,4.0,5.0,42.0,30.0,27.0,4.0,7.0,1.0,1.0,1.0,1.0,56.0,29.0,17.0,9,8.0,5.0,10.0
2026-1003,Doha,Hard,56,1000,,20260208,23,214082.0,,,Daria Kasatkina,R,170.0,RUS,28.759,62.0,997.0,220416.0,,Q,Moyuka Uchijima,R,171.0,JPN,24.496,87.0,822.0,4-6 6-3 6-0,3,R64,123.0,3.0,2.0,84.0,55.0,32.0,15.0,11.0,8.0,12.0,5.0,4.0,72.0,53.0,28.0,6,11.0,3.0,9.0
2026-1003,Doha,Hard,56,1000,,20260208,24,222145.0,,WC,Janice Tjen,R,,INA,23.762,47.0,1139.0,206242.0,,LL,Beatriz Haddad Maia,L,185.0,BRA,29.695,68.0,932.0,6-0 6-1,3,R64,69.0,3.0,2.0,46.0,27.0,20.0,11.0,7.0,1.0,1.0,1.0,2.0,42.0,30.0,15.0,2,6.0,5.0,10.0
2026-1003,Doha,Hard,56,1000,,20260208,25,214981.0,2.0,,Elena Rybakina,R,184.0,KAZ,26.648,3.0,7610.0,216133.0,,,Xinyu Wang,R,182.0,CHN,24.37,33.0,1356.0,6-2 6-4,3,R32,80.0,2.0,1.0,54.0,34.0,27.0,10.0,9.0,2.0,3.0,1.0,1.0,74.0,46.0,30.0,9,9.0,5.0,9.0
2026-1003,Doha,Hard,56,1000,,20260208,26,221012.0,,,Qinwen Zheng,R,,CHN,23.338,26.0,1658.0,219917.0,,Q,Alycia Parks,R,185.0,USA,25.107,85.0,830.0,7-6(4) 3-6 6-2,3,R32,168.0,5.0,8.0,123.0,74.0,50.0,26.0,15.0,13.0,16.0,6.0,11.0,99.0,64.0,46.0,15,14.0,3.0,6.0
2026-1003,Doha,Hard,56,1000,,20260208,27,239475.0,10.0,,Victoria Mboko,R,,CAN,19.456,13.0,2606.0,201329.0,,Q,Vera Zvonareva,R,172.0,RUS,41.422,584.0,82.0,6-4 6-4,3,R32,97.0,6.0,4.0,64.0,42.0,30.0,10.0,10.0,7.0,9.0,6.0,1.0,76.0,49.0,31.0,8,10.0,7.0,11.0
2026-1003,Doha,Hard,56,1000,,20260208,28,259799.0,5.0,,Mirra Andreeva,R,,RUS,18.782,7.0,4731.0,202663.0,,,Magda Linette,R,171.0,POL,33.991,39.0,1277.0,7-6(0) 6-1,3,R32,103.0,3.0,0.0,73.0,56.0,43.0,5.0,9.0,9.0,10.0,1.0,2.0,64.0,35.0,21.0,11,9.0,5.0,8.0
2026-1003,Doha,Hard,56,1000,,20260208,29,220714.0,,LL,Elisabetta Cocciaretto,R,,ITA,25.038,51.0,1099.0,221103.0,4.0,,Coco Gauff,R,175.0,USA,21.909,5.0,6423.0,6-4 6-2,3,R32,91.0,0.0,3.0,72.0,44.0,31.0,14.0,9.0,4.0,5.0,2.0,2.0,59.0,39.0,26.0,5,9.0,8.0,12.0
2026-1003,Doha,Hard,56,1000,,20260208,30,215983.0,,,Ann Li,R,170.0,USA,25.621,41.0,1243.0,211684.0,,LL,Magdalena Frech,R,171.0,POL,28.151,60.0,1033.0,6-3 6-4,3,R32,82.0,4.0,1.0,64.0,43.0,26.0,9.0,10.0,3.0,7.0,3.0,1.0,55.0,27.0,18.0,8,9.0,2.0,8.0
2026-1003,Doha,Hard,56,1000,,20260208,31,215785.0,,Q,Camila Osorio,R,162.0,COL,24.132,80.0,851.0,211701.0,,,Katerina Siniakova,R,174.0,CZE,29.75,40.0,1275.0,6-2 5-7 6-3,3,R32,129.0,0.0,5.0,95.0,67.0,44.0,13.0,15.0,7.0,11.0,6.0,1.0,90.0,66.0,36.0,10,14.0,2.0,8.0
2026-1003,Doha,Hard,56,1000,,20260208,32,211533.0,,,Jelena Ostapenko,R,177.0,LAT,28.671,24.0,1801.0,206420.0,8.0,,Ekaterina Alexandrova,R,175.0,RUS,31.234,11.0,2983.0,6-4 6-2,3,R32,81.0,4.0,1.0,70.0,41.0,31.0,12.0,9.0,5.0,6.0,3.0,5.0,52.0,33.0,21.0,7,9.0,2.0,6.0
2026-1003,Doha,Hard,56,1000,,20260208,33,202494.0,7.0,,Elina Svitolina,R,174.0,UKR,31.409,10.0,3205.0,215035.0,,,Dayana Yastremska,R,175.0,UKR,25.736,43.0,1175.0,6-1 6-4,3,R32,68.0,5.0,6.0,44.0,28.0,19.0,10.0,8.0,1.0,3.0,2.0,2.0,61.0,36.0,19.0,7,9.0,4.0,10.0
2026-1003,Doha,Hard,56,1000,,20260208,34,214939.0,,,Anna Kalinskaya,R,175.0,RUS,27.187,27.0,1575.0,215613.0,12.0,,Emma Navarro,R,170.0,USA,24.729,17.0,2095.0,7-5 2-6 6-2,3,R32,125.0,3.0,4.0,85.0,55.0,40.0,13.0,14.0,6.0,10.0,7.0,3.0,87.0,59.0,35.0,16,14.0,4.0,9.0
2026-1003,Doha,Hard,56,1000,,20260208,35,214096.0,14.0,,Karolina Muchova,R,178.0,CZE,29.468,19.0,2058.0,238184.0,,Q,Tereza Valentova,,,CZE,18.968,44.0,1175.0,6-1 6-4,3,R32,82.0,1.0,4.0,40.0,23.0,18.0,12.0,8.0,1.0,2.0,0.0,2.0,64.0,41.0,26.0,6,9.0,7.0,12.0
2026-1003,Doha,Hard,56,1000,,20260208,36,201662.0,,,Karolina Pliskova,R,184.0,CZE,33.887,416.0,146.0,216153.0,3.0,,Amanda Anisimova,R,180.0,USA,24.441,4.0,6680.0,5-7 7-6(3) 4-1 RET,3,R32,142.0,7.0,1.0,114.0,75.0,51.0,17.0,15.0,6.0,10.0,3.0,4.0,89.0,58.0,38.0,15,14.0,3.0,7.0
2026-1003,Doha,Hard,56,1000,,20260208,37,206289.0,,,Maria Sakkari,R,172.0,GRE,30.544,49.0,1110.0,211148.0,6.0,,Jasmine Paolini,R,160.0,ITA,30.098,8.0,4267.0,6-4 6-2,3,R32,83.0,3.0,2.0,57.0,36.0,27.0,12.0,9.0,4.0,5.0,0.0,0.0,53.0,30.0,15.0,13,9.0,2.0,6.0
2026-1003,Doha,Hard,56,1000,,20260208,38,219875.0,,Q,Varvara Gracheva,R,,FRA,25.52,73.0,887.0,222328.0,9.0,,Linda Noskova,R,,CZE,21.227,12.0,2761.0,6-2 2-6 7-5,3,R32,120.0,4.0,6.0,85.0,57.0,40.0,12.0,14.0,5.0,9.0,8.0,11.0,92.0,59.0,41.0,12,14.0,4.0,9.0
2026-1003,Doha,Hard,56,1000,,20260208,39,214082.0,,,Daria Kasatkina,R,170.0,RUS,28.759,62.0,997.0,210722.0,16.0,,Elise Mertens,R,179.0,BEL,30.229,22.0,1936.0,6-4 6-0,3,R32,97.0,0.0,4.0,64.0,43.0,28.0,9.0,8.0,3.0,5.0,6.0,2.0,62.0,34.0,16.0,11,8.0,3.0,9.0
2026-1003,Doha,Hard,56,1000,,20260208,40,216347.0,1.0,,Iga Swiatek,R,176.0,POL,24.693,2.0,7978.0,222145.0,,WC,Janice Tjen,R,,INA,23.762,47.0,1139.0,6-0 6-3,3,R32,69.0,4.0,1.0,40.0,23.0,17.0,13.0,8.0,3.0,4.0,2.0,1.0,47.0,24.0,12.0,8,7.0,4.0,9.0
2026-1003,Doha,Hard,56,1000,,20260208,41,214981.0,2.0,,Elena Rybakina,R,184.0,KAZ,26.648,3.0,7610.0,221012.0,,,Qinwen Zheng,R,,CHN,23.338,26.0,1658.0,4-6 6-2 7-5,3,R16,147.0,6.0,6.0,104.0,69.0,50.0,16.0,15.0,3.0,5.0,1.0,9.0,96.0,57.0,40.0,19,15.0,6.0,10.0
2026-1003,Doha,Hard,56,1000,,20260208,42,239475.0,10.0,,Victoria Mboko,R,,CAN,19.456,13.0,2606.0,259799.0,5.0,,Mirra Andreeva,R,,RUS,18.782,7.0,4731.0,6-3 3-6 7-6(5),3,R16,130.0,5.0,4.0,86.0,58.0,41.0,9.0,15.0,3.0,9.0,7.0,2.0,104.0,71.0,43.0,15,15.0,10.0,16.0
2026-1003,Doha,Hard,56,1000,,20260208,43,220714.0,,LL,Elisabetta Cocciaretto,R,,ITA,25.038,51.0,1099.0,215983.0,,,Ann Li,R,170.0,USA,25.621,41.0,1243.0,7-6(5) 5-7 6-4,3,R16,175.0,1.0,2.0,117.0,73.0,49.0,22.0,17.0,6.0,11.0,6.0,8.0,106.0,60.0,45.0,19,17.0,6.0,11.0
2026-1003,Doha,Hard,56,1000,,20260208,44,211533.0,,,Jelena Ostapenko,R,177.0,LAT,28.671,24.0,1801.0,215785.0,,Q,Camila Osorio,R,162.0,COL,24.132,80.0,851.0,6-3 6-1,3,R16,68.0,4.0,4.0,46.0,27.0,19.0,10.0,8.0,0.0,2.0,3.0,1.0,49.0,29.0,15.0,6,8.0,2.0,8.0
2026-1003,Doha,Hard,56,1000,,20260208,45,214939.0,,,Anna Kalinskaya,R,175.0,RUS,27.187,27.0,1575.0,202494.0,7.0,,Elina Svitolina,R,174.0,UKR,31.409,10.0,3205.0,6-4 6-3,3,R16,78.0,1.0,2.0,53.0,37.0,25.0,9.0,9.0,1.0,2.0,3.0,5.0,60.0,37.0,25.0,8,10.0,1.0,5.0
2026-1003,Doha,Hard,56,1000,,20260208,46,214096.0,14.0,,Karolina Muchova,R,178.0,CZE,29.468,19.0,2058.0,201662.0,,,Karolina Pliskova,R,184.0,CZE,33.887,416.0,146.0,5-2 RET,3,R16,38.0,1.0,3.0,19.0,13.0,10.0,4.0,3.0,1.0,1.0,1.0,0.0,26.0,17.0,9.0,3,4.0,0.0,2.0
2026-1003,Doha,Hard,56,1000,,20260208,47,206289.0,,,Maria Sakkari,R,172.0,GRE,30.544,49.0,1110.0,219875.0,,Q,Varvara Gracheva,R,,FRA,25.52,73.0,887.0,7-6(3) 6-0,3,R16,90.0,6.0,3.0,70.0,52.0,33.0,9.0,9.0,4.0,6.0,0.0,1.0,53.0,32.0,17.0,7,9.0,1.0,6.0
2026-1003,Doha,Hard,56,1000,,20260208,48,216347.0,1.0,,Iga Swiatek,R,176.0,POL,24.693,2.0,7978.0,214082.0,,,Daria Kasatkina,R,170.0,RUS,28.759,62.0,997.0,5-7 6-1 6-1,3,R16,137.0,7.0,4.0,92.0,59.0,38.0,15.0,13.0,8.0,12.0,4.0,1.0,90.0,61.0,34.0,7,13.0,10.0,18.0
2026-1003,Doha,Hard,56,1000,,20260208,49,239475.0,10.0,,Victoria Mboko,R,,CAN,19.456,13.0,2606.0,214981.0,2.0,,Elena Rybakina,R,184.0,KAZ,26.648,3.0,7610.0,7-5 4-6 6-4,3,QF,143.0,6.0,1.0,108.0,76.0,50.0,13.0,16.0,4.0,9.0,2.0,11.0,106.0,66.0,43.0,17,16.0,6.0,12.0
2026-1003,Doha,Hard,56,1000,,20260208,50,211533.0,,,Jelena Ostapenko,R,177.0,LAT,28.671,24.0,1801.0,220714.0,,LL,Elisabetta Cocciaretto,R,,ITA,25.038,51.0,1099.0,7-5 6-4,3,QF,100.0,2.0,5.0,72.0,45.0,27.0,14.0,11.0,6.0,10.0,2.0,1.0,63.0,43.0,24.0,6,11.0,0.0,6.0
2026-1003,Doha,Hard,56,1000,,20260208,51,214096.0,14.0,,Karolina Muchova,R,178.0,CZE,29.468,19.0,2058.0,214939.0,,,Anna Kalinskaya,R,175.0,RUS,27.187,27.0,1575.0,6-3 6-4,3,QF,88.0,1.0,1.0,55.0,34.0,26.0,12.0,10.0,3.0,5.0,0.0,2.0,59.0,38.0,20.0,12,9.0,1.0,5.0
2026-1003,Doha,Hard,56,1000,,20260208,52,206289.0,,,Maria Sakkari,R,172.0,GRE,30.544,49.0,1110.0,216347.0,1.0,,Iga Swiatek,R,176.0,POL,24.693,2.0,7978.0,2-6 6-4 7-5,3,QF,149.0,0.0,1.0,102.0,78.0,50.0,8.0,15.0,6.0,11.0,2.0,5.0,83.0,52.0,35.0,14,15.0,6.0,11.0
2026-1003,Doha,Hard,56,1000,,20260208,53,239475.0,10.0,,Victoria Mboko,R,,CAN,19.456,13.0,2606.0,211533.0,,,Jelena Ostapenko,R,177.0,LAT,28.671,24.0,1801.0,6-3 6-2,3,SF,74.0,6.0,1.0,56.0,36.0,24.0,9.0,9.0,2.0,4.0,4.0,0.0,55.0,37.0,18.0,7,8.0,4.0,9.0
2026-1003,Doha,Hard,56,1000,,20260208,54,214096.0,14.0,,Karolina Muchova,R,178.0,CZE,29.468,19.0,2058.0,206289.0,,,Maria Sakkari,R,172.0,GRE,30.544,49.0,1110.0,3-6 6-4 6-1,3,SF,133.0,4.0,3.0,72.0,46.0,30.0,13.0,13.0,6.0,10.0,1.0,0.0,90.0,57.0,31.0,17,13.0,11.0,17.0
2026-1003,Doha,Hard,56,1000,,20260208,55,214096.0,14.0,,Karolina Muchova,R,178.0,CZE,29.468,19.0,2058.0,239475.0,10.0,,Victoria Mboko,R,,CAN,19.456,13.0,2606.0,6-4 7-5,3,F,94.0,2.0,1.0,59.0,39.0,31.0,11.0,11.0,0.0,1.0,2.0,4.0,75.0,49.0,28.0,16,11.0,5.0,8.0
2026-718,Dubai,Hard,56,1000,,20260215,1,206252.0,,,Barbora Krejcikova,R,178.0,CZE,30.164,53.0,1091.0,201499.0,,,Anastasia Pavlyuchenkova,R,177.0,RUS,34.624,110.0,706.0,6-4 6-4,3,R64,94.0,8.0,6.0,62.0,43.0,37.0,8.0,10.0,4.0,4.0,3.0,4.0,69.0,33.0,25.0,15,10.0,6.0,8.0
2026-718,Dubai,Hard,56,1000,,20260215,2,222145.0,,WC,Janice Tjen,R,,INA,23.781,46.0,1185.0,215035.0,,,Dayana Yastremska,R,175.0,UKR,25.755,42.0,1225.0,6-4 6-1,3,R64,78.0,3.0,7.0,49.0,27.0,21.0,15.0,8.0,1.0,1.0,3.0,0.0,64.0,31.0,23.0,9,9.0,5.0,9.0
2026-718,Dubai,Hard,56,1000,,20260215,3,220367.0,,,Leylah Fernandez,L,168.0,CAN,23.445,27.0,1653.0,214643.0,13.0,,Liudmila Samsonova,R,180.0,RUS,27.264,17.0,2116.0,5-7 7-5 6-3,3,R64,172.0,7.0,5.0,120.0,70.0,50.0,25.0,17.0,10.0,13.0,3.0,4.0,97.0,61.0,42.0,19,16.0,5.0,9.0
2026-718,Dubai,Hard,56,1000,,20260215,4,211713.0,,,Jaqueline Cristian,R,180.0,ROU,27.699,36.0,1307.0,238075.0,,LL,Petra Marcinko,,,CRO,20.2,69.0,912.0,6-1 6-1,3,R64,64.0,3.0,7.0,41.0,29.0,21.0,7.0,7.0,1.0,2.0,3.0,1.0,57.0,36.0,20.0,4,7.0,6.0,12.0
2026-718,Dubai,Hard,56,1000,,20260215,5,230870.0,,Q,Ella Seidel,R,,GER,21.002,100.0,777.0,213710.0,,,Cristina Bucsa,R,,ESP,28.124,56.0,1069.0,6-1 6-4,3,R64,65.0,6.0,0.0,56.0,33.0,23.0,10.0,9.0,1.0,3.0,5.0,0.0,47.0,28.0,15.0,7,8.0,2.0,7.0
2026-718,Dubai,Hard,56,1000,,20260215,6,214082.0,,,Daria Kasatkina,R,170.0,RUS,28.778,61.0,997.0,201696.0,,,Laura Siegemund,R,168.0,GER,37.953,51.0,1111.0,6-2 6-3,3,R64,88.0,2.0,2.0,63.0,39.0,24.0,11.0,9.0,4.0,7.0,7.0,1.0,45.0,32.0,15.0,3,8.0,2.0,8.0
2026-718,Dubai,Hard,56,1000,,20260215,7,219875.0,,Q,Varvara Gracheva,R,,FRA,25.539,73.0,887.0,211685.0,,Q,Rebecca Sramkova,R,,SVK,29.326,82.0,848.0,7-5 1-6 6-4,3,R64,144.0,3.0,1.0,106.0,70.0,40.0,16.0,15.0,9.0,15.0,5.0,5.0,99.0,64.0,35.0,19,14.0,8.0,13.0
2026-718,Dubai,Hard,56,1000,,20260215,8,223670.0,,,Diana Shnaider,L,,RUS,21.873,21.0,1953.0,233741.0,,,Maya Joint,R,,AUS,19.836,30.0,1549.0,6-4 6-1,3,R64,69.0,1.0,0.0,51.0,31.0,23.0,7.0,8.0,0.0,2.0,5.0,0.0,55.0,35.0,17.0,8,9.0,0.0,6.0
2026-718,Dubai,Hard,56,1000,,20260215,9,260300.0,16.0,,Iva Jovic,R,,USA,18.196,20.0,2031.0,215872.0,,LL,Kamilla Rakhimova,R,,RUS,24.469,92.0,802.0,6-1 1-6 6-1,3,R64,110.0,5.0,8.0,66.0,40.0,28.0,14.0,11.0,7.0,10.0,2.0,3.0,77.0,43.0,27.0,12,10.0,6.0,11.0
2026-718,Dubai,Hard,56,1000,,20260215,10,220704.0,12.0,,Clara Tauson,R,182.0,DEN,23.154,14.0,2530.0,213550.0,,,Sofia Kenin,R,170.0,USA,27.256,29.0,1567.0,7-6(4) 6-2,3,R64,86.0,20.0,5.0,62.0,40.0,36.0,6.0,10.0,1.0,2.0,5.0,0.0,65.0,41.0,25.0,12,10.0,1.0,4.0
2026-718,Dubai,Hard,56,1000,,20260215,11,220548.0,,LL,Peyton Stearns,R,,USA,24.356,55.0,1078.0,211684.0,,LL,Magdalena Frech,R,171.0,POL,28.17,59.0,1033.0,6-4 6-2,3,R64,87.0,4.0,1.0,64.0,37.0,28.0,17.0,9.0,3.0,3.0,3.0,1.0,53.0,32.0,23.0,6,9.0,3.0,6.0
2026-718,Dubai,Hard,56,1000,,20260215,12,202663.0,,,Magda Linette,R,171.0,POL,34.01,47.0,1179.0,215138.0,,WC,Lulu Sun,L,,NZL,24.841,99.0,780.0,4-6 6-4 6-1,3,R64,116.0,10.0,5.0,75.0,38.0,30.0,22.0,14.0,0.0,2.0,4.0,5.0,88.0,53.0,38.0,13,13.0,5.0,9.0
2026-718,Dubai,Hard,56,1000,,20260215,13,223253.0,,,Alexandra Eala,L,173.0,PHI,20.734,40.0,1244.0,221024.0,,LL,Hailey Baptiste,R,,USA,24.285,39.0,1264.0,6-4 0-1 RET,3,R64,57.0,1.0,3.0,30.0,21.0,15.0,4.0,5.0,1.0,2.0,1.0,2.0,50.0,26.0,17.0,11,6.0,5.0,7.0
2026-718,Dubai,Hard,56,1000,,20260215,14,201514.0,,,Sorana Cirstea,R,176.0,ROU,35.861,31.0,1499.0,205925.0,,Q,Aliaksandra Sasnovich,R,174.0,BLR,31.905,114.0,673.0,6-3 7-6(6),3,R64,107.0,5.0,2.0,83.0,47.0,32.0,19.0,11.0,4.0,7.0,3.0,0.0,68.0,37.0,22.0,13,10.0,1.0,5.0
2026-718,Dubai,Hard,56,1000,,20260215,15,222328.0,10.0,,Linda Noskova,R,,CZE,21.246,12.0,2626.0,215983.0,,,Ann Li,R,170.0,USA,25.64,41.0,1243.0,6-3 5-7 6-4,3,R64,129.0,6.0,1.0,99.0,49.0,36.0,27.0,16.0,5.0,8.0,3.0,13.0,101.0,64.0,44.0,17,15.0,8.0,12.0
2026-718,Dubai,Hard,56,1000,,20260215,16,215613.0,14.0,,Emma Navarro,R,170.0,USA,24.748,18.0,2095.0,211817.0,,Q,Elena Gabriela Ruse,R,,ROU,28.277,72.0,892.0,6-4 7-5,3,R64,107.0,1.0,6.0,70.0,50.0,33.0,11.0,11.0,2.0,4.0,5.0,8.0,78.0,45.0,28.0,16,11.0,6.0,10.0
2026-718,Dubai,Hard,56,1000,,20260215,17,210722.0,,,Elise Mertens,R,179.0,BEL,30.248,22.0,1936.0,213631.0,,,Marie Bouzkova,R,180.0,CZE,27.573,37.0,1285.0,6-2 6-2,3,R64,83.0,4.0,1.0,51.0,28.0,24.0,12.0,8.0,1.0,1.0,3.0,2.0,49.0,32.0,16.0,9,8.0,7.0,11.0
2026-718,Dubai,Hard,56,1000,,20260215,18,214939.0,,,Anna Kalinskaya,R,175.0,RUS,27.207,28.0,1575.0,211533.0,,,Jelena Ostapenko,R,177.0,LAT,28.691,24.0,1860.0,2-6 6-1 6-4,3,R64,139.0,3.0,4.0,96.0,56.0,36.0,19.0,13.0,10.0,13.0,2.0,3.0,95.0,51.0,29.0,24,12.0,10.0,14.0
2026-718,Dubai,Hard,56,1000,,20260215,19,211651.0,,,Paula Badosa,R,180.0,ESP,28.252,64.0,966.0,211701.0,,,Katerina Siniakova,R,174.0,CZE,29.769,44.0,1207.0,6-3 7-5,3,R64,105.0,6.0,2.0,74.0,37.0,31.0,15.0,11.0,6.0,8.0,9.0,1.0,74.0,53.0,31.0,9,10.0,6.0,10.0
2026-718,Dubai,Hard,56,1000,,20260215,20,239383.0,,WC,Sara Bejlek,L,,CZE,20.041,38.0,1277.0,220309.0,,WC,Zeynep Sonmez,R,,TUR,23.798,85.0,843.0,6-2 6-2,3,R64,75.0,2.0,3.0,37.0,29.0,18.0,6.0,6.0,3.0,4.0,2.0,0.0,36.0,16.0,9.0,7,6.0,3.0,6.0
2026-718,Dubai,Hard,56,1000,,20260215,21,202505.0,9.0,,Belinda Bencic,R,175.0,SUI,28.937,11.0,2843.0,222601.0,,,Jessica Bouzas Maneiro,R,,ESP,23.395,45.0,1202.0,2-6 6-1 6-2,3,R64,99.0,2.0,6.0,71.0,50.0,38.0,10.0,12.0,3.0,5.0,2.0,3.0,66.0,42.0,32.0,7,11.0,5.0,9.0
2026-718,Dubai,Hard,56,1000,,20260215,22,220435.0,,LL,Anastasia Zakharova,R,,RUS,24.077,105.0,737.0,220416.0,,Q,Moyuka Uchijima,R,171.0,JPN,24.515,88.0,810.0,6-2 6-4,3,R64,80.0,0.0,6.0,57.0,46.0,31.0,5.0,9.0,2.0,4.0,1.0,0.0,55.0,26.0,14.0,10,9.0,2.0,7.0
2026-718,Dubai,Hard,56,1000,,20260215,23,222045.0,,LL,Antonia Ruzic,R,,CRO,23.072,66.0,933.0,221054.0,,,Emma Raducanu,R,175.0,GBR,23.259,25.0,1700.0,6-1 5-7 6-2,3,R64,139.0,10.0,7.0,105.0,67.0,48.0,16.0,14.0,10.0,13.0,6.0,6.0,84.0,49.0,33.0,11,13.0,5.0,11.0
2026-718,Dubai,Hard,56,1000,,20260215,24,214040.0,,Q,Kimberly Birrell,R,170.0,AUS,27.801,96.0,789.0,213583.0,,,Tatjana Maria,R,172.0,GER,38.525,54.0,1089.0,6-4 3-6 7-5,3,R64,168.0,2.0,4.0,107.0,66.0,48.0,19.0,15.0,7.0,9.0,9.0,7.0,104.0,56.0,41.0,24,16.0,4.0,7.0
2026-718,Dubai,Hard,56,1000,,20260215,25,216153.0,2.0,,Amanda Anisimova,R,180.0,USA,24.46,4.0,6680.0,206252.0,,,Barbora Krejcikova,R,178.0,CZE,30.164,53.0,1091.0,W/O,3,R32,,,,,,,,,,,,,,,,,,,
2026-718,Dubai,Hard,56,1000,,20260215,26,222145.0,,WC,Janice Tjen,R,,INA,23.781,46.0,1185.0,220367.0,,,Leylah Fernandez,L,168.0,CAN,23.445,27.0,1653.0,7-6(5) 6-4,3,R32,103.0,5.0,6.0,67.0,37.0,29.0,15.0,11.0,3.0,6.0,5.0,6.0,74.0,46.0,32.0,11,11.0,5.0,9.0
2026-718,Dubai,Hard,56,1000,,20260215,27,211713.0,,,Jaqueline Cristian,R,180.0,ROU,27.699,36.0,1307.0,230870.0,,Q,Ella Seidel,R,,GER,21.002,100.0,777.0,6-0 RET,3,R32,35.0,1.0,3.0,15.0,8.0,8.0,4.0,3.0,0.0,0.0,2.0,0.0,33.0,15.0,5.0,8,3.0,3.0,6.0
2026-718,Dubai,Hard,56,1000,,20260215,28,259799.0,5.0,,Mirra Andreeva,R,,RUS,18.801,7.0,4731.0,214082.0,,,Daria Kasatkina,R,170.0,RUS,28.778,61.0,997.0,W/O,3,R32,,,,,,,,,,,,,,,,,,,
2026-718,Dubai,Hard,56,1000,,20260215,29,202468.0,4.0,,Jessica Pegula,R,170.0,USA,31.976,6.0,6103.0,219875.0,,Q,Varvara Gracheva,R,,FRA,25.539,73.0,887.0,6-4 6-0,3,R32,70.0,4.0,3.0,48.0,33.0,25.0,7.0,8.0,4.0,5.0,1.0,2.0,56.0,38.0,20.0,5,8.0,6.0,11.0
2026-718,Dubai,Hard,56,1000,,20260215,30,260300.0,16.0,,Iva Jovic,R,,USA,18.196,20.0,2031.0,223670.0,,,Diana Shnaider,L,,RUS,21.873,21.0,1953.0,6-4 1-6 6-0,3,R32,106.0,2.0,2.0,57.0,31.0,20.0,14.0,11.0,3.0,6.0,1.0,3.0,92.0,63.0,36.0,10,12.0,10.0,15.0
2026-718,Dubai,Hard,56,1000,,20260215,31,220704.0,12.0,,Clara Tauson,R,182.0,DEN,23.154,14.0,2530.0,220548.0,,LL,Peyton Stearns,R,,USA,24.356,55.0,1078.0,6-2 6-4,3,R32,99.0,7.0,3.0,49.0,27.0,21.0,11.0,7.0,4.0,5.0,3.0,1.0,62.0,35.0,17.0,12,7.0,5.0,9.0
2026-718,Dubai,Hard,56,1000,,20260215,32,202663.0,,,Magda Linette,R,171.0,POL,34.01,47.0,1179.0,206420.0,8.0,,Ekaterina Alexandrova,R,175.0,RUS,31.253,10.0,3200.0,6-2 4-6 6-1,3,R32,104.0,6.0,4.0,76.0,45.0,31.0,16.0,13.0,3.0,6.0,1.0,1.0,71.0,44.0,25.0,11,12.0,5.0,11.0
2026-718,Dubai,Hard,56,1000,,20260215,33,223253.0,,,Alexandra Eala,L,173.0,PHI,20.734,40.0,1244.0,211148.0,6.0,,Jasmine Paolini,R,160.0,ITA,30.117,8.0,4267.0,6-1 7-6(5),3,R32,100.0,2.0,4.0,65.0,41.0,30.0,12.0,10.0,2.0,4.0,2.0,0.0,64.0,38.0,23.0,11,9.0,4.0,8.0
2026-718,Dubai,Hard,56,1000,,20260215,34,201514.0,,,Sorana Cirstea,R,176.0,ROU,35.861,31.0,1499.0,222328.0,10.0,,Linda Noskova,R,,CZE,21.246,12.0,2626.0,6-1 6-4,3,R32,70.0,10.0,4.0,49.0,28.0,25.0,12.0,8.0,4.0,4.0,1.0,2.0,59.0,36.0,24.0,8,9.0,2.0,6.0
2026-718,Dubai,Hard,56,1000,,20260215,35,210722.0,,,Elise Mertens,R,179.0,BEL,30.248,22.0,1936.0,215613.0,14.0,,Emma Navarro,R,170.0,USA,24.748,18.0,2095.0,6-2 6-2,3,R32,75.0,5.0,1.0,46.0,20.0,17.0,18.0,8.0,2.0,2.0,1.0,5.0,53.0,28.0,15.0,11,8.0,3.0,7.0
2026-718,Dubai,Hard,56,1000,,20260215,36,221103.0,3.0,,Coco Gauff,R,175.0,USA,21.928,5.0,6423.0,214939.0,,,Anna Kalinskaya,R,175.0,RUS,27.207,28.0,1575.0,6-4 6-4,3,R32,92.0,4.0,2.0,70.0,39.0,28.0,13.0,10.0,7.0,11.0,12.0,0.0,58.0,41.0,19.0,7,10.0,3.0,9.0
2026-718,Dubai,Hard,56,1000,,20260215,37,202494.0,7.0,,Elina Svitolina,R,174.0,UKR,31.428,9.0,3205.0,211651.0,,,Paula Badosa,R,180.0,ESP,28.252,64.0,966.0,6-4 RET,3,R32,48.0,1.0,4.0,31.0,15.0,10.0,10.0,5.0,2.0,3.0,2.0,2.0,28.0,12.0,8.0,7,5.0,2.0,4.0
2026-718,Dubai,Hard,56,1000,,20260215,38,202505.0,9.0,,Belinda Bencic,R,175.0,SUI,28.937,11.0,2843.0,239383.0,,WC,Sara Bejlek,L,,CZE,20.041,38.0,1277.0,W/O,3,R32,,,,,,,,,,,,,,,,,,,
2026-718,Dubai,Hard,56,1000,,20260215,39,222045.0,,LL,Antonia Ruzic,R,,CRO,23.072,66.0,933.0,220435.0,,LL,Anastasia Zakharova,R,,RUS,24.077,105.0,737.0,6-1 6-7(2) 6-1,3,R32,131.0,2.0,2.0,99.0,56.0,38.0,26.0,14.0,8.0,9.0,4.0,3.0,82.0,55.0,38.0,9,12.0,4.0,9.0
2026-718,Dubai,Hard,56,1000,,20260215,40,214981.0,1.0,,Elena Rybakina,R,184.0,KAZ,26.667,3.0,7523.0,214040.0,,Q,Kimberly Birrell,R,170.0,AUS,27.801,96.0,789.0,6-1 6-2,3,R32,60.0,6.0,4.0,46.0,22.0,20.0,15.0,8.0,3.0,3.0,1.0,1.0,43.0,27.0,15.0,6,7.0,2.0,6.0
2026-718,Dubai,Hard,56,1000,,20260215,41,216153.0,2.0,,Amanda Anisimova,R,180.0,USA,24.46,4.0,6680.0,222145.0,,WC,Janice Tjen,R,,INA,23.781,46.0,1185.0,6-1 6-3,3,R16,70.0,2.0,6.0,52.0,30.0,24.0,8.0,8.0,5.0,7.0,4.0,0.0,46.0,22.0,12.0,8,8.0,2.0,8.0
2026-718,Dubai,Hard,56,1000,,20260215,42,259799.0,5.0,,Mirra Andreeva,R,,RUS,18.801,7.0,4731.0,211713.0,,,Jaqueline Cristian,R,180.0,ROU,27.699,36.0,1307.0,7-5 6-3,3,R16,102.0,4.0,6.0,61.0,38.0,26.0,5.0,10.0,4.0,9.0,7.0,0.0,76.0,40.0,15.0,16,11.0,6.0,14.0
2026-718,Dubai,Hard,56,1000,,20260215,43,202468.0,4.0,,Jessica Pegula,R,170.0,USA,31.976,6.0,6103.0,260300.0,16.0,,Iva Jovic,R,,USA,18.196,20.0,2031.0,6-4 6-2,3,R16,77.0,5.0,1.0,48.0,36.0,29.0,8.0,9.0,1.0,1.0,1.0,3.0,59.0,35.0,20.0,15,9.0,5.0,8.0
2026-718,Dubai,Hard,56,1000,,20260215,44,220704.0,12.0,,Clara Tauson,R,182.0,DEN,23.154,14.0,2530.0,202663.0,,,Magda Linette,R,171.0,POL,34.01,47.0,1179.0,6-4 6-2,3,R16,99.0,3.0,2.0,50.0,21.0,19.0,16.0,9.0,0.0,1.0,3.0,2.0,77.0,40.0,21.0,18,9.0,6.0,10.0
2026-718,Dubai,Hard,56,1000,,20260215,45,201514.0,,,Sorana Cirstea,R,176.0,ROU,35.861,31.0,1499.0,223253.0,,,Alexandra Eala,L,173.0,PHI,20.734,40.0,1244.0,6-1 6-4,3,R16,98.0,0.0,3.0,70.0,48.0,32.0,14.0,11.0,2.0,4.0,3.0,2.0,71.0,39.0,25.0,15,11.0,5.0,9.0
2026-718,Dubai,Hard,56,1000,,20260215,46,221103.0,3.0,,Coco Gauff,R,175.0,USA,21.928,5.0,6423.0,210722.0,,,Elise Mertens,R,179.0,BEL,30.248,22.0,1936.0,2-6 7-6(9) 6-3,3,R16,138.0,1.0,6.0,93.0,40.0,30.0,17.0,14.0,6.0,13.0,16.0,3.0,104.0,70.0,39.0,16,15.0,3.0,10.0
2026-718,Dubai,Hard,56,1000,,20260215,47,202494.0,7.0,,Elina Svitolina,R,174.0,UKR,31.428,9.0,3205.0,202505.0,9.0,,Belinda Bencic,R,175.0,SUI,28.937,11.0,2843.0,4-6 6-1 6-3,3,R16,120.0,9.0,5.0,83.0,51.0,35.0,13.0,13.0,4.0,8.0,4.0,0.0,88.0,54.0,30.0,14,13.0,5.0,12.0
2026-718,Dubai,Hard,56,1000,,20260215,48,222045.0,,LL,Antonia Ruzic,R,,CRO,23.072,66.0,933.0,214981.0,1.0,,Elena Rybakina,R,184.0,KAZ,26.667,3.0,7523.0,5-7 6-4 1-0 RET,3,R16,94.0,4.0,5.0,61.0,38.0,28.0,11.0,11.0,2.0,5.0,4.0,10.0,72.0,37.0,28.0,15,12.0,9.0,13.0
2026-718,Dubai,Hard,56,1000,,20260215,49,216153.0,2.0,,Amanda Anisimova,R,180.0,USA,24.46,4.0,6680.0,259799.0,5.0,,Mirra Andreeva,R,,RUS,18.801,7.0,4731.0,2-6 7-5 7-6(4),3,QF,158.0,0.0,7.0,113.0,73.0,37.0,20.0,16.0,7.0,16.0,8.0,6.0,118.0,72.0,43.0,17,16.0,7.0,15.0
2026-718,Dubai,Hard,56,1000,,20260215,50,202468.0,4.0,,Jessica Pegula,R,170.0,USA,31.976,6.0,6103.0,220704.0,12.0,,Clara Tauson,R,182.0,DEN,23.154,14.0,2530.0,6-3 2-6 6-4,3,QF,115.0,8.0,3.0,103.0,60.0,40.0,24.0,14.0,4.0,6.0,3.0,6.0,73.0,46.0,37.0,13,13.0,1.0,3.0
2026-718,Dubai,Hard,56,1000,,20260215,51,221103.0,3.0,,Coco Gauff,R,175.0,USA,21.928,5.0,6423.0,201514.0,,,Sorana Cirstea,R,176.0,ROU,35.861,31.0,1499.0,6-0 6-2,3,QF,67.0,1.0,1.0,48.0,26.0,20.0,9.0,7.0,1.0,2.0,8.0,0.0,40.0,23.0,7.0,7,7.0,3.0,9.0
2026-718,Dubai,Hard,56,1000,,20260215,52,202494.0,7.0,,Elina Svitolina,R,174.0,UKR,31.428,9.0,3205.0,222045.0,,LL,Antonia Ruzic,R,,CRO,23.072,66.0,933.0,3-6 6-2 6-3,3,QF,122.0,5.0,1.0,81.0,47.0,32.0,13.0,10.0,11.0,14.0,7.0,0.0,67.0,39.0,21.0,16,11.0,3.0,7.0
2026-718,Dubai,Hard,56,1000,,20260215,53,202468.0,4.0,,Jessica Pegula,R,170.0,USA,31.976,6.0,6103.0,216153.0,2.0,,Amanda Anisimova,R,180.0,USA,24.46,4.0,6680.0,1-6 6-4 6-3,3,SF,122.0,2.0,4.0,89.0,58.0,37.0,14.0,13.0,5.0,9.0,3.0,7.0,95.0,69.0,41.0,12,13.0,7.0,11.0
2026-718,Dubai,Hard,56,1000,,20260215,54,202494.0,7.0,,Elina Svitolina,R,174.0,UKR,31.428,9.0,3205.0,221103.0,3.0,,Coco Gauff,R,175.0,USA,21.928,5.0,6423.0,6-4 6-7(13) 6-4,3,SF,183.0,3.0,12.0,130.0,77.0,49.0,28.0,16.0,4.0,8.0,2.0,2.0,116.0,72.0,46.0,19,16.0,5.0,11.0
2026-718,Dubai,Hard,56,1000,,20260215,55,202468.0,4.0,,Jessica Pegula,R,170.0,USA,31.976,6.0,6103.0,202494.0,7.0,,Elina Svitolina,R,174.0,UKR,31.428,9.0,3205.0,6-2 6-4,3,F,72.0,3.0,5.0,48.0,33.0,26.0,9.0,9.0,2.0,3.0,2.0,2.0,66.0,39.0,25.0,9,9.0,7.0,11.0
2026-2082,Austin,Hard,32,250,,20260223,1,206294.0,,LL,Yue Yuan,R,184.0,CHN,27.415,128.0,607.0,211685.0,,,Rebecca Sramkova,R,,SVK,29.348,102.0,758.0,4-6 7-5 6-1,3,R32,129.0,2.0,5.0,99.0,66.0,41.0,20.0,15.0,7.0,10.0,0.0,4.0,88.0,59.0,37.0,12,14.0,9.0,14.0
2026-2082,Austin,Hard,32,250,,20260223,2,213646.0,,,Dalma Galfi,R,178.0,HUN,27.532,87.0,821.0,215370.0,,WC,Bianca Andreescu,R,170.0,CAN,25.69,164.0,443.0,6-3 5-7 6-4,3,R32,131.0,7.0,7.0,107.0,72.0,45.0,16.0,16.0,4.0,9.0,6.0,3.0,83.0,59.0,37.0,9,15.0,4.0,10.0
2026-2082,Austin,Hard,32,250,,20260223,3,220435.0,,,Anastasia Zakharova,R,,RUS,24.099,88.0,819.0,269265.0,,WC,Mary Stoiana,,,USA,22.804,176.0,399.0,3-6 6-2 6-4,3,R32,122.0,0.0,2.0,79.0,60.0,42.0,7.0,13.0,2.0,6.0,0.0,3.0,86.0,59.0,33.0,13,14.0,8.0,14.0
2026-2082,Austin,Hard,32,250,,20260223,4,221909.0,,,Ashlyn Krueger,R,185.0,USA,21.799,103.0,752.0,216083.0,7.0,,Caty McNally,R,,USA,24.261,67.0,928.0,6-1 7-6(5),3,R32,102.0,5.0,3.0,63.0,44.0,35.0,10.0,10.0,1.0,1.0,3.0,1.0,76.0,53.0,32.0,12,9.0,8.0,10.0
2026-2082,Austin,Hard,32,250,,20260223,5,214119.0,,Q,Rebeka Masarova,R,186.0,ESP,26.552,120.0,660.0,216133.0,3.0,,Xinyu Wang,R,182.0,CHN,24.411,30.0,1438.0,6-3 6-2,3,R32,66.0,5.0,1.0,46.0,35.0,28.0,6.0,9.0,4.0,5.0,0.0,5.0,55.0,32.0,18.0,9,8.0,4.0,8.0
2026-2082,Austin,Hard,32,250,,20260223,6,215992.0,,Q,Whitney Osuigwe,R,168.0,USA,23.855,163.0,444.0,216097.0,,,Elizabeth Mandlik,R,,USA,24.767,174.0,408.0,2-6 6-3 6-1,3,R32,125.0,0.0,4.0,88.0,57.0,33.0,19.0,12.0,4.0,7.0,2.0,1.0,91.0,61.0,37.0,12,12.0,8.0,13.0
2026-2082,Austin,Hard,32,250,,20260223,7,223360.0,,Q,Nikola Bartunkova,R,,CZE,19.995,107.0,728.0,220465.0,,,Katie Volynets,R,,USA,24.148,96.0,786.0,6-4 7-5,3,R32,105.0,3.0,3.0,68.0,37.0,23.0,16.0,11.0,3.0,7.0,4.0,1.0,77.0,59.0,28.0,8,11.0,4.0,10.0
2026-2082,Austin,Hard,32,250,,20260223,8,203501.0,,WC,Taylor Townsend,L,170.0,USA,29.857,119.0,666.0,222258.0,,LL,Linda Fruhvirtova,R,,CZE,20.816,121.0,657.0,4-6 7-6(3) 7-5,3,R32,177.0,9.0,3.0,107.0,71.0,49.0,15.0,17.0,7.0,12.0,2.0,3.0,124.0,77.0,47.0,25,17.0,8.0,13.0
2026-2082,Austin,Hard,32,250,,20260223,9,215872.0,,,Kamilla Rakhimova,R,,RUS,24.491,92.0,802.0,214388.0,6.0,,Anna Bondar,R,,HUN,28.745,65.0,978.0,6-3 7-5,3,R32,94.0,0.0,1.0,61.0,35.0,26.0,20.0,11.0,1.0,1.0,1.0,9.0,67.0,45.0,33.0,9,10.0,4.0,6.0
2026-2082,Austin,Hard,32,250,,20260223,10,221407.0,,,Oksana Selekhmeteva,L,,RUS,23.113,76.0,878.0,219917.0,,,Alycia Parks,R,185.0,USA,25.148,95.0,789.0,6-4 3-6 6-3,3,R32,124.0,1.0,2.0,93.0,64.0,43.0,10.0,14.0,9.0,13.0,8.0,3.0,83.0,45.0,29.0,17,14.0,8.0,13.0
2026-2082,Austin,Hard,32,250,,20260223,11,215219.0,,,Kaja Juvan,R,170.0,SLO,25.246,93.0,796.0,214906.0,,Q,Claire Liu,R,170.0,USA,25.75,214.0,338.0,6-4 7-6(1),3,R32,123.0,1.0,3.0,72.0,50.0,33.0,12.0,11.0,3.0,6.0,2.0,1.0,89.0,66.0,36.0,11,11.0,7.0,11.0
2026-2082,Austin,Hard,32,250,,20260223,12,220548.0,4.0,,Peyton Stearns,R,,USA,24.378,62.0,988.0,215936.0,,,Francesca Jones,R,,GBR,25.43,73.0,890.0,3-6 6-3 6-2,3,R32,121.0,5.0,1.0,82.0,55.0,30.0,16.0,13.0,4.0,9.0,3.0,0.0,84.0,60.0,29.0,11,13.0,9.0,16.0
2026-2082,Austin,Hard,32,250,,20260223,13,214040.0,,,Kimberly Birrell,R,170.0,AUS,27.823,80.0,857.0,238075.0,8.0,,Petra Marcinko,,,CRO,20.222,70.0,902.0,0-6 6-3 6-4,3,R32,115.0,1.0,5.0,93.0,62.0,36.0,9.0,12.0,9.0,15.0,11.0,4.0,77.0,49.0,29.0,11,13.0,5.0,11.0
2026-2082,Austin,Hard,32,250,,20260223,14,214452.0,,,Caroline Dolehide,R,178.0,USA,27.469,126.0,627.0,215138.0,,,Lulu Sun,L,,NZL,24.863,98.0,780.0,6-2 6-3,3,R32,81.0,0.0,4.0,72.0,53.0,36.0,8.0,9.0,9.0,10.0,4.0,3.0,53.0,29.0,20.0,7,8.0,5.0,9.0
2026-2082,Austin,Hard,32,250,,20260223,15,201548.0,,,Ajla Tomljanovic,R,180.0,AUS,32.8,74.0,881.0,200748.0,,WC,Venus Williams,R,185.0,USA,45.687,560.0,92.0,6-4 6-1,3,R32,95.0,0.0,3.0,62.0,41.0,28.0,10.0,9.0,6.0,8.0,5.0,2.0,68.0,43.0,25.0,6,8.0,9.0,14.0
2026-2082,Austin,Hard,32,250,,20260223,16,260300.0,2.0,,Iva Jovic,R,,USA,18.218,18.0,2095.0,215020.0,,,Anna Blinkova,R,179.0,RUS,27.456,84.0,848.0,6-3 6-4,3,R32,84.0,6.0,3.0,61.0,34.0,30.0,15.0,10.0,7.0,7.0,1.0,1.0,55.0,34.0,19.0,15,9.0,2.0,4.0
2026-2082,Austin,Hard,32,250,,20260223,17,206294.0,,LL,Yue Yuan,R,184.0,CHN,27.415,128.0,607.0,213646.0,,,Dalma Galfi,R,178.0,HUN,27.532,87.0,821.0,6-3 6-2,3,R16,83.0,2.0,4.0,58.0,32.0,25.0,15.0,9.0,0.0,0.0,1.0,1.0,56.0,32.0,20.0,10,8.0,5.0,8.0
2026-2082,Austin,Hard,32,250,,20260223,18,221909.0,,,Ashlyn Krueger,R,185.0,USA,21.799,103.0,752.0,220435.0,,,Anastasia Zakharova,R,,RUS,24.099,88.0,819.0,7-5 6-3,3,R16,91.0,10.0,1.0,77.0,51.0,37.0,11.0,11.0,6.0,8.0,5.0,0.0,61.0,43.0,29.0,5,10.0,4.0,8.0
2026-2082,Austin,Hard,32,250,,20260223,19,214119.0,,Q,Rebeka Masarova,R,186.0,ESP,26.552,120.0,660.0,215992.0,,Q,Whitney Osuigwe,R,168.0,USA,23.855,163.0,444.0,7-6(2) 6-3,3,R16,91.0,7.0,4.0,68.0,38.0,32.0,16.0,11.0,0.0,1.0,3.0,1.0,67.0,45.0,27.0,15,10.0,3.0,5.0
2026-2082,Austin,Hard,32,250,,20260223,20,203501.0,,WC,Taylor Townsend,L,170.0,USA,29.857,119.0,666.0,223360.0,,Q,Nikola Bartunkova,R,,CZE,19.995,107.0,728.0,6-1 6-4,3,R16,79.0,7.0,5.0,48.0,32.0,28.0,10.0,9.0,0.0,0.0,1.0,2.0,62.0,34.0,24.0,10,8.0,4.0,7.0
2026-2082,Austin,Hard,32,250,,20260223,21,221407.0,,,Oksana Selekhmeteva,L,,RUS,23.113,76.0,878.0,215872.0,,,Kamilla Rakhimova,R,,RUS,24.491,92.0,802.0,6-2 7-5,3,R16,96.0,3.0,1.0,60.0,36.0,23.0,12.0,10.0,0.0,3.0,6.0,1.0,63.0,40.0,21.0,9,10.0,4.0,10.0
2026-2082,Austin,Hard,32,250,,20260223,22,220548.0,4.0,,Peyton Stearns,R,,USA,24.378,62.0,988.0,215219.0,,,Kaja Juvan,R,170.0,SLO,25.246,93.0,796.0,6-0 6-2,3,R16,71.0,3.0,8.0,40.0,24.0,20.0,10.0,7.0,2.0,2.0,2.0,1.0,55.0,27.0,17.0,8,7.0,7.0,12.0
2026-2082,Austin,Hard,32,250,,20260223,23,214040.0,,,Kimberly Birrell,R,170.0,AUS,27.823,80.0,857.0,214452.0,,,Caroline Dolehide,R,178.0,USA,27.469,126.0,627.0,6-4 6-2,3,R16,86.0,0.0,6.0,60.0,39.0,29.0,9.0,9.0,4.0,5.0,8.0,2.0,59.0,41.0,23.0,8,9.0,0.0,4.0
2026-2082,Austin,Hard,32,250,,20260223,24,201548.0,,,Ajla Tomljanovic,R,180.0,AUS,32.8,74.0,881.0,260300.0,2.0,,Iva Jovic,R,,USA,18.218,18.0,2095.0,4-6 6-4 6-4,3,R16,151.0,1.0,5.0,85.0,61.0,43.0,16.0,15.0,0.0,2.0,2.0,1.0,98.0,53.0,37.0,19,15.0,3.0,6.0
2026-2082,Austin,Hard,32,250,,20260223,25,221909.0,,,Ashlyn Krueger,R,185.0,USA,21.799,103.0,752.0,206294.0,,LL,Yue Yuan,R,184.0,CHN,27.415,128.0,607.0,7-6(5) 6-4,3,QF,103.0,5.0,0.0,67.0,49.0,34.0,14.0,11.0,3.0,4.0,1.0,9.0,83.0,52.0,39.0,13,11.0,4.0,6.0
2026-2082,Austin,Hard,32,250,,20260223,26,203501.0,,WC,Taylor Townsend,L,170.0,USA,29.857,119.0,666.0,214119.0,,Q,Rebeka Masarova,R,186.0,ESP,26.552,120.0,660.0,5-7 6-2 6-2,3,QF,140.0,2.0,10.0,95.0,66.0,41.0,18.0,14.0,11.0,14.0,2.0,6.0,83.0,36.0,26.0,17,14.0,7.0,13.0
2026-2082,Austin,Hard,32,250,,20260223,27,220548.0,4.0,,Peyton Stearns,R,,USA,24.378,62.0,988.0,221407.0,,,Oksana Selekhmeteva,L,,RUS,23.113,76.0,878.0,6-1 5-7 7-5,3,QF,151.0,5.0,10.0,110.0,64.0,38.0,23.0,16.0,5.0,11.0,8.0,2.0,93.0,60.0,34.0,11,15.0,6.0,14.0
2026-2082,Austin,Hard,32,250,,20260223,28,214040.0,,,Kimberly Birrell,R,170.0,AUS,27.823,80.0,857.0,201548.0,,,Ajla Tomljanovic,R,180.0,AUS,32.8,74.0,881.0,6-3 6-3,3,QF,84.0,3.0,5.0,58.0,35.0,25.0,12.0,9.0,6.0,8.0,8.0,2.0,61.0,37.0,23.0,8,9.0,6.0,11.0
2026-2082,Austin,Hard,32,250,,20260223,29,203501.0,,WC,Taylor Townsend,L,170.0,USA,29.857,119.0,666.0,221909.0,,,Ashlyn Krueger,R,185.0,USA,21.799,103.0,752.0,7-6(6) 6-3,3,SF,109.0,5.0,7.0,72.0,47.0,32.0,13.0,10.0,6.0,8.0,5.0,5.0,85.0,51.0,35.0,11,11.0,1.0,5.0
2026-2082,Austin,Hard,32,250,,20260223,30,220548.0,4.0,,Peyton Stearns,R,,USA,24.378,62.0,988.0,214040.0,,,Kimberly Birrell,R,170.0,AUS,27.823,80.0,857.0,6-3 3-6 6-2,3,SF,128.0,4.0,12.0,79.0,44.0,30.0,12.0,13.0,5.0,10.0,10.0,4.0,88.0,52.0,34.0,9,13.0,3.0,10.0
2026-2082,Austin,Hard,32,250,,20260223,31,220548.0,4.0,,Peyton Stearns,R,,USA,24.378,62.0,988.0,203501.0,,WC,Taylor Townsend,L,170.0,USA,29.857,119.0,666.0,7-6(8) 7-5,3,F,142.0,8.0,6.0,100.0,62.0,41.0,21.0,12.0,4.0,7.0,5.0,2.0,77.0,46.0,34.0,11,12.0,2.0,6.0
2026-2085,Merida,Hard,28,500,,20260223,1,213710.0,,,Cristina Bucsa,R,,ESP,28.146,63.0,984.0,211684.0,,,Magdalena Frech,R,171.0,POL,28.192,57.0,1053.0,6-1 4-6 6-4,3,F,135.0,2.0,6.0,78.0,43.0,32.0,15.0,13.0,2.0,6.0,4.0,1.0,89.0,56.0,32.0,13,14.0,4.0,11.0
2026-2085,Merida,Hard,28,500,,20260223,2,213710.0,,,Cristina Bucsa,R,,ESP,28.146,63.0,984.0,211148.0,1.0,WC,Jasmine Paolini,R,160.0,ITA,30.139,7.0,4047.0,7-5 6-4,3,SF,92.0,0.0,2.0,65.0,40.0,28.0,11.0,11.0,4.0,7.0,2.0,0.0,70.0,50.0,27.0,10,11.0,6.0,11.0
2026-2085,Merida,Hard,28,500,,20260223,3,211684.0,,,Magdalena Frech,R,171.0,POL,28.192,57.0,1053.0,201533.0,,Q,Shuai Zhang,R,177.0,CHN,37.09,86.0,821.0,6-2 6-7(6) 6-3,3,SF,154.0,3.0,1.0,99.0,62.0,39.0,19.0,14.0,8.0,12.0,6.0,1.0,116.0,86.0,42.0,15,15.0,10.0,18.0
2026-2085,Merida,Hard,28,500,,20260223,4,211148.0,1.0,WC,Jasmine Paolini,R,160.0,ITA,30.139,7.0,4047.0,211107.0,,WC,Katie Boulter,R,180.0,GBR,29.564,69.0,904.0,0-6 6-3 6-3,3,QF,113.0,1.0,6.0,70.0,50.0,26.0,10.0,12.0,3.0,9.0,2.0,0.0,82.0,56.0,32.0,10,12.0,8.0,14.0
2026-2085,Merida,Hard,28,500,,20260223,5,213710.0,,,Cristina Bucsa,R,,ESP,28.146,63.0,984.0,220309.0,,,Zeynep Sonmez,R,,TUR,23.82,81.0,851.0,6-3 6-4,3,QF,97.0,0.0,4.0,69.0,44.0,29.0,11.0,9.0,10.0,13.0,2.0,0.0,65.0,41.0,20.0,9,10.0,7.0,13.0
2026-2085,Merida,Hard,28,500,,20260223,6,211684.0,,,Magdalena Frech,R,171.0,POL,28.192,57.0,1053.0,213631.0,4.0,,Marie Bouzkova,R,180.0,CZE,27.595,34.0,1347.0,6-3 4-6 6-3,3,QF,178.0,3.0,5.0,92.0,61.0,36.0,14.0,14.0,8.0,14.0,4.0,1.0,99.0,65.0,37.0,12,14.0,5.0,13.0
2026-2085,Merida,Hard,28,500,,20260223,7,201533.0,,Q,Shuai Zhang,R,177.0,CHN,37.09,86.0,821.0,223286.0,,Q,Victoria Jimenez Kasintseva,L,,AND,20.543,122.0,657.0,6-1 6-3,3,QF,92.0,1.0,2.0,80.0,46.0,25.0,15.0,8.0,16.0,20.0,3.0,0.0,52.0,34.0,10.0,6,8.0,4.0,12.0
2026-2085,Merida,Hard,28,500,,20260223,8,211148.0,1.0,WC,Jasmine Paolini,R,160.0,ITA,30.139,7.0,4047.0,211880.0,,LL,Priscilla Hon,R,171.0,AUS,27.792,136.0,555.0,6-0 6-2,3,R16,71.0,0.0,5.0,50.0,40.0,21.0,9.0,7.0,3.0,4.0,0.0,2.0,47.0,20.0,11.0,6,7.0,5.0,11.0
2026-2085,Merida,Hard,28,500,,20260223,9,211107.0,,WC,Katie Boulter,R,180.0,GBR,29.564,69.0,904.0,215785.0,,,Camila Osorio,R,162.0,COL,24.173,61.0,991.0,6-3 RET,3,R16,38.0,1.0,3.0,24.0,10.0,7.0,7.0,4.0,4.0,5.0,2.0,1.0,28.0,16.0,9.0,3,5.0,1.0,4.0
2026-2085,Merida,Hard,28,500,,20260223,10,220309.0,,,Zeynep Sonmez,R,,TUR,23.82,81.0,851.0,215983.0,3.0,,Ann Li,R,170.0,USA,25.662,39.0,1333.0,3-6 7-6(7) 6-4,3,R16,151.0,0.0,2.0,94.0,52.0,37.0,21.0,15.0,5.0,8.0,6.0,6.0,123.0,77.0,52.0,20,16.0,9.0,12.0
2026-2085,Merida,Hard,28,500,,20260223,11,213710.0,,,Cristina Bucsa,R,,ESP,28.146,63.0,984.0,222233.0,,WC,Marina Stakusic,R,,CAN,21.241,142.0,542.0,7-6(1) 6-3,3,R16,101.0,1.0,3.0,59.0,41.0,29.0,11.0,11.0,2.0,5.0,2.0,1.0,80.0,50.0,28.0,13,10.0,7.0,11.0
2026-2085,Merida,Hard,28,500,,20260223,12,211684.0,,,Magdalena Frech,R,171.0,POL,28.192,57.0,1053.0,222601.0,7.0,,Jessica Bouzas Maneiro,R,,ESP,23.417,48.0,1202.0,6-0 6-3,3,R16,75.0,0.0,3.0,53.0,30.0,20.0,13.0,8.0,3.0,5.0,0.0,0.0,49.0,30.0,11.0,7,7.0,3.0,9.0
2026-2085,Merida,Hard,28,500,,20260223,13,213631.0,4.0,,Marie Bouzkova,R,180.0,CZE,27.595,34.0,1347.0,215306.0,,,Emiliana Arango,R,,COL,25.238,59.0,1027.0,2-6 6-1 2-0 RET,3,R16,96.0,1.0,1.0,63.0,47.0,29.0,5.0,9.0,9.0,12.0,6.0,0.0,57.0,43.0,20.0,8,9.0,3.0,7.0
2026-2085,Merida,Hard,28,500,,20260223,14,223286.0,,Q,Victoria Jimenez Kasintseva,L,,AND,20.543,122.0,657.0,202663.0,8.0,,Magda Linette,R,171.0,POL,34.032,47.0,1234.0,5-7 7-6(5) 7-5,3,R16,200.0,2.0,5.0,135.0,92.0,57.0,24.0,18.0,5.0,9.0,6.0,4.0,111.0,71.0,47.0,21,18.0,2.0,6.0
2026-2085,Merida,Hard,28,500,,20260223,15,215613.0,2.0,,Emma Navarro,R,170.0,USA,24.77,20.0,2045.0,201533.0,,Q,Shuai Zhang,R,177.0,CHN,37.09,86.0,821.0,6-4 6-4,3,R16,83.0,1.0,2.0,55.0,40.0,27.0,13.0,10.0,2.0,4.0,4.0,5.0,61.0,43.0,26.0,13,10.0,6.0,10.0
2026-2085,Merida,Hard,28,500,,20260223,16,211880.0,,LL,Priscilla Hon,R,171.0,AUS,27.792,136.0,555.0,213887.0,,,Renata Zarazua,R,,MEX,28.4,89.0,814.0,6-2 2-6 6-4,3,R32,156.0,2.0,3.0,95.0,56.0,33.0,16.0,13.0,12.0,18.0,4.0,0.0,79.0,62.0,31.0,7,13.0,5.0,12.0
2026-2085,Merida,Hard,28,500,,20260223,17,211107.0,,WC,Katie Boulter,R,180.0,GBR,29.564,69.0,904.0,206242.0,,,Beatriz Haddad Maia,L,185.0,BRA,29.736,66.0,942.0,6-4 6-4,3,R32,114.0,3.0,7.0,69.0,25.0,15.0,18.0,10.0,2.0,7.0,9.0,0.0,76.0,51.0,24.0,8,10.0,6.0,13.0
2026-2085,Merida,Hard,28,500,,20260223,18,215785.0,,,Camila Osorio,R,162.0,COL,24.173,61.0,991.0,222145.0,6.0,,Janice Tjen,R,,INA,23.803,36.0,1341.0,6-4 6-3,3,R32,74.0,5.0,5.0,55.0,36.0,24.0,9.0,10.0,0.0,3.0,6.0,2.0,59.0,38.0,21.0,8,9.0,2.0,7.0
2026-2085,Merida,Hard,28,500,,20260223,19,220309.0,,,Zeynep Sonmez,R,,TUR,23.82,81.0,851.0,223335.0,,Q,Cadence Brace,R,,CAN,20.994,204.0,359.0,6-2 6-0,3,R32,61.0,0.0,3.0,41.0,25.0,14.0,11.0,7.0,4.0,6.0,1.0,0.0,40.0,21.0,8.0,2,7.0,4.0,11.0
2026-2085,Merida,Hard,28,500,,20260223,20,213710.0,,,Cristina Bucsa,R,,ESP,28.146,63.0,984.0,202499.0,,,Donna Vekic,R,179.0,CRO,29.657,100.0,768.0,6-3 6-2,3,R32,84.0,2.0,6.0,65.0,39.0,25.0,8.0,9.0,6.0,10.0,5.0,1.0,59.0,26.0,12.0,8,8.0,5.0,12.0
2026-2085,Merida,Hard,28,500,,20260223,21,222233.0,,WC,Marina Stakusic,R,,CAN,21.241,142.0,542.0,215035.0,5.0,,Dayana Yastremska,R,175.0,UKR,25.777,49.0,1170.0,6-4 6-3,3,R32,87.0,0.0,6.0,57.0,42.0,28.0,7.0,9.0,1.0,3.0,1.0,0.0,67.0,43.0,25.0,8,10.0,3.0,8.0
2026-2085,Merida,Hard,28,500,,20260223,22,222601.0,7.0,,Jessica Bouzas Maneiro,R,,ESP,23.417,48.0,1202.0,201586.0,,Q,Heather Watson,R,170.0,GBR,33.767,281.0,241.0,6-3 6-1,3,R32,69.0,1.0,4.0,48.0,26.0,19.0,12.0,8.0,2.0,3.0,1.0,0.0,50.0,28.0,17.0,6,8.0,5.0,10.0
2026-2085,Merida,Hard,28,500,,20260223,23,211684.0,,,Magdalena Frech,R,171.0,POL,28.192,57.0,1053.0,221237.0,,Q,Maria Timofeeva,R,,UZB,22.267,155.0,463.0,6-4 7-6(6),3,R32,135.0,0.0,3.0,80.0,47.0,26.0,13.0,11.0,4.0,10.0,5.0,0.0,86.0,55.0,25.0,12,11.0,4.0,11.0
2026-2085,Merida,Hard,28,500,,20260223,24,215306.0,,,Emiliana Arango,R,,COL,25.238,59.0,1027.0,215713.0,,,Anastasia Potapova,R,175.0,RUS,24.904,91.0,810.0,7-6(0) 6-2,3,R32,116.0,0.0,4.0,81.0,60.0,36.0,9.0,10.0,9.0,13.0,2.0,0.0,86.0,48.0,24.0,14,10.0,5.0,11.0
2026-2085,Merida,Hard,28,500,,20260223,25,202663.0,8.0,,Magda Linette,R,171.0,POL,34.032,47.0,1234.0,213583.0,,,Tatjana Maria,R,172.0,GER,38.547,55.0,1079.0,7-6(3) 6-3,3,R32,95.0,4.0,1.0,57.0,38.0,31.0,8.0,10.0,2.0,4.0,2.0,0.0,70.0,42.0,25.0,14,11.0,7.0,11.0
2026-2085,Merida,Hard,28,500,,20260223,26,223286.0,,Q,Victoria Jimenez Kasintseva,L,,AND,20.543,122.0,657.0,201709.0,,,Yulia Putintseva,R,163.0,KAZ,31.13,77.0,871.0,6-4 1-6 6-4,3,R32,150.0,0.0,5.0,91.0,65.0,34.0,6.0,14.0,8.0,16.0,9.0,0.0,98.0,72.0,39.0,9,13.0,10.0,17.0
2026-2085,Merida,Hard,28,500,,20260223,27,201533.0,,Q,Shuai Zhang,R,177.0,CHN,37.09,86.0,821.0,201478.0,,Q,Varvara Lepchenko,L,180.0,USA,39.763,152.0,483.0,6-2 6-1,3,R32,67.0,3.0,2.0,57.0,43.0,26.0,11.0,8.0,5.0,6.0,1.0,1.0,50.0,29.0,17.0,6,7.0,4.0,9.0
2026-609,Indian Wells,Hard,96,1000,,20260304,1,221124.0,,Q,Himeno Sakatsume,R,,JPN,24.584,136.0,556.0,219917.0,,WC,Alycia Parks,R,185.0,USA,25.172,96.0,789.0,6-4 6-3,3,R128,89.0,0.0,1.0,62.0,36.0,23.0,15.0,10.0,3.0,5.0,3.0,5.0,63.0,31.0,20.0,13,9.0,3.0,7.0
2026-609,Indian Wells,Hard,96,1000,,20260304,2,211713.0,,,Jaqueline Cristian,R,180.0,ROU,27.746,35.0,1367.0,222145.0,,,Janice Tjen,R,,INA,23.828,39.0,1341.0,4-6 6-4 7-6(6),3,R128,166.0,6.0,6.0,116.0,80.0,53.0,16.0,16.0,12.0,16.0,2.0,2.0,90.0,57.0,39.0,17,16.0,0.0,4.0
2026-609,Indian Wells,Hard,96,1000,,20260304,3,215785.0,,,Camila Osorio,R,162.0,COL,24.198,61.0,1041.0,201585.0,,WC,Sloane Stephens,R,170.0,USA,32.956,780.0,43.0,6-4 6-1,3,R128,79.0,0.0,4.0,54.0,36.0,23.0,9.0,9.0,4.0,7.0,0.0,1.0,69.0,50.0,22.0,9,8.0,5.0,11.0
2026-609,Indian Wells,Hard,96,1000,,20260304,4,223286.0,,Q,Victoria Jimenez Kasintseva,L,,AND,20.567,97.0,788.0,216083.0,,,Caty McNally,R,,USA,24.285,68.0,928.0,6-2 6-7(4) 6-4,3,R128,169.0,2.0,4.0,108.0,80.0,51.0,16.0,15.0,5.0,8.0,0.0,3.0,98.0,71.0,41.0,14,15.0,4.0,10.0
2026-609,Indian Wells,Hard,96,1000,,20260304,5,214040.0,,,Kimberly Birrell,R,170.0,AUS,27.847,69.0,925.0,221407.0,,,Oksana Selekhmeteva,L,,RUS,23.138,71.0,917.0,6-1 6-4,3,R128,86.0,0.0,3.0,65.0,42.0,28.0,11.0,9.0,4.0,6.0,3.0,5.0,49.0,30.0,14.0,7,8.0,4.0,9.0
2026-609,Indian Wells,Hard,96,1000,,20260304,6,220309.0,,,Zeynep Sonmez,R,,TUR,23.844,80.0,851.0,220520.0,,,Mccartney Kessler,R,,USA,26.656,51.0,1193.0,7-6(7) 6-0,3,R128,99.0,0.0,3.0,68.0,41.0,30.0,14.0,9.0,3.0,4.0,3.0,2.0,68.0,35.0,22.0,15,9.0,6.0,10.0
2026-609,Indian Wells,Hard,96,1000,,20260304,7,220435.0,,Q,Anastasia Zakharova,R,,RUS,24.124,86.0,831.0,230870.0,,,Ella Seidel,R,,GER,21.049,83.0,847.0,6-2 6-2,3,R128,66.0,0.0,1.0,45.0,36.0,28.0,7.0,8.0,1.0,1.0,1.0,4.0,47.0,22.0,12.0,11,8.0,0.0,4.0
2026-609,Indian Wells,Hard,96,1000,,20260304,8,215020.0,,,Anna Blinkova,R,179.0,RUS,27.48,94.0,795.0,213646.0,,LL,Dalma Galfi,R,178.0,HUN,27.557,84.0,838.0,6-4 7-5,3,R128,95.0,2.0,2.0,64.0,36.0,27.0,13.0,11.0,2.0,4.0,7.0,3.0,82.0,51.0,37.0,10,11.0,6.0,10.0
2026-609,Indian Wells,Hard,96,1000,,20260304,9,215872.0,,Q,Kamilla Rakhimova,R,,RUS,24.515,88.0,814.0,215370.0,,,Bianca Andreescu,R,170.0,CAN,25.714,165.0,444.0,6-7(6) 6-0 6-1,3,R128,137.0,1.0,4.0,81.0,48.0,33.0,22.0,12.0,5.0,6.0,12.0,5.0,90.0,54.0,32.0,14,13.0,6.0,13.0
2026-609,Indian Wells,Hard,96,1000,,20260304,10,215035.0,,,Dayana Yastremska,R,175.0,UKR,25.802,52.0,1170.0,201533.0,,,Shuai Zhang,R,177.0,CHN,37.115,62.0,1039.0,6-3 6-2,3,R128,61.0,5.0,5.0,55.0,33.0,22.0,9.0,9.0,1.0,3.0,0.0,3.0,49.0,35.0,14.0,7,8.0,3.0,8.0
2026-609,Indian Wells,Hard,96,1000,,20260304,11,201514.0,,,Sorana Cirstea,R,176.0,ROU,35.908,38.0,1344.0,213583.0,,,Tatjana Maria,R,172.0,GER,38.572,59.0,1069.0,6-4 4-6 6-3,3,R128,118.0,4.0,1.0,77.0,45.0,31.0,20.0,15.0,2.0,6.0,4.0,3.0,90.0,57.0,36.0,13,14.0,8.0,13.0
2026-609,Indian Wells,Hard,96,1000,,20260304,12,222601.0,,,Jessica Bouzas Maneiro,R,,ESP,23.442,50.0,1202.0,206242.0,,,Beatriz Haddad Maia,L,185.0,BRA,29.761,67.0,942.0,6-1 6-7(1) 6-1,3,R128,135.0,4.0,7.0,104.0,63.0,45.0,23.0,14.0,7.0,8.0,2.0,8.0,87.0,50.0,33.0,12,12.0,4.0,9.0
2026-609,Indian Wells,Hard,96,1000,,20260304,13,221883.0,,Q,Talia Gibson,R,,AUS,21.709,112.0,721.0,215983.0,,,Ann Li,R,170.0,USA,25.687,41.0,1333.0,6-3 7-5,3,R128,98.0,6.0,2.0,67.0,46.0,36.0,8.0,11.0,3.0,5.0,6.0,0.0,67.0,37.0,22.0,13,10.0,6.0,10.0
2026-609,Indian Wells,Hard,96,1000,,20260304,14,201709.0,,,Yulia Putintseva,R,163.0,KAZ,31.155,76.0,871.0,211651.0,,,Paula Badosa,R,180.0,ESP,28.299,106.0,738.0,6-4 6-2,3,R128,83.0,0.0,1.0,56.0,42.0,31.0,5.0,9.0,3.0,5.0,4.0,10.0,61.0,36.0,24.0,6,9.0,3.0,8.0
2026-609,Indian Wells,Hard,96,1000,,20260304,15,201548.0,,,Ajla Tomljanovic,R,180.0,AUS,32.825,85.0,837.0,211817.0,,,Elena Gabriela Ruse,R,,ROU,28.324,74.0,892.0,7-5 6-2,3,R128,90.0,4.0,5.0,56.0,44.0,31.0,5.0,10.0,2.0,5.0,2.0,4.0,65.0,28.0,16.0,14,10.0,5.0,11.0
2026-609,Indian Wells,Hard,96,1000,,20260304,16,215713.0,,,Anastasia Potapova,R,175.0,RUS,24.929,91.0,810.0,222233.0,,,Marina Stakusic,R,,CAN,21.265,130.0,601.0,4-6 6-1 7-5,3,R128,145.0,4.0,7.0,96.0,58.0,33.0,17.0,14.0,12.0,18.0,2.0,7.0,105.0,61.0,32.0,16,15.0,10.0,19.0
2026-609,Indian Wells,Hard,96,1000,,20260304,17,202499.0,,WC,Donna Vekic,R,179.0,CRO,29.682,103.0,768.0,238184.0,,,Tereza Valentova,,,CZE,19.034,47.0,1256.0,7-6(4) 7-6(4),3,R128,158.0,9.0,5.0,104.0,55.0,38.0,24.0,12.0,6.0,8.0,2.0,6.0,99.0,59.0,39.0,19,12.0,6.0,8.0
2026-609,Indian Wells,Hard,96,1000,,20260304,18,220465.0,,WC,Katie Volynets,R,,USA,24.173,98.0,786.0,211685.0,,,Rebecca Sramkova,R,,SVK,29.372,118.0,680.0,6-1 0-0 RET,3,R128,36.0,0.0,0.0,26.0,25.0,18.0,0.0,4.0,1.0,1.0,0.0,2.0,17.0,11.0,6.0,1,3.0,1.0,3.0
2026-609,Indian Wells,Hard,96,1000,,20260304,19,213710.0,,,Cristina Bucsa,R,,ESP,28.17,31.0,1436.0,221307.0,,,Darja Vidmanova,R,,CZE,23.149,122.0,667.0,6-4 6-0,3,R128,75.0,0.0,0.0,65.0,47.0,29.0,10.0,8.0,10.0,11.0,0.0,4.0,48.0,36.0,18.0,3,8.0,3.0,8.0
2026-609,Indian Wells,Hard,96,1000,,20260304,20,204411.0,,Q,Storm Hunter,L,166.0,AUS,31.563,234.0,301.0,211684.0,,,Magdalena Frech,R,171.0,POL,28.217,36.0,1348.0,3-6 7-5 6-3,3,R128,170.0,1.0,7.0,126.0,86.0,51.0,20.0,15.0,9.0,12.0,4.0,2.0,108.0,65.0,46.0,17,15.0,3.0,7.0
2026-609,Indian Wells,Hard,96,1000,,20260304,21,220348.0,,Q,Diane Parry,R,170.0,FRA,23.505,111.0,724.0,200748.0,,WC,Venus Williams,R,185.0,USA,45.712,554.0,93.0,6-3 6-7(1) 6-1,3,R128,141.0,10.0,2.0,94.0,55.0,43.0,22.0,15.0,3.0,4.0,4.0,6.0,79.0,48.0,32.0,17,13.0,2.0,6.0
2026-609,Indian Wells,Hard,96,1000,,20260304,22,222661.0,,,Sonay Kartal,R,,GBR,24.348,54.0,1127.0,222290.0,,Q,Lanlana Tararudee,R,,THA,21.657,124.0,632.0,6-4 6-4,3,R128,107.0,1.0,1.0,85.0,57.0,33.0,14.0,10.0,15.0,18.0,4.0,3.0,56.0,42.0,24.0,4,10.0,4.0,9.0
2026-609,Indian Wells,Hard,96,1000,,20260304,23,203501.0,,Q,Taylor Townsend,L,170.0,USA,29.882,87.0,829.0,213631.0,,,Marie Bouzkova,R,180.0,CZE,27.62,33.0,1425.0,6-2 6-1,3,R128,75.0,2.0,3.0,47.0,34.0,23.0,6.0,8.0,1.0,3.0,1.0,4.0,50.0,34.0,14.0,4,7.0,6.0,12.0
2026-609,Indian Wells,Hard,96,1000,,20260304,24,221024.0,,WC,Hailey Baptiste,R,,USA,24.332,43.0,1274.0,215306.0,,,Emiliana Arango,R,,COL,25.263,108.0,737.0,2-6 6-2 6-3,3,R128,127.0,0.0,4.0,85.0,45.0,32.0,22.0,13.0,3.0,6.0,1.0,6.0,102.0,69.0,37.0,19,12.0,7.0,11.0
2026-609,Indian Wells,Hard,96,1000,,20260304,25,221333.0,,,Solana Sierra,R,,ARG,21.712,65.0,980.0,220548.0,,,Peyton Stearns,R,,USA,24.403,48.0,1237.0,7-5 7-5,3,R128,96.0,5.0,4.0,75.0,50.0,36.0,12.0,12.0,6.0,8.0,3.0,2.0,59.0,31.0,21.0,17,12.0,0.0,4.0
2026-609,Indian Wells,Hard,96,1000,,20260304,26,211701.0,,,Katerina Siniakova,R,174.0,CZE,29.816,44.0,1269.0,213550.0,,,Sofia Kenin,R,170.0,USA,27.302,45.0,1267.0,1-6 6-4 6-1,3,R128,111.0,5.0,3.0,73.0,40.0,28.0,17.0,12.0,3.0,6.0,2.0,7.0,82.0,59.0,38.0,10,12.0,8.0,12.0
2026-609,Indian Wells,Hard,96,1000,,20260304,27,221909.0,,,Ashlyn Krueger,R,185.0,USA,21.824,82.0,849.0,202663.0,,,Magda Linette,R,171.0,POL,34.057,49.0,1234.0,6-1 6-4,3,R128,79.0,1.0,4.0,56.0,37.0,26.0,11.0,9.0,3.0,4.0,1.0,3.0,55.0,37.0,22.0,5,8.0,6.0,10.0
2026-609,Indian Wells,Hard,96,1000,,20260304,28,201696.0,,,Laura Siegemund,R,168.0,GER,37.999,55.0,1110.0,238075.0,,,Petra Marcinko,,,CRO,20.247,72.0,902.0,3-6 6-3 6-4,3,R128,167.0,2.0,3.0,116.0,91.0,52.0,12.0,14.0,7.0,11.0,5.0,4.0,104.0,70.0,42.0,15,14.0,12.0,17.0
2026-609,Indian Wells,Hard,96,1000,,20260304,29,214388.0,,,Anna Bondar,R,,HUN,28.77,66.0,978.0,221039.0,,,Elsa Jacquemot,R,,FRA,22.837,63.0,1026.0,7-6(5) 7-5,3,R128,131.0,4.0,0.0,76.0,49.0,30.0,14.0,12.0,2.0,6.0,3.0,3.0,87.0,56.0,37.0,11,12.0,5.0,10.0
2026-609,Indian Wells,Hard,96,1000,,20260304,30,222045.0,,,Antonia Ruzic,R,,CRO,23.119,57.0,1075.0,206108.0,,WC,Jennifer Brady,R,178.0,USA,30.895,801.0,40.0,3-6 6-4 6-2,3,R128,123.0,5.0,4.0,91.0,64.0,41.0,11.0,13.0,6.0,10.0,4.0,2.0,85.0,55.0,31.0,15,14.0,5.0,11.0
2026-609,Indian Wells,Hard,96,1000,,20260304,31,260172.0,,WC,Lilli Tagger,,,AUT,18.043,119.0,673.0,219875.0,,,Varvara Gracheva,R,,FRA,25.586,58.0,1072.0,6-2 6-4,3,R128,82.0,5.0,3.0,55.0,36.0,27.0,11.0,9.0,5.0,6.0,0.0,8.0,57.0,27.0,17.0,13,9.0,6.0,10.0
2026-609,Indian Wells,Hard,96,1000,,20260304,32,215037.0,,Q,Kayla Day,L,173.0,USA,26.432,187.0,386.0,215936.0,,,Francesca Jones,R,,GBR,25.454,93.0,806.0,6-3 6-1,3,R128,73.0,4.0,2.0,50.0,35.0,28.0,8.0,8.0,5.0,5.0,0.0,1.0,47.0,36.0,21.0,4,8.0,2.0,6.0
2026-609,Indian Wells,Hard,96,1000,,20260304,33,214544.0,1.0,,Aryna Sabalenka,R,182.0,BLR,27.831,1.0,10675.0,221124.0,,Q,Himeno Sakatsume,R,,JPN,24.584,136.0,556.0,6-4 6-2,3,R64,70.0,3.0,0.0,45.0,35.0,28.0,8.0,9.0,0.0,0.0,1.0,1.0,61.0,45.0,29.0,8,9.0,5.0,8.0
2026-609,Indian Wells,Hard,96,1000,,20260304,34,211713.0,,,Jaqueline Cristian,R,180.0,ROU,27.746,35.0,1367.0,233741.0,29.0,,Maya Joint,R,,AUS,19.883,29.0,1465.0,0-6 6-2 7-5,3,R64,139.0,8.0,4.0,101.0,63.0,41.0,17.0,13.0,8.0,12.0,3.0,3.0,88.0,56.0,36.0,15,13.0,11.0,15.0
2026-609,Indian Wells,Hard,96,1000,,20260304,35,215785.0,,,Camila Osorio,R,162.0,COL,24.198,61.0,1041.0,260300.0,18.0,,Iva Jovic,R,,USA,18.243,18.0,2095.0,4-6 7-6(4) 6-3,3,R64,159.0,5.0,10.0,116.0,74.0,47.0,22.0,15.0,11.0,15.0,3.0,2.0,101.0,63.0,45.0,14,16.0,0.0,5.0
2026-609,Indian Wells,Hard,96,1000,,20260304,36,211768.0,16.0,,Naomi Osaka,R,180.0,JPN,28.381,16.0,2324.0,223286.0,,Q,Victoria Jimenez Kasintseva,L,,AND,20.567,97.0,788.0,7-5 6-2,3,R64,88.0,4.0,0.0,56.0,34.0,24.0,13.0,10.0,2.0,4.0,1.0,2.0,75.0,52.0,29.0,8,10.0,9.0,14.0
2026-609,Indian Wells,Hard,96,1000,,20260304,37,239475.0,10.0,,Victoria Mboko,R,,CAN,19.521,10.0,3211.0,214040.0,,,Kimberly Birrell,R,170.0,AUS,27.847,69.0,925.0,6-4 7-6(5),3,R64,101.0,7.0,5.0,65.0,40.0,31.0,9.0,11.0,3.0,7.0,2.0,4.0,75.0,49.0,27.0,12,11.0,2.0,7.0
2026-609,Indian Wells,Hard,96,1000,,20260304,38,214939.0,23.0,,Anna Kalinskaya,R,175.0,RUS,27.253,22.0,1813.0,220309.0,,,Zeynep Sonmez,R,,TUR,23.844,80.0,851.0,6-4 7-6(4),3,R64,106.0,4.0,3.0,73.0,46.0,32.0,10.0,11.0,1.0,4.0,1.0,6.0,75.0,41.0,23.0,16,11.0,6.0,10.0
2026-609,Indian Wells,Hard,96,1000,,20260304,39,221054.0,25.0,,Emma Raducanu,R,175.0,GBR,23.305,24.0,1645.0,220435.0,,Q,Anastasia Zakharova,R,,RUS,24.124,86.0,831.0,6-1 6-3,3,R64,82.0,3.0,3.0,46.0,33.0,25.0,6.0,8.0,2.0,3.0,0.0,1.0,58.0,46.0,22.0,4,8.0,3.0,8.0
2026-609,Indian Wells,Hard,96,1000,,20260304,40,216153.0,6.0,,Amanda Anisimova,R,180.0,USA,24.507,6.0,6070.0,215020.0,,,Anna Blinkova,R,179.0,RUS,27.48,94.0,795.0,5-7 6-1 6-0,3,R64,99.0,1.0,2.0,76.0,52.0,36.0,10.0,13.0,2.0,6.0,0.0,5.0,71.0,48.0,25.0,4,12.0,4.0,12.0
2026-609,Indian Wells,Hard,96,1000,,20260304,41,221103.0,4.0,,Coco Gauff,R,175.0,USA,21.974,4.0,6803.0,215872.0,,Q,Kamilla Rakhimova,R,,RUS,24.515,88.0,814.0,6-3 7-6(5),3,R64,119.0,0.0,10.0,75.0,52.0,32.0,5.0,10.0,8.0,13.0,1.0,3.0,82.0,46.0,22.0,14,11.0,13.0,20.0
2026-609,Indian Wells,Hard,96,1000,,20260304,42,223253.0,31.0,,Alexandra Eala,L,173.0,PHI,20.781,32.0,1432.0,215035.0,,,Dayana Yastremska,R,175.0,UKR,25.802,52.0,1170.0,7-5 4-6 7-5,3,R64,163.0,2.0,4.0,96.0,69.0,41.0,13.0,17.0,1.0,7.0,8.0,15.0,126.0,67.0,44.0,23,17.0,7.0,14.0
2026-609,Indian Wells,Hard,96,1000,,20260304,43,201514.0,,,Sorana Cirstea,R,176.0,ROU,35.908,38.0,1344.0,223670.0,21.0,,Diana Shnaider,L,,RUS,21.92,20.0,1953.0,6-2 7-6(0),3,R64,92.0,5.0,1.0,66.0,36.0,30.0,18.0,10.0,1.0,1.0,0.0,5.0,69.0,47.0,36.0,7,10.0,6.0,8.0
2026-609,Indian Wells,Hard,96,1000,,20260304,44,222328.0,14.0,,Linda Noskova,R,,CZE,21.293,14.0,2421.0,222601.0,,,Jessica Bouzas Maneiro,R,,ESP,23.442,50.0,1202.0,6-3 6-3,3,R64,71.0,5.0,5.0,56.0,36.0,30.0,8.0,9.0,3.0,4.0,3.0,4.0,60.0,26.0,15.0,14,9.0,4.0,8.0
2026-609,Indian Wells,Hard,96,1000,,20260304,45,221883.0,,Q,Talia Gibson,R,,AUS,21.709,112.0,721.0,206420.0,11.0,,Ekaterina Alexandrova,R,175.0,RUS,31.3,11.0,2918.0,6-3 7-5,3,R64,93.0,7.0,2.0,74.0,39.0,32.0,19.0,11.0,7.0,7.0,6.0,3.0,58.0,34.0,23.0,14,10.0,1.0,3.0
2026-609,Indian Wells,Hard,96,1000,,20260304,46,220704.0,17.0,,Clara Tauson,R,182.0,DEN,23.201,17.0,2095.0,201709.0,,,Yulia Putintseva,R,163.0,KAZ,31.155,76.0,871.0,7-6(9) 6-2,3,R64,123.0,4.0,3.0,82.0,50.0,37.0,14.0,10.0,6.0,9.0,1.0,1.0,75.0,51.0,31.0,9,10.0,3.0,8.0
2026-609,Indian Wells,Hard,96,1000,,20260304,47,201548.0,,,Ajla Tomljanovic,R,180.0,AUS,32.825,85.0,837.0,216133.0,30.0,,Xinyu Wang,R,182.0,CHN,24.436,30.0,1438.0,6-3 6-1,3,R64,68.0,2.0,6.0,53.0,39.0,31.0,6.0,8.0,8.0,8.0,1.0,3.0,50.0,33.0,19.0,6,8.0,0.0,4.0
2026-609,Indian Wells,Hard,96,1000,,20260304,48,211148.0,7.0,,Jasmine Paolini,R,160.0,ITA,30.164,7.0,4232.0,215713.0,,,Anastasia Potapova,R,175.0,RUS,24.929,91.0,810.0,6-7(5) 6-2 6-3,3,R64,150.0,5.0,1.0,103.0,66.0,43.0,20.0,14.0,8.0,11.0,1.0,6.0,108.0,59.0,36.0,21,15.0,10.0,17.0
2026-609,Indian Wells,Hard,96,1000,,20260304,49,202468.0,5.0,,Jessica Pegula,R,170.0,USA,32.023,5.0,6583.0,202499.0,,WC,Donna Vekic,R,179.0,CRO,29.682,103.0,768.0,4-6 6-2 6-3,3,R64,115.0,8.0,3.0,86.0,57.0,40.0,16.0,13.0,5.0,7.0,1.0,3.0,85.0,53.0,33.0,13,14.0,2.0,7.0
2026-609,Indian Wells,Hard,96,1000,,20260304,50,211533.0,26.0,,Jelena Ostapenko,R,177.0,LAT,28.737,26.0,1600.0,220465.0,,WC,Katie Volynets,R,,USA,24.173,98.0,786.0,6-4 7-6(5),3,R64,115.0,0.0,6.0,77.0,44.0,32.0,11.0,11.0,2.0,6.0,7.0,0.0,90.0,62.0,33.0,12,11.0,3.0,8.0
2026-609,Indian Wells,Hard,96,1000,,20260304,51,210722.0,22.0,,Elise Mertens,R,179.0,BEL,30.295,21.0,1936.0,213710.0,,,Cristina Bucsa,R,,ESP,28.17,31.0,1436.0,6-2 6-1,3,R64,54.0,4.0,6.0,46.0,27.0,22.0,9.0,8.0,1.0,2.0,0.0,3.0,37.0,25.0,10.0,4,7.0,1.0,6.0
2026-609,Indian Wells,Hard,96,1000,,20260304,52,202505.0,12.0,,Belinda Bencic,R,175.0,SUI,28.983,12.0,2898.0,204411.0,,Q,Storm Hunter,L,166.0,AUS,31.563,234.0,301.0,6-3 6-2,3,R64,75.0,1.0,3.0,56.0,31.0,19.0,15.0,8.0,5.0,7.0,2.0,2.0,52.0,26.0,17.0,8,9.0,4.0,10.0
2026-609,Indian Wells,Hard,96,1000,,20260304,53,201619.0,15.0,,Madison Keys,R,178.0,USA,31.042,15.0,2351.0,220348.0,,Q,Diane Parry,R,170.0,FRA,23.505,111.0,724.0,6-4 6-3,3,R64,103.0,2.0,2.0,72.0,55.0,36.0,9.0,9.0,8.0,9.0,0.0,3.0,71.0,37.0,22.0,16,10.0,5.0,9.0
2026-609,Indian Wells,Hard,96,1000,,20260304,54,222661.0,,,Sonay Kartal,R,,GBR,24.348,54.0,1127.0,215613.0,20.0,,Emma Navarro,R,,USA,24.794,25.0,1605.0,6-1 3-6 7-6(2),3,R64,152.0,3.0,3.0,93.0,49.0,31.0,22.0,14.0,3.0,8.0,1.0,4.0,98.0,64.0,40.0,13,14.0,6.0,12.0
2026-609,Indian Wells,Hard,96,1000,,20260304,55,216146.0,28.0,,Marta Kostyuk,R,175.0,UKR,23.683,28.0,1583.0,203501.0,,Q,Taylor Townsend,L,170.0,USA,29.882,87.0,829.0,6-3 6-2,3,R64,78.0,1.0,4.0,60.0,41.0,32.0,5.0,9.0,1.0,3.0,2.0,3.0,55.0,38.0,20.0,7,8.0,7.0,12.0
2026-609,Indian Wells,Hard,96,1000,,20260304,56,214981.0,3.0,,Elena Rybakina,R,184.0,KAZ,26.714,3.0,7253.0,221024.0,,WC,Hailey Baptiste,R,,USA,24.332,43.0,1274.0,7-6(5) 2-6 6-2,3,R64,136.0,6.0,5.0,102.0,66.0,43.0,20.0,14.0,7.0,10.0,6.0,4.0,91.0,59.0,36.0,19,14.0,2.0,5.0
2026-609,Indian Wells,Hard,96,1000,,20260304,57,259799.0,8.0,,Mirra Andreeva,R,,RUS,18.848,8.0,4001.0,221333.0,,,Solana Sierra,R,,ARG,21.712,65.0,980.0,6-0 6-0,3,R64,50.0,1.0,2.0,38.0,22.0,15.0,13.0,6.0,4.0,4.0,0.0,3.0,37.0,16.0,3.0,8,6.0,3.0,9.0
2026-609,Indian Wells,Hard,96,1000,,20260304,58,211701.0,,,Katerina Siniakova,R,174.0,CZE,29.816,44.0,1269.0,220367.0,27.0,,Leylah Fernandez,L,168.0,CAN,23.491,27.0,1598.0,5-7 6-4 7-6(1),3,R64,208.0,2.0,6.0,138.0,95.0,61.0,21.0,17.0,14.0,18.0,2.0,5.0,130.0,72.0,46.0,32,17.0,15.0,19.0
2026-609,Indian Wells,Hard,96,1000,,20260304,59,221909.0,,,Ashlyn Krueger,R,185.0,USA,21.824,82.0,849.0,214643.0,19.0,,Liudmila Samsonova,R,180.0,RUS,27.311,19.0,2050.0,3-6 7-5 6-2,3,R64,146.0,11.0,7.0,98.0,72.0,43.0,14.0,15.0,5.0,10.0,0.0,5.0,99.0,51.0,32.0,19,14.0,8.0,14.0
2026-609,Indian Wells,Hard,96,1000,,20260304,60,202494.0,9.0,,Elina Svitolina,R,174.0,UKR,31.475,9.0,3845.0,201696.0,,,Laura Siegemund,R,168.0,GER,37.999,55.0,1110.0,7-6(5) 4-6 6-3,3,R64,153.0,4.0,4.0,104.0,63.0,45.0,23.0,15.0,8.0,11.0,0.0,3.0,99.0,73.0,47.0,16,16.0,1.0,5.0
2026-609,Indian Wells,Hard,96,1000,,20260304,61,214096.0,13.0,,Karolina Muchova,R,178.0,CZE,29.534,13.0,2668.0,214388.0,,,Anna Bondar,R,,HUN,28.77,66.0,978.0,7-5 6-2,3,R64,107.0,1.0,0.0,78.0,48.0,38.0,11.0,10.0,4.0,5.0,2.0,4.0,59.0,30.0,21.0,12,10.0,6.0,10.0
2026-609,Indian Wells,Hard,96,1000,,20260304,62,222045.0,,,Antonia Ruzic,R,,CRO,23.119,57.0,1075.0,221012.0,24.0,,Qinwen Zheng,R,,CHN,23.404,23.0,1758.0,6-4 7-5,3,R64,114.0,1.0,4.0,73.0,43.0,27.0,17.0,11.0,7.0,9.0,5.0,5.0,70.0,35.0,24.0,15,11.0,5.0,9.0
2026-609,Indian Wells,Hard,96,1000,,20260304,63,206289.0,32.0,,Maria Sakkari,R,172.0,GRE,30.61,34.0,1410.0,260172.0,,WC,Lilli Tagger,,,AUT,18.043,119.0,673.0,7-5 6-0,3,R64,95.0,3.0,3.0,60.0,33.0,28.0,14.0,9.0,6.0,6.0,1.0,3.0,63.0,38.0,24.0,9,9.0,4.0,8.0
2026-609,Indian Wells,Hard,96,1000,,20260304,64,216347.0,2.0,,Iga Swiatek,R,176.0,POL,24.759,2.0,7588.0,215037.0,,Q,Kayla Day,L,173.0,USA,26.432,187.0,386.0,6-0 7-6(2),3,R64,98.0,3.0,7.0,70.0,34.0,27.0,17.0,9.0,11.0,13.0,1.0,1.0,55.0,31.0,18.0,8,9.0,0.0,5.0
2026-609,Indian Wells,Hard,96,1000,,20260304,65,214544.0,1.0,,Aryna Sabalenka,R,182.0,BLR,27.831,1.0,10675.0,211713.0,,,Jaqueline Cristian,R,180.0,ROU,27.746,35.0,1367.0,6-4 6-1,3,R32,71.0,5.0,3.0,51.0,35.0,30.0,7.0,9.0,5.0,6.0,2.0,7.0,45.0,21.0,17.0,6,8.0,2.0,6.0
2026-609,Indian Wells,Hard,96,1000,,20260304,66,211768.0,16.0,,Naomi Osaka,R,180.0,JPN,28.381,16.0,2324.0,215785.0,,,Camila Osorio,R,162.0,COL,24.198,61.0,1041.0,6-1 3-6 6-1,3,R32,99.0,9.0,1.0,73.0,52.0,39.0,9.0,12.0,4.0,6.0,1.0,5.0,79.0,46.0,27.0,14,11.0,4.0,9.0
2026-609,Indian Wells,Hard,96,1000,,20260304,67,239475.0,10.0,,Victoria Mboko,R,,CAN,19.521,10.0,3211.0,214939.0,23.0,,Anna Kalinskaya,R,175.0,RUS,27.253,22.0,1813.0,6-4 6-1,3,R32,64.0,3.0,3.0,50.0,30.0,24.0,14.0,9.0,2.0,2.0,1.0,1.0,43.0,31.0,20.0,5,8.0,1.0,4.0
2026-609,Indian Wells,Hard,96,1000,,20260304,68,216153.0,6.0,,Amanda Anisimova,R,180.0,USA,24.507,6.0,6070.0,221054.0,25.0,,Emma Raducanu,R,175.0,GBR,23.305,24.0,1645.0,6-1 6-1,3,R32,52.0,2.0,2.0,35.0,21.0,18.0,10.0,7.0,0.0,0.0,0.0,3.0,39.0,22.0,6.0,8,7.0,2.0,7.0
2026-609,Indian Wells,Hard,96,1000,,20260304,69,223253.0,31.0,,Alexandra Eala,L,173.0,PHI,20.781,32.0,1432.0,221103.0,4.0,,Coco Gauff,R,175.0,USA,21.974,4.0,6803.0,6-2 2-0 RET,3,R32,54.0,0.0,0.0,25.0,17.0,10.0,4.0,5.0,1.0,3.0,2.0,7.0,39.0,17.0,8.0,6,5.0,1.0,6.0
2026-609,Indian Wells,Hard,96,1000,,20260304,70,222328.0,14.0,,Linda Noskova,R,,CZE,21.293,14.0,2421.0,201514.0,,,Sorana Cirstea,R,176.0,ROU,35.908,38.0,1344.0,6-7(5) 6-4 6-4,3,R32,143.0,10.0,6.0,99.0,57.0,43.0,25.0,16.0,0.0,1.0,12.0,3.0,116.0,63.0,43.0,30,16.0,9.0,12.0
2026-609,Indian Wells,Hard,96,1000,,20260304,71,221883.0,,Q,Talia Gibson,R,,AUS,21.709,112.0,721.0,220704.0,17.0,,Clara Tauson,R,182.0,DEN,23.201,17.0,2095.0,7-6(2) 4-6 6-4,3,R32,155.0,8.0,5.0,102.0,66.0,54.0,17.0,16.0,8.0,10.0,28.0,4.0,115.0,81.0,65.0,12,16.0,3.0,5.0
2026-609,Indian Wells,Hard,96,1000,,20260304,72,211148.0,7.0,,Jasmine Paolini,R,160.0,ITA,30.164,7.0,4232.0,201548.0,,,Ajla Tomljanovic,R,180.0,AUS,32.825,85.0,837.0,7-5 5-7 6-1,3,R32,139.0,6.0,4.0,89.0,55.0,35.0,19.0,15.0,3.0,7.0,4.0,5.0,108.0,80.0,44.0,13,16.0,9.0,16.0
2026-609,Indian Wells,Hard,96,1000,,20260304,73,202468.0,5.0,,Jessica Pegula,R,170.0,USA,32.023,5.0,6583.0,211533.0,26.0,,Jelena Ostapenko,R,177.0,LAT,28.737,26.0,1600.0,4-6 6-3 6-2,3,R32,106.0,12.0,1.0,77.0,49.0,37.0,14.0,14.0,0.0,3.0,3.0,3.0,78.0,45.0,29.0,14,13.0,5.0,10.0
2026-609,Indian Wells,Hard,96,1000,,20260304,74,202505.0,12.0,,Belinda Bencic,R,175.0,SUI,28.983,12.0,2898.0,210722.0,22.0,,Elise Mertens,R,179.0,BEL,30.295,21.0,1936.0,6-2 6-3,3,R32,86.0,1.0,3.0,60.0,37.0,28.0,12.0,9.0,4.0,5.0,2.0,4.0,54.0,35.0,19.0,6,8.0,4.0,8.0
2026-609,Indian Wells,Hard,96,1000,,20260304,75,222661.0,,,Sonay Kartal,R,,GBR,24.348,54.0,1127.0,201619.0,15.0,,Madison Keys,R,178.0,USA,31.042,15.0,2351.0,2-6 6-2 6-3,3,R32,117.0,2.0,2.0,87.0,62.0,41.0,14.0,13.0,3.0,6.0,5.0,3.0,91.0,61.0,35.0,15,12.0,6.0,10.0
2026-609,Indian Wells,Hard,96,1000,,20260304,76,214981.0,3.0,,Elena Rybakina,R,184.0,KAZ,26.714,3.0,7253.0,216146.0,28.0,,Marta Kostyuk,R,175.0,UKR,23.683,28.0,1583.0,6-4 6-4,3,R32,87.0,1.0,2.0,64.0,37.0,25.0,13.0,10.0,3.0,6.0,0.0,7.0,62.0,35.0,22.0,10,10.0,2.0,7.0
2026-609,Indian Wells,Hard,96,1000,,20260304,77,211701.0,,,Katerina Siniakova,R,174.0,CZE,29.816,44.0,1269.0,259799.0,8.0,,Mirra Andreeva,R,,RUS,18.848,8.0,4001.0,4-6 7-6(5) 6-3,3,R32,168.0,0.0,3.0,128.0,93.0,54.0,15.0,16.0,19.0,26.0,6.0,10.0,115.0,79.0,45.0,13,15.0,9.0,16.0
2026-609,Indian Wells,Hard,96,1000,,20260304,78,202494.0,9.0,,Elina Svitolina,R,174.0,UKR,31.475,9.0,3845.0,221909.0,,,Ashlyn Krueger,R,185.0,USA,21.824,82.0,849.0,6-4 6-2,3,R32,70.0,2.0,1.0,53.0,30.0,25.0,11.0,9.0,1.0,2.0,3.0,4.0,56.0,39.0,20.0,8,9.0,2.0,6.0
2026-609,Indian Wells,Hard,96,1000,,20260304,79,214096.0,13.0,,Karolina Muchova,R,178.0,CZE,29.534,13.0,2668.0,222045.0,,,Antonia Ruzic,R,,CRO,23.119,57.0,1075.0,6-0 6-3,3,R32,70.0,2.0,0.0,37.0,27.0,23.0,5.0,7.0,0.0,0.0,0.0,1.0,60.0,45.0,18.0,9,8.0,8.0,13.0
2026-609,Indian Wells,Hard,96,1000,,20260304,80,216347.0,2.0,,Iga Swiatek,R,176.0,POL,24.759,2.0,7588.0,206289.0,32.0,,Maria Sakkari,R,172.0,GRE,30.61,34.0,1410.0,6-3 6-2,3,R32,85.0,1.0,1.0,60.0,41.0,26.0,12.0,9.0,6.0,8.0,3.0,1.0,62.0,43.0,24.0,4,8.0,5.0,10.0
2026-609,Indian Wells,Hard,96,1000,,20260304,81,214544.0,1.0,,Aryna Sabalenka,R,182.0,BLR,27.831,1.0,10675.0,211768.0,16.0,,Naomi Osaka,R,180.0,JPN,28.381,16.0,2324.0,6-2 6-4,3,R16,80.0,8.0,0.0,56.0,42.0,32.0,7.0,9.0,2.0,2.0,4.0,4.0,68.0,43.0,25.0,12,9.0,6.0,9.0
2026-609,Indian Wells,Hard,96,1000,,20260304,82,239475.0,10.0,,Victoria Mboko,R,,CAN,19.521,10.0,3211.0,216153.0,6.0,,Amanda Anisimova,R,180.0,USA,24.507,6.0,6070.0,6-4 6-1,3,R16,73.0,5.0,5.0,47.0,33.0,27.0,7.0,8.0,1.0,1.0,4.0,2.0,69.0,51.0,29.0,5,9.0,0.0,4.0
2026-609,Indian Wells,Hard,96,1000,,20260304,83,222328.0,14.0,,Linda Noskova,R,,CZE,21.293,14.0,2421.0,223253.0,31.0,,Alexandra Eala,L,173.0,PHI,20.781,32.0,1432.0,6-2 6-0,3,R16,55.0,7.0,0.0,38.0,22.0,17.0,13.0,7.0,1.0,1.0,0.0,3.0,44.0,25.0,9.0,9,7.0,3.0,8.0
2026-609,Indian Wells,Hard,96,1000,,20260304,84,221883.0,,Q,Talia Gibson,R,,AUS,21.709,112.0,721.0,211148.0,7.0,,Jasmine Paolini,R,160.0,ITA,30.164,7.0,4232.0,7-5 2-6 6-1,3,R16,120.0,4.0,5.0,86.0,50.0,36.0,16.0,13.0,3.0,6.0,4.0,1.0,87.0,62.0,37.0,14,14.0,8.0,13.0
2026-609,Indian Wells,Hard,96,1000,,20260304,85,202468.0,5.0,,Jessica Pegula,R,170.0,USA,32.023,5.0,6583.0,202505.0,12.0,,Belinda Bencic,R,175.0,SUI,28.983,12.0,2898.0,6-3 7-6(5),3,R16,108.0,8.0,3.0,78.0,47.0,31.0,12.0,11.0,2.0,5.0,3.0,6.0,78.0,46.0,27.0,13,10.0,3.0,7.0
2026-609,Indian Wells,Hard,96,1000,,20260304,86,214981.0,3.0,,Elena Rybakina,R,184.0,KAZ,26.714,3.0,7253.0,222661.0,,,Sonay Kartal,R,,GBR,24.348,54.0,1127.0,6-4 4-3 RET,3,R16,77.0,6.0,1.0,53.0,32.0,23.0,14.0,9.0,1.0,2.0,2.0,2.0,55.0,33.0,23.0,9,9.0,1.0,4.0
2026-609,Indian Wells,Hard,96,1000,,20260304,87,202494.0,9.0,,Elina Svitolina,R,174.0,UKR,31.475,9.0,3845.0,211701.0,,,Katerina Siniakova,R,174.0,CZE,29.816,44.0,1269.0,6-1 1-1 RET,3,R16,38.0,1.0,1.0,27.0,13.0,11.0,9.0,5.0,0.0,0.0,0.0,1.0,24.0,11.0,6.0,6,5.0,1.0,3.0
2026-609,Indian Wells,Hard,96,1000,,20260304,88,216347.0,2.0,,Iga Swiatek,R,176.0,POL,24.759,2.0,7588.0,214096.0,13.0,,Karolina Muchova,R,178.0,CZE,29.534,13.0,2668.0,6-2 6-0,3,R16,77.0,1.0,2.0,39.0,29.0,23.0,6.0,7.0,0.0,0.0,0.0,2.0,55.0,36.0,19.0,4,7.0,2.0,7.0
2026-609,Indian Wells,Hard,96,1000,,20260304,89,214544.0,1.0,,Aryna Sabalenka,R,182.0,BLR,27.831,1.0,10675.0,239475.0,10.0,,Victoria Mboko,R,,CAN,19.521,10.0,3211.0,7-6(0) 6-4,3,QF,109.0,6.0,5.0,84.0,52.0,36.0,21.0,11.0,5.0,5.0,9.0,8.0,82.0,48.0,35.0,15,11.0,7.0,8.0
2026-609,Indian Wells,Hard,96,1000,,20260304,90,222328.0,14.0,,Linda Noskova,R,,CZE,21.293,14.0,2421.0,221883.0,,Q,Talia Gibson,R,,AUS,21.709,112.0,721.0,6-2 4-6 6-2,3,QF,97.0,13.0,10.0,72.0,45.0,37.0,13.0,13.0,3.0,5.0,9.0,5.0,74.0,45.0,31.0,11,13.0,4.0,9.0
2026-609,Indian Wells,Hard,96,1000,,20260304,91,214981.0,3.0,,Elena Rybakina,R,184.0,KAZ,26.714,3.0,7253.0,202468.0,5.0,,Jessica Pegula,R,170.0,USA,32.023,5.0,6583.0,6-1 7-6(4),3,QF,88.0,7.0,2.0,78.0,51.0,38.0,13.0,10.0,4.0,5.0,5.0,0.0,57.0,32.0,22.0,14,9.0,1.0,4.0
2026-609,Indian Wells,Hard,96,1000,,20260304,92,202494.0,9.0,,Elina Svitolina,R,174.0,UKR,31.475,9.0,3845.0,216347.0,2.0,,Iga Swiatek,R,176.0,POL,24.759,2.0,7588.0,6-2 4-6 6-4,3,QF,129.0,5.0,5.0,89.0,55.0,40.0,15.0,14.0,5.0,8.0,3.0,8.0,87.0,53.0,33.0,15,14.0,6.0,11.0
2026-609,Indian Wells,Hard,96,1000,,20260304,93,214544.0,1.0,,Aryna Sabalenka,R,182.0,BLR,27.831,1.0,10675.0,222328.0,14.0,,Linda Noskova,R,,CZE,21.293,14.0,2421.0,6-3 6-4,3,SF,88.0,11.0,2.0,58.0,38.0,28.0,12.0,10.0,2.0,3.0,5.0,6.0,78.0,46.0,28.0,14,9.0,7.0,10.0
2026-609,Indian Wells,Hard,96,1000,,20260304,94,214981.0,3.0,,Elena Rybakina,R,184.0,KAZ,26.714,3.0,7253.0,202494.0,9.0,,Elina Svitolina,R,174.0,UKR,31.475,9.0,3845.0,7-5 6-4,3,SF,106.0,6.0,1.0,75.0,46.0,36.0,11.0,11.0,7.0,9.0,6.0,8.0,85.0,50.0,32.0,15,11.0,7.0,11.0
2026-609,Indian Wells,Hard,96,1000,,20260304,95,214544.0,1.0,,Aryna Sabalenka,R,182.0,BLR,27.831,1.0,10675.0,214981.0,3.0,,Elena Rybakina,R,184.0,KAZ,26.714,3.0,7253.0,3-6 6-3 7-6(6),3,F,151.0,10.0,3.0,108.0,60.0,40.0,27.0,15.0,6.0,9.0,12.0,2.0,96.0,56.0,35.0,28,15.0,5.0,8.0
2026-902,Miami,Hard,96,1000,,20260317,1,201585.0,,WC,Sloane Stephens,R,170.0,USA,32.992,717.0,54.0,206108.0,,WC,Jennifer Brady,R,178.0,USA,30.93,744.0,50.0,6-4 6-2,3,R128,84.0,1.0,2.0,61.0,44.0,30.0,12.0,9.0,6.0,6.0,1.0,0.0,61.0,35.0,23.0,12,9.0,2.0,5.0
2026-902,Miami,Hard,96,1000,,20260317,2,263644.0,,WC,Emerson Jones,R,,AUS,17.692,147.0,532.0,222258.0,,,Linda Fruhvirtova,R,,CZE,20.877,121.0,685.0,3-6 7-6(3) 7-6(4),3,R128,169.0,2.0,1.0,135.0,87.0,45.0,24.0,16.0,11.0,18.0,3.0,7.0,118.0,73.0,40.0,21,17.0,4.0,10.0
2026-902,Miami,Hard,96,1000,,20260317,3,211817.0,,,Elena Gabriela Ruse,R,,ROU,28.359,73.0,900.0,222045.0,,Q,Antonia Ruzic,R,,CRO,23.154,55.0,1111.0,7-5 7-6(3),3,R128,126.0,7.0,4.0,77.0,44.0,30.0,19.0,12.0,7.0,10.0,1.0,4.0,91.0,57.0,31.0,18,12.0,5.0,9.0
2026-902,Miami,Hard,96,1000,,20260317,4,203501.0,,,Taylor Townsend,L,170.0,USA,29.917,80.0,874.0,215138.0,,,Lulu Sun,L,,NZL,24.923,111.0,735.0,7-6(5) 6-3,3,R128,86.0,9.0,2.0,67.0,49.0,42.0,12.0,11.0,2.0,2.0,7.0,1.0,58.0,38.0,28.0,13,10.0,1.0,2.0
2026-902,Miami,Hard,96,1000,,20260317,5,215035.0,,,Dayana Yastremska,R,175.0,UKR,25.838,54.0,1140.0,221909.0,,WC,Ashlyn Krueger,R,185.0,USA,21.859,79.0,879.0,2-6 6-4 7-5,3,R128,113.0,6.0,6.0,97.0,65.0,42.0,17.0,15.0,7.0,11.0,7.0,10.0,88.0,58.0,44.0,11,15.0,5.0,9.0
2026-902,Miami,Hard,96,1000,,20260317,6,215872.0,,LL,Kamilla Rakhimova,R,,RUS,24.551,82.0,869.0,221333.0,,,Solana Sierra,R,,ARG,21.747,63.0,1000.0,6-1 6-3,3,R128,57.0,1.0,4.0,43.0,24.0,21.0,9.0,8.0,2.0,3.0,3.0,3.0,46.0,29.0,16.0,4,8.0,0.0,5.0
2026-902,Miami,Hard,96,1000,,20260317,7,216083.0,,,Caty McNally,R,,USA,24.321,72.0,903.0,214119.0,,Q,Rebeka Masarova,R,186.0,ESP,26.612,113.0,730.0,6-2 7-5,3,R128,91.0,0.0,4.0,56.0,37.0,30.0,8.0,10.0,2.0,3.0,3.0,2.0,57.0,31.0,22.0,12,10.0,5.0,9.0
2026-902,Miami,Hard,96,1000,,20260317,8,263857.0,,Q,Yuliia Starodubtseva,R,,UKR,26.079,108.0,751.0,220332.0,,,Eva Lys,R,165.0,GER,24.176,77.0,893.0,6-1 6-4,3,R128,77.0,2.0,0.0,44.0,35.0,21.0,7.0,8.0,3.0,5.0,1.0,5.0,66.0,40.0,22.0,7,9.0,5.0,11.0
2026-902,Miami,Hard,96,1000,,20260317,9,220435.0,,Q,Anastasia Zakharova,R,,RUS,24.159,74.0,899.0,214388.0,,,Anna Bondar,R,,HUN,28.806,65.0,986.0,5-7 6-3 6-1,3,R128,145.0,0.0,4.0,95.0,74.0,44.0,11.0,14.0,3.0,7.0,5.0,2.0,91.0,59.0,33.0,14,14.0,7.0,14.0
2026-902,Miami,Hard,96,1000,,20260317,10,220722.0,,Q,Elvina Kalieva,R,,USA,22.64,154.0,484.0,213646.0,,,Dalma Galfi,R,178.0,HUN,27.593,87.0,842.0,6-3 6-7(5) 7-6(5),3,R128,197.0,6.0,5.0,139.0,86.0,61.0,21.0,17.0,15.0,19.0,12.0,3.0,123.0,85.0,48.0,19,16.0,6.0,11.0
2026-902,Miami,Hard,96,1000,,20260317,11,238184.0,,,Tereza Valentova,,,CZE,19.07,49.0,1217.0,220465.0,,,Katie Volynets,R,,USA,24.209,95.0,811.0,6-2 6-4,3,R128,82.0,2.0,0.0,51.0,29.0,21.0,13.0,9.0,0.0,1.0,2.0,2.0,60.0,49.0,31.0,1,9.0,4.0,8.0
2026-902,Miami,Hard,96,1000,,20260317,12,219917.0,,,Alycia Parks,R,185.0,USA,25.208,105.0,764.0,221257.0,,,Sinja Kraus,R,,AUT,23.883,120.0,690.0,7-5 7-6(4),3,R128,105.0,4.0,3.0,73.0,42.0,27.0,14.0,12.0,1.0,6.0,1.0,4.0,70.0,45.0,28.0,9,12.0,3.0,9.0
2026-902,Miami,Hard,96,1000,,20260317,13,221883.0,,Q,Talia Gibson,R,,AUS,21.744,68.0,950.0,239383.0,,Q,Sara Bejlek,L,,CZE,20.124,41.0,1326.0,6-1 6-0,3,R128,69.0,4.0,3.0,57.0,31.0,21.0,14.0,7.0,8.0,9.0,0.0,6.0,35.0,13.0,5.0,4,6.0,0.0,6.0
2026-902,Miami,Hard,96,1000,,20260317,14,211651.0,,,Paula Badosa,R,180.0,ESP,28.335,100.0,797.0,205925.0,,Q,Aliaksandra Sasnovich,R,174.0,BLR,31.987,116.0,701.0,7-5 6-3,3,R128,109.0,11.0,4.0,78.0,43.0,30.0,17.0,11.0,4.0,6.0,1.0,6.0,67.0,40.0,27.0,10,10.0,9.0,13.0
2026-902,Miami,Hard,96,1000,,20260317,15,215785.0,,,Camila Osorio,R,162.0,COL,24.233,58.0,1071.0,211701.0,,,Katerina Siniakova,R,174.0,CZE,29.851,42.0,1324.0,6-1 6-4,3,R128,79.0,2.0,6.0,70.0,42.0,29.0,14.0,9.0,7.0,9.0,0.0,6.0,47.0,27.0,14.0,6,8.0,3.0,8.0
2026-902,Miami,Hard,96,1000,,20260317,16,215020.0,,,Anna Blinkova,R,179.0,RUS,27.516,92.0,820.0,213550.0,,,Sofia Kenin,R,170.0,USA,27.338,46.0,1242.0,3-6 6-1 6-3,3,R128,116.0,2.0,2.0,75.0,46.0,29.0,19.0,12.0,2.0,4.0,1.0,5.0,100.0,67.0,37.0,19,13.0,9.0,14.0
2026-902,Miami,Hard,96,1000,,20260317,17,220309.0,,,Zeynep Sonmez,R,,TUR,23.88,83.0,866.0,206242.0,,,Beatriz Haddad Maia,L,185.0,BRA,29.797,69.0,942.0,6-3 6-2,3,R128,85.0,3.0,3.0,56.0,38.0,23.0,8.0,8.0,4.0,7.0,1.0,7.0,63.0,41.0,20.0,5,9.0,7.0,14.0
2026-902,Miami,Hard,96,1000,,20260317,18,201514.0,,,Sorana Cirstea,R,176.0,ROU,35.943,35.0,1374.0,201533.0,,,Shuai Zhang,R,177.0,CHN,37.151,61.0,1036.0,6-3 6-4,3,R128,69.0,14.0,5.0,69.0,41.0,32.0,9.0,10.0,3.0,5.0,0.0,4.0,57.0,33.0,18.0,11,9.0,5.0,9.0
2026-902,Miami,Hard,96,1000,,20260317,19,211107.0,,,Katie Boulter,R,180.0,GBR,29.624,67.0,957.0,222601.0,,,Jessica Bouzas Maneiro,R,,ESP,23.478,48.0,1227.0,7-6(9) 6-4,3,R128,108.0,4.0,3.0,79.0,46.0,30.0,14.0,11.0,3.0,7.0,3.0,10.0,82.0,52.0,28.0,13,11.0,4.0,9.0
2026-902,Miami,Hard,96,1000,,20260317,20,201696.0,,,Laura Siegemund,R,168.0,GER,38.035,53.0,1143.0,238075.0,,,Petra Marcinko,,,CRO,20.282,76.0,896.0,6-4 6-4,3,R128,97.0,1.0,4.0,58.0,37.0,27.0,10.0,10.0,3.0,5.0,2.0,4.0,70.0,42.0,24.0,13,10.0,6.0,10.0
2026-902,Miami,Hard,96,1000,,20260317,21,220520.0,,,McCartney Kessler,R,,USA,26.692,51.0,1168.0,211684.0,,,Magdalena Frech,R,171.0,POL,28.252,37.0,1348.0,2-6 6-4 6-2,3,R128,106.0,1.0,3.0,72.0,51.0,36.0,11.0,13.0,0.0,2.0,4.0,0.0,74.0,49.0,37.0,9,13.0,2.0,5.0
2026-902,Miami,Hard,96,1000,,20260317,22,202663.0,,,Magda Linette,R,171.0,POL,34.092,50.0,1209.0,219875.0,,,Varvara Gracheva,R,,FRA,25.621,60.0,1047.0,2-6 6-2 6-0,3,R128,117.0,4.0,1.0,67.0,41.0,24.0,13.0,11.0,5.0,9.0,3.0,5.0,91.0,57.0,32.0,10,11.0,11.0,18.0
2026-902,Miami,Hard,96,1000,,20260317,23,201548.0,,,Ajla Tomljanovic,R,180.0,AUS,32.86,81.0,872.0,215899.0,,,Simona Waltert,R,,SUI,25.257,88.0,842.0,6-3 6-4,3,R128,111.0,3.0,2.0,67.0,48.0,36.0,9.0,10.0,5.0,6.0,1.0,0.0,76.0,47.0,26.0,17,9.0,8.0,11.0
2026-902,Miami,Hard,96,1000,,20260317,24,221039.0,,,Elsa Jacquemot,R,,FRA,22.872,62.0,1021.0,221307.0,,,Darja Vidmanova,R,,CZE,23.185,118.0,697.0,6-7(5) 7-5 7-5,3,R128,195.0,1.0,17.0,124.0,77.0,52.0,16.0,18.0,6.0,12.0,2.0,3.0,114.0,70.0,42.0,19,18.0,6.0,14.0
2026-902,Miami,Hard,96,1000,,20260317,25,221024.0,,,Hailey Baptiste,R,,USA,24.367,45.0,1244.0,213583.0,,,Tatjana Maria,R,172.0,GER,38.607,59.0,1069.0,7-5 6-2,3,R128,78.0,4.0,4.0,50.0,27.0,23.0,12.0,10.0,0.0,2.0,3.0,4.0,58.0,30.0,16.0,12,10.0,5.0,10.0
2026-902,Miami,Hard,96,1000,,20260317,26,201709.0,,,Yulia Putintseva,R,163.0,KAZ,31.19,75.0,896.0,222145.0,,,Janice Tjen,R,,INA,23.864,40.0,1330.0,3-6 6-3 6-4,3,R128,127.0,2.0,0.0,82.0,69.0,45.0,8.0,14.0,4.0,6.0,12.0,9.0,91.0,52.0,41.0,14,14.0,5.0,8.0
2026-902,Miami,Hard,96,1000,,20260317,27,215983.0,,,Ann Li,R,170.0,USA,25.723,39.0,1333.0,214040.0,,Q,Kimberly Birrell,R,170.0,AUS,27.883,70.0,915.0,6-2 2-6 6-3,3,R128,106.0,7.0,3.0,73.0,43.0,33.0,16.0,13.0,1.0,4.0,1.0,5.0,88.0,56.0,35.0,15,12.0,10.0,14.0
2026-902,Miami,Hard,96,1000,,20260317,28,221407.0,,LL,Oksana Selekhmeteva,L,,RUS,23.174,71.0,912.0,215306.0,,,Emiliana Arango,R,,COL,25.298,109.0,746.0,6-3 4-6 6-3,3,R128,128.0,2.0,9.0,97.0,59.0,36.0,18.0,14.0,9.0,14.0,1.0,2.0,105.0,71.0,39.0,12,14.0,11.0,18.0
2026-902,Miami,Hard,96,1000,,20260317,29,260172.0,,WC,Lilli Tagger,,,AUT,18.078,115.0,708.0,230870.0,,Q,Ella Seidel,R,,GER,21.085,86.0,845.0,6-7(8) 6-4 7-5,3,R128,168.0,6.0,3.0,108.0,73.0,52.0,14.0,17.0,5.0,8.0,2.0,7.0,118.0,74.0,50.0,17,17.0,3.0,8.0
2026-902,Miami,Hard,96,1000,,20260317,30,220548.0,,,Peyton Stearns,R,,USA,24.439,47.0,1237.0,203530.0,,,Viktorija Golubic,R,169.0,SUI,33.416,84.0,864.0,7-6(6) 6-4,3,R128,114.0,5.0,1.0,76.0,48.0,39.0,12.0,11.0,2.0,4.0,4.0,2.0,91.0,71.0,44.0,10,11.0,7.0,10.0
2026-902,Miami,Hard,96,1000,,20260317,31,215936.0,,,Francesca Jones,R,,GBR,25.49,93.0,815.0,200748.0,,WC,Venus Williams,R,185.0,USA,45.748,517.0,103.0,7-5 7-5,3,R128,111.0,2.0,5.0,80.0,54.0,37.0,11.0,12.0,5.0,8.0,3.0,7.0,77.0,46.0,30.0,11,12.0,6.0,11.0
2026-902,Miami,Hard,96,1000,,20260317,32,220714.0,,,Elisabetta Cocciaretto,R,,ITA,25.139,44.0,1255.0,221985.0,,Q,Darja Semenistaja,L,,LAT,23.499,103.0,786.0,6-4 6-1,3,R128,72.0,4.0,1.0,52.0,34.0,25.0,9.0,9.0,1.0,3.0,1.0,1.0,47.0,32.0,16.0,6,8.0,1.0,6.0
2026-902,Miami,Hard,96,1000,,20260317,33,220367.0,26.0,,Leylah Fernandez,L,168.0,CAN,23.527,25.0,1598.0,221407.0,,LL,Oksana Selekhmeteva,L,,RUS,23.174,71.0,912.0,7-6(1) 3-6 6-1,3,R64,145.0,3.0,5.0,106.0,67.0,45.0,17.0,14.0,9.0,13.0,2.0,6.0,89.0,61.0,39.0,12,14.0,5.0,10.0
2026-902,Miami,Hard,96,1000,,20260317,34,211713.0,34.0,,Jaqueline Cristian,R,180.0,ROU,27.782,36.0,1367.0,220548.0,,,Peyton Stearns,R,,USA,24.439,47.0,1237.0,6-4 7-5,3,R64,108.0,6.0,2.0,70.0,49.0,33.0,9.0,11.0,3.0,6.0,3.0,5.0,75.0,52.0,32.0,9,11.0,4.0,9.0
2026-902,Miami,Hard,96,1000,,20260317,35,206420.0,11.0,,Ekaterina Alexandrova,R,175.0,RUS,31.335,11.0,2918.0,260172.0,,WC,Lilli Tagger,,,AUT,18.078,115.0,708.0,6-3 6-3,3,R64,65.0,2.0,2.0,49.0,27.0,20.0,14.0,9.0,0.0,1.0,4.0,3.0,47.0,33.0,22.0,4,9.0,3.0,7.0
2026-902,Miami,Hard,96,1000,,20260317,36,221883.0,,Q,Talia Gibson,R,,AUS,21.744,68.0,950.0,211768.0,16.0,,Naomi Osaka,R,180.0,JPN,28.417,15.0,2434.0,7-5 6-4,3,R64,87.0,5.0,4.0,70.0,46.0,36.0,12.0,11.0,4.0,4.0,13.0,1.0,60.0,34.0,29.0,11,11.0,2.0,4.0
2026-902,Miami,Hard,96,1000,,20260317,37,260300.0,18.0,,Iva Jovic,R,,USA,18.278,17.0,2070.0,211651.0,,,Paula Badosa,R,180.0,ESP,28.335,100.0,797.0,6-2 6-1,3,R64,76.0,2.0,0.0,52.0,37.0,25.0,8.0,7.0,6.0,7.0,3.0,10.0,58.0,29.0,21.0,4,8.0,8.0,14.0
2026-902,Miami,Hard,96,1000,,20260317,38,216146.0,27.0,,Marta Kostyuk,R,175.0,UKR,23.718,28.0,1528.0,215872.0,,LL,Kamilla Rakhimova,R,,RUS,24.551,82.0,869.0,6-2 6-4,3,R64,73.0,5.0,7.0,46.0,24.0,19.0,8.0,9.0,2.0,5.0,0.0,5.0,53.0,32.0,16.0,8,9.0,7.0,13.0
2026-902,Miami,Hard,96,1000,,20260317,39,214981.0,3.0,,Elena Rybakina,R,184.0,KAZ,26.749,2.0,7783.0,201709.0,,,Yulia Putintseva,R,163.0,KAZ,31.19,75.0,896.0,6-3 6-3,3,R64,77.0,9.0,2.0,58.0,36.0,27.0,12.0,9.0,2.0,3.0,1.0,0.0,59.0,50.0,27.0,5,9.0,4.0,8.0
2026-902,Miami,Hard,96,1000,,20260317,40,211148.0,7.0,,Jasmine Paolini,R,160.0,ITA,30.199,7.0,4232.0,203501.0,,,Taylor Townsend,L,170.0,USA,29.917,80.0,874.0,6-3 1-6 6-2,3,R64,102.0,3.0,1.0,80.0,55.0,34.0,14.0,12.0,6.0,9.0,5.0,0.0,68.0,51.0,32.0,10,12.0,2.0,6.0
2026-902,Miami,Hard,96,1000,,20260317,41,201514.0,,,Sorana Cirstea,R,176.0,ROU,35.943,35.0,1374.0,222328.0,14.0,,Linda Noskova,R,,CZE,21.328,13.0,2801.0,6-2 3-6 6-4,3,R64,116.0,7.0,4.0,91.0,60.0,38.0,16.0,14.0,7.0,11.0,9.0,6.0,89.0,48.0,30.0,19,13.0,11.0,16.0
2026-902,Miami,Hard,96,1000,,20260317,42,220435.0,,Q,Anastasia Zakharova,R,,RUS,24.159,74.0,899.0,214939.0,22.0,,Anna Kalinskaya,R,175.0,RUS,27.289,21.0,1868.0,3-6 6-1 7-5,3,R64,132.0,1.0,3.0,96.0,58.0,36.0,23.0,14.0,4.0,6.0,2.0,4.0,85.0,50.0,35.0,15,14.0,6.0,10.0
2026-902,Miami,Hard,96,1000,,20260317,43,210722.0,21.0,,Elise Mertens,R,179.0,BEL,30.331,19.0,1936.0,220722.0,,Q,Elvina Kalieva,R,,USA,22.64,154.0,484.0,6-2 6-0,3,R64,64.0,7.0,3.0,40.0,21.0,20.0,10.0,7.0,2.0,2.0,0.0,8.0,49.0,23.0,12.0,9,7.0,4.0,9.0
2026-902,Miami,Hard,96,1000,,20260317,44,202505.0,12.0,,Belinda Bencic,R,175.0,SUI,29.019,12.0,2803.0,220309.0,,,Zeynep Sonmez,R,,TUR,23.88,83.0,866.0,6-3 6-2,3,R64,69.0,0.0,2.0,47.0,27.0,18.0,14.0,8.0,0.0,1.0,3.0,1.0,49.0,30.0,15.0,7,9.0,1.0,6.0
2026-902,Miami,Hard,96,1000,,20260317,45,223670.0,20.0,,Diana Shnaider,L,,RUS,21.955,20.0,1898.0,238184.0,,,Tereza Valentova,,,CZE,19.07,49.0,1217.0,7-6(7) 7-6(3),3,R64,139.0,0.0,5.0,89.0,51.0,38.0,16.0,12.0,3.0,6.0,2.0,8.0,104.0,71.0,42.0,17,12.0,7.0,10.0
2026-902,Miami,Hard,96,1000,,20260317,46,263857.0,,Q,Yuliia Starodubtseva,R,,UKR,26.079,108.0,751.0,213710.0,30.0,,Cristina Bucsa,R,,ESP,28.206,30.0,1446.0,6-2 3-2 RET,3,R64,65.0,2.0,1.0,41.0,28.0,19.0,7.0,6.0,3.0,4.0,0.0,3.0,39.0,22.0,13.0,4,7.0,1.0,5.0
2026-902,Miami,Hard,96,1000,,20260317,47,216153.0,6.0,,Amanda Anisimova,R,180.0,USA,24.543,6.0,6180.0,201548.0,,,Ajla Tomljanovic,R,180.0,AUS,32.86,81.0,872.0,6-1 5-7 6-4,3,R64,132.0,2.0,4.0,82.0,51.0,23.0,18.0,14.0,2.0,8.0,2.0,11.0,97.0,54.0,29.0,15,15.0,5.0,14.0
2026-902,Miami,Hard,96,1000,,20260317,48,202468.0,5.0,,Jessica Pegula,R,170.0,USA,32.058,5.0,6678.0,215936.0,,,Francesca Jones,R,,GBR,25.49,93.0,815.0,6-1 3-0 RET,3,R64,38.0,5.0,0.0,25.0,14.0,13.0,7.0,5.0,0.0,0.0,1.0,0.0,25.0,17.0,5.0,3,5.0,0.0,4.0
2026-902,Miami,Hard,96,1000,,20260317,49,214096.0,13.0,,Karolina Muchova,R,178.0,CZE,29.569,14.0,2668.0,215785.0,,,Camila Osorio,R,162.0,COL,24.233,58.0,1071.0,4-6 6-2 7-5,3,R64,154.0,6.0,4.0,81.0,49.0,37.0,17.0,15.0,2.0,5.0,0.0,13.0,119.0,78.0,50.0,15,15.0,11.0,16.0
2026-902,Miami,Hard,96,1000,,20260317,50,211107.0,,,Katie Boulter,R,180.0,GBR,29.624,67.0,957.0,220704.0,17.0,,Clara Tauson,R,182.0,DEN,23.237,16.0,2095.0,6-7(4) 6-4 1-0 RET,3,R64,110.0,1.0,7.0,79.0,48.0,33.0,14.0,12.0,3.0,6.0,6.0,4.0,81.0,50.0,31.0,11,12.0,4.0,8.0
2026-902,Miami,Hard,96,1000,,20260317,51,223253.0,31.0,,Alexandra Eala,L,173.0,PHI,20.816,29.0,1525.0,201696.0,,,Laura Siegemund,R,168.0,GER,38.035,53.0,1143.0,6-7(6) 6-3 6-3,3,R64,200.0,2.0,3.0,108.0,74.0,53.0,16.0,15.0,4.0,6.0,3.0,5.0,127.0,93.0,55.0,16,15.0,16.0,21.0
2026-902,Miami,Hard,96,1000,,20260317,52,239475.0,10.0,,Victoria Mboko,R,,CAN,19.557,9.0,3351.0,215020.0,,,Anna Blinkova,R,179.0,RUS,27.516,92.0,820.0,6-2 6-0,3,R64,59.0,4.0,1.0,49.0,29.0,18.0,13.0,7.0,1.0,2.0,0.0,4.0,39.0,24.0,7.0,5,7.0,1.0,7.0
2026-902,Miami,Hard,96,1000,,20260317,53,221103.0,4.0,,Coco Gauff,R,175.0,USA,22.01,4.0,6748.0,220714.0,,,Elisabetta Cocciaretto,R,,ITA,25.139,44.0,1255.0,3-6 6-4 6-3,3,R64,135.0,2.0,11.0,83.0,56.0,43.0,9.0,14.0,3.0,7.0,4.0,4.0,102.0,61.0,38.0,19,14.0,9.0,14.0
2026-902,Miami,Hard,96,1000,,20260317,54,219917.0,,,Alycia Parks,R,185.0,USA,25.208,105.0,764.0,206289.0,33.0,,Maria Sakkari,R,172.0,GRE,30.645,33.0,1410.0,6-3 6-3,3,R64,86.0,5.0,4.0,63.0,35.0,25.0,16.0,9.0,6.0,6.0,0.0,3.0,57.0,43.0,27.0,7,9.0,6.0,9.0
2026-902,Miami,Hard,96,1000,,20260317,55,259799.0,8.0,,Mirra Andreeva,R,,RUS,18.883,10.0,3066.0,220520.0,,,McCartney Kessler,R,,USA,26.692,51.0,1168.0,6-1 6-7(3) 6-1,3,R64,118.0,6.0,4.0,73.0,51.0,39.0,10.0,12.0,1.0,2.0,2.0,6.0,94.0,59.0,33.0,14,14.0,3.0,10.0
2026-902,Miami,Hard,96,1000,,20260317,56,213631.0,32.0,,Marie Bouzkova,R,180.0,CZE,27.656,32.0,1425.0,221039.0,,,Elsa Jacquemot,R,,FRA,22.872,62.0,1021.0,6-2 6-2,3,R64,85.0,0.0,4.0,60.0,49.0,34.0,6.0,8.0,6.0,7.0,0.0,3.0,47.0,36.0,18.0,3,8.0,2.0,7.0
2026-902,Miami,Hard,96,1000,,20260317,57,201619.0,15.0,,Madison Keys,R,178.0,USA,31.078,18.0,2026.0,211817.0,,,Elena Gabriela Ruse,R,,ROU,28.359,73.0,900.0,6-0 6-3,3,R64,67.0,2.0,0.0,47.0,34.0,27.0,7.0,8.0,5.0,5.0,0.0,4.0,54.0,38.0,21.0,5,7.0,5.0,9.0
2026-902,Miami,Hard,96,1000,,20260317,58,211533.0,25.0,,Jelena Ostapenko,R,177.0,LAT,28.773,24.0,1655.0,215035.0,,,Dayana Yastremska,R,175.0,UKR,25.838,54.0,1140.0,6-4 6-4,3,R64,89.0,2.0,4.0,61.0,36.0,26.0,14.0,10.0,4.0,5.0,2.0,4.0,64.0,31.0,20.0,19,10.0,3.0,6.0
2026-902,Miami,Hard,96,1000,,20260317,59,221024.0,,,Hailey Baptiste,R,,USA,24.367,45.0,1244.0,214643.0,19.0,,Liudmila Samsonova,R,180.0,RUS,27.346,22.0,1845.0,6-3 7-5,3,R64,124.0,6.0,3.0,80.0,37.0,23.0,21.0,11.0,3.0,7.0,0.0,9.0,79.0,42.0,25.0,11,10.0,1.0,7.0
2026-902,Miami,Hard,96,1000,,20260317,60,202494.0,9.0,,Elina Svitolina,R,174.0,UKR,31.511,8.0,4020.0,263644.0,,WC,Emerson Jones,R,,AUS,17.692,147.0,532.0,6-2 6-4,3,R64,69.0,9.0,2.0,62.0,32.0,26.0,17.0,9.0,1.0,1.0,1.0,1.0,56.0,38.0,26.0,7,9.0,4.0,7.0
2026-902,Miami,Hard,96,1000,,20260317,61,216083.0,,,Caty McNally,R,,USA,24.321,72.0,903.0,216133.0,29.0,,Xinyu Wang,R,182.0,CHN,24.471,34.0,1383.0,6-4 1-6 6-0,3,R64,115.0,1.0,2.0,61.0,49.0,32.0,8.0,11.0,1.0,4.0,3.0,4.0,88.0,61.0,36.0,11,12.0,5.0,10.0
2026-902,Miami,Hard,96,1000,,20260317,62,221012.0,23.0,,Qinwen Zheng,R,,CHN,23.439,26.0,1553.0,201585.0,,WC,Sloane Stephens,R,170.0,USA,32.992,717.0,54.0,6-3 6-2,3,R64,79.0,6.0,3.0,45.0,19.0,16.0,17.0,9.0,0.0,1.0,1.0,4.0,68.0,45.0,29.0,6,8.0,2.0,6.0
2026-902,Miami,Hard,96,1000,,20260317,63,214544.0,1.0,,Aryna Sabalenka,R,182.0,BLR,27.866,1.0,11025.0,215983.0,,,Ann Li,R,170.0,USA,25.723,39.0,1333.0,7-6(5) 6-4,3,R64,102.0,5.0,1.0,74.0,53.0,34.0,14.0,11.0,4.0,6.0,6.0,0.0,87.0,52.0,35.0,19,11.0,12.0,15.0
2026-902,Miami,Hard,96,1000,,20260317,64,202663.0,,,Magda Linette,R,171.0,POL,34.092,50.0,1209.0,216347.0,2.0,,Iga Swiatek,R,176.0,POL,24.794,3.0,7413.0,1-6 7-5 6-3,3,R64,130.0,5.0,4.0,88.0,51.0,38.0,19.0,14.0,2.0,4.0,4.0,3.0,81.0,51.0,37.0,19,14.0,6.0,8.0
2026-902,Miami,Hard,96,1000,,20260317,65,211713.0,34.0,,Jaqueline Cristian,R,180.0,ROU,27.782,36.0,1367.0,206420.0,11.0,,Ekaterina Alexandrova,R,175.0,RUS,31.335,11.0,2918.0,6-3 4-6 7-6(5),3,R32,158.0,3.0,2.0,96.0,59.0,39.0,18.0,15.0,2.0,6.0,7.0,6.0,112.0,74.0,50.0,14,16.0,8.0,13.0
2026-902,Miami,Hard,96,1000,,20260317,66,221883.0,,Q,Talia Gibson,R,,AUS,21.744,68.0,950.0,260300.0,18.0,,Iva Jovic,R,,USA,18.278,17.0,2070.0,6-2 6-2,3,R32,72.0,2.0,1.0,42.0,26.0,20.0,13.0,8.0,0.0,0.0,3.0,3.0,53.0,32.0,16.0,12,8.0,4.0,8.0
2026-902,Miami,Hard,96,1000,,20260317,67,214981.0,3.0,,Elena Rybakina,R,184.0,KAZ,26.749,2.0,7783.0,216146.0,27.0,,Marta Kostyuk,R,175.0,UKR,23.718,28.0,1528.0,6-3 6-4,3,R32,81.0,1.0,2.0,59.0,33.0,28.0,15.0,10.0,3.0,3.0,3.0,3.0,58.0,31.0,22.0,14,9.0,4.0,6.0
2026-902,Miami,Hard,96,1000,,20260317,68,211533.0,25.0,,Jelena Ostapenko,R,177.0,LAT,28.773,24.0,1655.0,211148.0,7.0,,Jasmine Paolini,R,160.0,ITA,30.199,7.0,4232.0,5-7 6-2 7-5,3,R32,153.0,12.0,7.0,97.0,59.0,39.0,15.0,16.0,3.0,9.0,8.0,4.0,120.0,80.0,41.0,18,16.0,10.0,18.0
2026-902,Miami,Hard,96,1000,,20260317,69,221024.0,,,Hailey Baptiste,R,,USA,24.367,45.0,1244.0,202494.0,9.0,,Elina Svitolina,R,174.0,UKR,31.511,8.0,4020.0,6-3 7-5,3,R32,98.0,3.0,4.0,78.0,40.0,29.0,17.0,11.0,6.0,9.0,1.0,3.0,58.0,27.0,15.0,13,10.0,1.0,6.0
2026-902,Miami,Hard,96,1000,,20260317,70,221012.0,23.0,,Qinwen Zheng,R,,CHN,23.439,26.0,1553.0,201619.0,15.0,,Madison Keys,R,178.0,USA,31.078,18.0,2026.0,4-6 6-2 6-4,3,R32,137.0,11.0,3.0,93.0,57.0,42.0,18.0,14.0,10.0,12.0,4.0,5.0,89.0,58.0,42.0,13,14.0,9.0,13.0
2026-902,Miami,Hard,96,1000,,20260317,71,214544.0,1.0,,Aryna Sabalenka,R,182.0,BLR,27.866,1.0,11025.0,216083.0,,,Caty McNally,R,,USA,24.321,72.0,903.0,6-4 6-2,3,R32,85.0,3.0,2.0,62.0,43.0,29.0,9.0,9.0,1.0,3.0,3.0,4.0,58.0,38.0,21.0,6,9.0,3.0,8.0
2026-902,Miami,Hard,96,1000,,20260317,72,202468.0,5.0,,Jessica Pegula,R,170.0,USA,32.058,5.0,6678.0,220367.0,26.0,,Leylah Fernandez,L,168.0,CAN,23.527,25.0,1598.0,6-2 6-2,3,R32,66.0,7.0,2.0,47.0,31.0,25.0,10.0,8.0,2.0,2.0,2.0,2.0,55.0,35.0,22.0,6,8.0,4.0,8.0
2026-902,Miami,Hard,96,1000,,20260317,73,259799.0,8.0,,Mirra Andreeva,R,,RUS,18.883,10.0,3066.0,213631.0,32.0,,Marie Bouzkova,R,180.0,CZE,27.656,32.0,1425.0,7-6(4) 6-2,3,R32,119.0,1.0,2.0,74.0,49.0,33.0,12.0,10.0,4.0,7.0,1.0,4.0,72.0,45.0,27.0,10,10.0,2.0,7.0
2026-902,Miami,Hard,96,1000,,20260317,74,221103.0,4.0,,Coco Gauff,R,175.0,USA,22.01,4.0,6748.0,219917.0,,,Alycia Parks,R,185.0,USA,25.208,105.0,764.0,3-6 6-0 6-1,3,R32,110.0,6.0,8.0,89.0,53.0,36.0,17.0,11.0,14.0,16.0,5.0,8.0,79.0,42.0,27.0,12,11.0,7.0,13.0
2026-902,Miami,Hard,96,1000,,20260317,75,223253.0,31.0,,Alexandra Eala,L,173.0,PHI,20.816,29.0,1525.0,202663.0,,,Magda Linette,R,171.0,POL,34.092,50.0,1209.0,6-3 7-6(2),3,R32,108.0,1.0,2.0,64.0,39.0,28.0,19.0,11.0,1.0,2.0,1.0,2.0,66.0,37.0,27.0,15,10.0,3.0,5.0
2026-902,Miami,Hard,96,1000,,20260317,76,201514.0,,,Sorana Cirstea,R,176.0,ROU,35.943,35.0,1374.0,210722.0,21.0,,Elise Mertens,R,179.0,BEL,30.331,19.0,1936.0,6-3 6-2,3,R32,78.0,3.0,0.0,66.0,43.0,27.0,14.0,9.0,6.0,7.0,2.0,2.0,48.0,26.0,17.0,10,8.0,7.0,11.0
2026-902,Miami,Hard,96,1000,,20260317,77,214096.0,13.0,,Karolina Muchova,R,178.0,CZE,29.569,14.0,2668.0,211107.0,,,Katie Boulter,R,180.0,GBR,29.624,67.0,957.0,6-3 7-5,3,R32,91.0,6.0,1.0,68.0,44.0,31.0,17.0,11.0,3.0,4.0,1.0,3.0,56.0,34.0,21.0,13,10.0,2.0,5.0
2026-902,Miami,Hard,96,1000,,20260317,78,239475.0,10.0,,Victoria Mboko,R,,CAN,19.557,9.0,3351.0,220435.0,,Q,Anastasia Zakharova,R,,RUS,24.159,74.0,899.0,6-1 7-5,3,R32,87.0,4.0,5.0,62.0,42.0,33.0,12.0,10.0,3.0,3.0,1.0,4.0,68.0,46.0,28.0,10,9.0,3.0,6.0
2026-902,Miami,Hard,96,1000,,20260317,79,216153.0,6.0,,Amanda Anisimova,R,180.0,USA,24.543,6.0,6180.0,263857.0,,Q,Yuliia Starodubtseva,R,,UKR,26.079,108.0,751.0,6-4 6-2,3,R32,83.0,3.0,2.0,57.0,32.0,25.0,11.0,9.0,1.0,3.0,0.0,3.0,53.0,36.0,21.0,4,9.0,3.0,8.0
2026-902,Miami,Hard,96,1000,,20260317,80,202505.0,12.0,,Belinda Bencic,R,175.0,SUI,29.019,12.0,2803.0,223670.0,20.0,,Diana Shnaider,L,,RUS,21.955,20.0,1898.0,6-3 6-3,3,R32,84.0,2.0,1.0,59.0,40.0,28.0,12.0,9.0,6.0,6.0,0.0,4.0,54.0,40.0,29.0,3,9.0,1.0,4.0
2026-902,Miami,Hard,96,1000,,20260317,81,239475.0,10.0,,Victoria Mboko,R,,CAN,19.557,9.0,3351.0,259799.0,8.0,,Mirra Andreeva,R,,RUS,18.883,10.0,3066.0,7-6(4) 4-6 6-0,3,R16,137.0,8.0,10.0,93.0,64.0,51.0,12.0,14.0,3.0,4.0,6.0,4.0,104.0,59.0,38.0,24,14.0,6.0,9.0
2026-902,Miami,Hard,96,1000,,20260317,82,221103.0,4.0,,Coco Gauff,R,175.0,USA,22.01,4.0,6748.0,201514.0,,,Sorana Cirstea,R,176.0,ROU,35.943,35.0,1374.0,6-4 3-6 6-2,3,R16,119.0,1.0,6.0,82.0,61.0,40.0,6.0,13.0,4.0,9.0,1.0,1.0,91.0,66.0,32.0,13,14.0,6.0,13.0
2026-902,Miami,Hard,96,1000,,20260317,83,202505.0,12.0,,Belinda Bencic,R,175.0,SUI,29.019,12.0,2803.0,216153.0,6.0,,Amanda Anisimova,R,180.0,USA,24.543,6.0,6180.0,6-2 6-2,3,R16,78.0,2.0,1.0,53.0,46.0,34.0,3.0,8.0,1.0,1.0,2.0,3.0,54.0,38.0,20.0,7,8.0,3.0,7.0
2026-902,Miami,Hard,96,1000,,20260317,84,202468.0,5.0,,Jessica Pegula,R,170.0,USA,32.058,5.0,6678.0,211713.0,34.0,,Jaqueline Cristian,R,180.0,ROU,27.782,36.0,1367.0,6-4 6-1,3,R16,68.0,6.0,0.0,39.0,24.0,20.0,12.0,8.0,0.0,0.0,4.0,3.0,63.0,35.0,21.0,14,9.0,9.0,13.0
2026-902,Miami,Hard,96,1000,,20260317,85,214981.0,3.0,,Elena Rybakina,R,184.0,KAZ,26.749,2.0,7783.0,221883.0,,Q,Talia Gibson,R,,AUS,21.744,68.0,950.0,6-2 6-2,3,R16,64.0,8.0,0.0,44.0,32.0,27.0,6.0,8.0,1.0,1.0,1.0,1.0,50.0,31.0,16.0,10,8.0,3.0,7.0
2026-902,Miami,Hard,96,1000,,20260317,86,221024.0,,,Hailey Baptiste,R,,USA,24.367,45.0,1244.0,211533.0,25.0,,Jelena Ostapenko,R,177.0,LAT,28.773,24.0,1655.0,6-3 6-4,3,R16,83.0,11.0,2.0,69.0,41.0,28.0,18.0,10.0,9.0,10.0,2.0,0.0,60.0,40.0,28.0,6,9.0,5.0,8.0
2026-902,Miami,Hard,96,1000,,20260317,87,214544.0,1.0,,Aryna Sabalenka,R,182.0,BLR,27.866,1.0,11025.0,221012.0,23.0,,Qinwen Zheng,R,,CHN,23.439,26.0,1553.0,6-3 6-4,3,R16,85.0,4.0,1.0,64.0,42.0,32.0,12.0,10.0,3.0,4.0,8.0,5.0,58.0,23.0,19.0,14,9.0,2.0,5.0
2026-902,Miami,Hard,96,1000,,20260317,88,214096.0,13.0,,Karolina Muchova,R,178.0,CZE,29.569,14.0,2668.0,223253.0,31.0,,Alexandra Eala,L,173.0,PHI,20.816,29.0,1525.0,6-0 6-2,3,R16,60.0,0.0,1.0,36.0,25.0,20.0,8.0,7.0,0.0,0.0,0.0,2.0,42.0,22.0,8.0,10,7.0,0.0,5.0
2026-902,Miami,Hard,96,1000,,20260317,89,214544.0,1.0,,Aryna Sabalenka,R,182.0,BLR,27.866,1.0,11025.0,221024.0,,,Hailey Baptiste,R,,USA,24.367,45.0,1244.0,6-4 6-4,3,QF,80.0,4.0,3.0,58.0,38.0,30.0,10.0,10.0,4.0,5.0,6.0,5.0,55.0,27.0,22.0,12,10.0,1.0,4.0
2026-902,Miami,Hard,96,1000,,20260317,90,221103.0,4.0,,Coco Gauff,R,175.0,USA,22.01,4.0,6748.0,202505.0,12.0,,Belinda Bencic,R,175.0,SUI,29.019,12.0,2803.0,6-3 1-6 6-3,3,QF,135.0,6.0,5.0,78.0,45.0,34.0,11.0,13.0,1.0,5.0,3.0,0.0,96.0,71.0,43.0,12,12.0,9.0,13.0
2026-902,Miami,Hard,96,1000,,20260317,91,214981.0,3.0,,Elena Rybakina,R,184.0,KAZ,26.749,2.0,7783.0,202468.0,5.0,,Jessica Pegula,R,170.0,USA,32.058,5.0,6678.0,2-6 6-3 6-4,3,QF,135.0,15.0,4.0,112.0,69.0,46.0,22.0,14.0,8.0,10.0,7.0,3.0,86.0,54.0,40.0,16,13.0,6.0,8.0
2026-902,Miami,Hard,96,1000,,20260317,92,214096.0,13.0,,Karolina Muchova,R,178.0,CZE,29.569,14.0,2668.0,239475.0,10.0,,Victoria Mboko,R,,CAN,19.557,9.0,3351.0,7-5 7-6(5),3,QF,107.0,5.0,1.0,83.0,58.0,42.0,16.0,12.0,2.0,2.0,7.0,3.0,76.0,59.0,42.0,10,12.0,1.0,2.0
2026-902,Miami,Hard,96,1000,,20260317,93,214544.0,1.0,,Aryna Sabalenka,R,182.0,BLR,27.866,1.0,11025.0,214981.0,3.0,,Elena Rybakina,R,184.0,KAZ,26.749,2.0,7783.0,6-4 6-3,3,SF,79.0,9.0,0.0,51.0,29.0,24.0,12.0,10.0,0.0,2.0,2.0,1.0,63.0,40.0,23.0,10,9.0,4.0,8.0
2026-902,Miami,Hard,96,1000,,20260317,94,221103.0,4.0,,Coco Gauff,R,175.0,USA,22.01,4.0,6748.0,214096.0,13.0,,Karolina Muchova,R,178.0,CZE,29.569,14.0,2668.0,6-1 6-1,3,SF,89.0,1.0,5.0,55.0,35.0,27.0,7.0,7.0,7.0,8.0,0.0,1.0,61.0,41.0,21.0,4,7.0,5.0,11.0
2026-902,Miami,Hard,96,1000,,20260317,95,214544.0,1.0,,Aryna Sabalenka,R,182.0,BLR,27.866,1.0,11025.0,221103.0,4.0,,Coco Gauff,R,175.0,USA,22.01,4.0,6748.0,6-2 4-6 6-3,3,F,129.0,3.0,0.0,78.0,47.0,35.0,19.0,13.0,1.0,2.0,5.0,7.0,98.0,65.0,43.0,15,14.0,7.0,11.0
2026-804,Charleston,Clay,48,500,,20260330,1,201709.0,,,Yulia Putintseva,R,174.0,KAZ,31.226,77.0,893.0,215138.0,,,Lulu Sun,R,175.0,NZL,24.959,109.0,755.0,7-6(6) 6-2,3,R64,125.0,5.0,4.0,86.0,55.0,39.0,18.0,10.0,9.0,10.0,1.0,0.0,72.0,42.0,26.0,17,10.0,8.0,11.0
2026-804,Charleston,Clay,48,500,,20260330,2,206294.0,,,Yue Yuan,R,,CHN,27.51,114.0,731.0,210886.0,,,Mayar Sherif,R,,EGY,29.901,105.0,773.0,2-6 7-6(4) 7-6(5),3,R64,193.0,1.0,0.0,123.0,91.0,56.0,18.0,16.0,8.0,12.0,1.0,0.0,112.0,92.0,59.0,13,16.0,5.0,7.0
2026-804,Charleston,Clay,48,500,,20260330,3,221236.0,,Q,Polina Kudermetova,R,,UZB,22.82,139.0,554.0,220716.0,,,Oleksandra Oliynykova,R,,UKR,25.235,70.0,931.0,3-6 7-6(1) 6-4,3,R64,141.0,3.0,4.0,122.0,75.0,42.0,22.0,16.0,12.0,20.0,3.0,6.0,101.0,74.0,41.0,10,15.0,6.0,13.0
2026-804,Charleston,Clay,48,500,,20260330,4,220465.0,,,Katie Volynets,R,,USA,24.244,89.0,836.0,220332.0,,,Eva Lys,R,,GER,24.211,78.0,891.0,5-7 6-2 6-0,3,R64,133.0,2.0,2.0,89.0,68.0,41.0,11.0,13.0,8.0,12.0,0.0,9.0,78.0,48.0,27.0,8,13.0,2.0,10.0
2026-804,Charleston,Clay,48,500,,20260330,5,219917.0,,,Alycia Parks,R,,USA,25.244,95.0,814.0,269265.0,,Q,Mary Stoiana,R,,USA,22.9,168.0,443.0,2-6 6-4 6-1,3,R64,122.0,6.0,1.0,86.0,49.0,32.0,19.0,13.0,4.0,8.0,1.0,6.0,77.0,51.0,35.0,8,12.0,1.0,6.0
2026-804,Charleston,Clay,48,500,,20260330,6,215370.0,,WC,Bianca Andreescu,R,175.0,CAN,25.786,128.0,584.0,213646.0,,,Dalma Galfi,R,,HUN,27.628,93.0,816.0,1-6 6-4 6-1,3,R64,119.0,4.0,1.0,70.0,46.0,30.0,15.0,12.0,5.0,8.0,2.0,3.0,85.0,55.0,33.0,13,12.0,11.0,15.0
2026-804,Charleston,Clay,48,500,,20260330,7,211651.0,,WC,Paula Badosa,R,183.0,ESP,28.37,106.0,771.0,215037.0,,Q,Kayla Day,R,,USA,26.503,158.0,469.0,6-4 6-3,3,R64,95.0,3.0,4.0,59.0,29.0,25.0,10.0,10.0,3.0,6.0,1.0,1.0,65.0,45.0,21.0,10,9.0,6.0,11.0
2026-804,Charleston,Clay,48,500,,20260330,8,202600.0,,,Viktoriya Tomova,R,171.0,BUL,31.092,169.0,424.0,206108.0,,WC,Jennifer Brady,R,,USA,30.966,689.0,60.0,6-4 6-3,3,R64,86.0,2.0,1.0,54.0,38.0,28.0,12.0,9.0,3.0,3.0,1.0,3.0,59.0,31.0,22.0,15,10.0,3.0,6.0
2026-804,Charleston,Clay,48,500,,20260330,9,202499.0,,,Donna Vekic,R,180.0,CRO,29.753,67.0,967.0,201548.0,,,Ajla Tomljanovic,R,180.0,AUS,32.896,85.0,867.0,3-6 6-1 6-4,3,R64,133.0,7.0,4.0,95.0,60.0,42.0,13.0,13.0,7.0,10.0,5.0,7.0,97.0,70.0,45.0,8,13.0,8.0,13.0
2026-804,Charleston,Clay,48,500,,20260330,10,214388.0,,,Anna Bondar,R,,HUN,28.841,65.0,999.0,221307.0,,,Darja Vidmanova,R,,CZE,23.22,117.0,718.0,7-5 7-5,3,R64,127.0,0.0,3.0,82.0,51.0,33.0,14.0,12.0,7.0,11.0,0.0,1.0,86.0,55.0,26.0,15,12.0,8.0,14.0
2026-804,Charleston,Clay,48,500,,20260330,11,259857.0,,,Akasha Urhobo,R,,USA,19.193,235.0,301.0,221333.0,,,Solana Sierra,R,,ARG,21.783,90.0,825.0,7-5 3-0,3,R64,75.0,3.0,2.0,49.0,32.0,22.0,7.0,7.0,5.0,7.0,1.0,5.0,55.0,35.0,18.0,7,8.0,4.0,9.0
2026-804,Charleston,Clay,48,500,,20260330,12,215035.0,,,Dayana Yastremska,R,177.0,UKR,25.873,49.0,1200.0,220435.0,,,Anastasia Zakharova,R,,RUS,24.195,76.0,894.0,7-5 6-2,3,R64,96.0,3.0,3.0,61.0,35.0,27.0,16.0,10.0,5.0,6.0,0.0,4.0,67.0,41.0,25.0,13,10.0,4.0,8.0
2026-804,Charleston,Clay,48,500,,20260330,13,221909.0,,,Ashlyn Krueger,R,,USA,21.895,110.0,741.0,216083.0,,,Caty McNally,R,,USA,24.356,71.0,919.0,6-4 1-6 6-3,3,R64,143.0,4.0,8.0,110.0,73.0,38.0,13.0,13.0,13.0,21.0,1.0,4.0,73.0,47.0,26.0,8,13.0,8.0,16.0
2026-804,Charleston,Clay,48,500,,20260330,14,220520.0,,,Mccartney Kessler,R,,USA,26.727,48.0,1214.0,220722.0,,,Elvina Kalieva,R,,USA,22.675,137.0,564.0,4-6 6-3 6-3,3,R64,143.0,4.0,8.0,110.0,73.0,38.0,13.0,13.0,13.0,21.0,1.0,4.0,73.0,47.0,26.0,8,13.0,8.0,16.0
2026-804,Charleston,Clay,48,500,,20260330,15,213887.0,,,Renata Zarazua,R,,MEX,28.496,85.0,835.0,201585.0,,,Sloane Stephens,R,168.0,USA,33.027,554.0,89.0,6-2 6-0,3,R64,65.0,0.0,0.0,35.0,24.0,19.0,9.0,7.0,0.0,0.0,1.0,3.0,42.0,27.0,9.0,7,7.0,3.0,8.0
2026-804,Charleston,Clay,48,500,,20260330,16,263857.0,,,Yuliia Starodubtseva,R,,UKR,26.114,53.0,1139.0,201533.0,,,Shuai Zhang,R,,CHN,37.186,66.0,989.0,6-3 6-0,3,R64,52.0,3.0,2.0,38.0,24.0,22.0,10.0,8.0,0.0,0.0,1.0,3.0,45.0,30.0,15.0,6,7.0,0.0,4.0
2026-894,Bogota,Clay,32,250,,20260330,1,213631.0,1.0,,Marie Bouzkova,R,180.0,CZE,27.691,26.0,1480.0,204419.0,,Q,Ana Sofia Sanchez,L,,MEX,31.962,231.0,304.0,6-0 6-2,3,R32,68.0,1.0,3.0,40.0,22.0,17.0,13.0,7.0,1.0,1.0,0.0,4.0,48.0,31.0,16.0,6,7.0,1.0,6.0
2026-894,Bogota,Clay,32,250,,20260330,2,243420.0,,,Hanne Vandewinkel,,,BEL,21.857,96.0,795.0,223321.0,,,Sofia Costoulas,,,BEL,20.992,134.0,580.0,6-3 2-6 6-3,3,R32,159.0,3.0,6.0,105.0,72.0,44.0,13.0,13.0,11.0,16.0,0.0,7.0,89.0,44.0,32.0,13,13.0,7.0,13.0
2026-894,Bogota,Clay,32,250,,20260330,3,202604.0,,,Despina Papamichail,R,178.0,GRE,33.134,163.0,448.0,221073.0,,Q,Anastasia Tikhonova,R,,RUS,25.186,251.0,274.0,6-3 6-1,3,R32,83.0,0.0,1.0,59.0,48.0,31.0,6.0,8.0,3.0,4.0,2.0,3.0,54.0,22.0,14.0,9,8.0,2.0,7.0
2026-894,Bogota,Clay,32,250,,20260330,4,221985.0,,,Darja Semenistaja,L,,LAT,23.535,98.0,791.0,230870.0,5.0,,Ella Seidel,R,,GER,21.12,82.0,850.0,6-2 6-2,3,R32,74.0,3.0,1.0,66.0,46.0,36.0,8.0,8.0,4.0,4.0,1.0,5.0,48.0,20.0,15.0,9,8.0,2.0,6.0
2026-894,Bogota,Clay,32,250,,20260330,5,215785.0,3.0,,Camila Osorio,R,162.0,COL,24.269,54.0,1096.0,214452.0,,,Caroline Dolehide,R,178.0,USA,27.565,135.0,571.0,6-7(5) 6-2 6-1,3,R32,128.0,0.0,8.0,97.0,65.0,47.0,13.0,14.0,6.0,9.0,0.0,11.0,95.0,64.0,39.0,6,13.0,4.0,11.0
2026-894,Bogota,Clay,32,250,,20260330,6,220446.0,,Q,Jazmin Ortenzi,R,,ARG,24.356,206.0,339.0,321157.0,,Q,Irene Burillo,,,,,211.0,329.0,6-1 6-4,3,R32,77.0,3.0,2.0,77.0,59.0,34.0,7.0,9.0,8.0,11.0,1.0,6.0,44.0,26.0,12.0,4,8.0,1.0,7.0
2026-894,Bogota,Clay,32,250,,20260330,7,220699.0,,WC,Julia Riera,R,,ARG,23.836,186.0,387.0,221911.0,,Q,Selena Janicijevic,R,183.0,FRA,23.686,245.0,287.0,7-6(5) 6-1,3,R32,98.0,3.0,7.0,70.0,38.0,26.0,15.0,10.0,9.0,13.0,2.0,5.0,57.0,31.0,16.0,10,10.0,2.0,8.0
2026-894,Bogota,Clay,32,250,,20260330,8,215020.0,6.0,,Anna Blinkova,R,179.0,RUS,27.552,99.0,790.0,221905.0,,PR,Robin Montgomery,L,,USA,21.564,368.0,169.0,6-2 6-3,3,R32,76.0,1.0,1.0,60.0,33.0,23.0,12.0,9.0,7.0,10.0,1.0,4.0,48.0,28.0,13.0,6,8.0,5.0,11.0
2026-894,Bogota,Clay,32,250,,20260330,9,215910.0,8.0,,Panna Udvardy,R,170.0,HUN,27.502,92.0,804.0,222000.0,,WC,Maria Camila Torres Murcia,L,,COL,23.384,880.0,30.0,6-1 1-6 6-0,3,R32,86.0,4.0,5.0,67.0,41.0,26.0,15.0,10.0,8.0,10.0,1.0,4.0,56.0,33.0,19.0,9,10.0,2.0,7.0
2026-894,Bogota,Clay,32,250,,20260330,10,264075.0,,WC,Julieta Pareja,R,,USA,17.109,269.0,254.0,216097.0,,,Elizabeth Mandlik,R,,USA,24.863,174.0,416.0,6-3 6-3,3,R32,89.0,2.0,8.0,75.0,41.0,27.0,16.0,9.0,6.0,8.0,1.0,6.0,57.0,28.0,19.0,10,9.0,4.0,15.0
2026-894,Bogota,Clay,32,250,,20260330,11,203514.0,,,Katarzyna Kawa,R,178.0,POL,33.364,132.0,588.0,220733.0,,,Carole Monnet,L,,FRA,24.326,171.0,420.0,6-1 6-0,3,R32,46.0,1.0,1.0,39.0,23.0,17.0,13.0,7.0,0.0,0.0,1.0,2.0,31.0,16.0,4.0,6,6.0,3.0,8.0
2026-894,Bogota,Clay,32,250,,20260330,12,213583.0,4.0,,Tatjana Maria,R,172.0,GER,38.643,60.0,1047.0,260848.0,,WC,Valentina Mediorreal Arias,,,COL,,760.0,48.0,6-2 6-1,3,R32,61.0,5.0,5.0,47.0,23.0,19.0,13.0,8.0,1.0,2.0,0.0,7.0,45.0,28.0,15.0,5,7.0,4.0,9.0
2026-894,Bogota,Clay,32,250,,20260330,13,215571.0,,,Guiomar Maristany Zuleta De Reales,,,ESP,27.108,178.0,401.0,215936.0,7.0,,Francesca Jones,R,,GBR,25.526,101.0,775.0,6-1 6-1,3,R32,67.0,1.0,2.0,55.0,43.0,26.0,10.0,7.0,6.0,6.0,0.0,4.0,50.0,35.0,18.0,5,7.0,7.0,12.0
2026-894,Bogota,Clay,32,250,,20260330,14,215306.0,,,Emiliana Arango,R,,COL,25.334,106.0,755.0,214604.0,,,Maria Lourdes Carle,R,,ARG,26.133,177.0,402.0,1-6 6-2 6-0,3,R32,120.0,1.0,2.0,54.0,36.0,21.0,13.0,10.0,0.0,3.0,0.0,10.0,81.0,48.0,25.0,12,11.0,7.0,12.0
2026-894,Bogota,Clay,32,250,,20260330,15,201478.0,,,Varvara Lepchenko,L,180.0,USA,39.858,155.0,483.0,220757.0,,Q,Lia Karatancheva,,,BUL,22.558,288.0,231.0,3-6 6-3 6-2,3,R32,,3.0,2.0,76.0,51.0,40.0,13.0,13.0,1.0,2.0,2.0,3.0,81.0,52.0,35.0,13,13.0,3.0,6.0
2026-894,Bogota,Clay,32,250,,20260330,16,222601.0,2.0,,Jessica Bouzas Maneiro,R,,ESP,23.513,48.0,1210.0,239456.0,,,Tiantsoa Rakotomanga Rajaonah,,,,20.288,131.0,597.0,6-2 6-2,3,R32,72.0,0.0,5.0,49.0,20.0,17.0,15.0,8.0,0.0,1.0,0.0,5.0,62.0,35.0,17.0,10,8.0,5.0,10.0
2026-894,Bogota,Clay,32,250,,20260330,17,213631.0,1.0,,Marie Bouzkova,R,180.0,CZE,27.691,26.0,1480.0,243420.0,,,Hanne Vandewinkel,,,BEL,21.857,96.0,795.0,6-4 RET,3,R16,39.0,1.0,3.0,24.0,14.0,10.0,4.0,5.0,0.0,2.0,2.0,0.0,28.0,18.0,9.0,4,5.0,1.0,4.0
2026-894,Bogota,Clay,32,250,,20260330,18,221985.0,,,Darja Semenistaja,L,,LAT,23.535,98.0,791.0,202604.0,,,Despina Papamichail,R,178.0,GRE,33.134,163.0,448.0,6-1 1-6 6-2,3,R16,,1.0,1.0,75.0,50.0,29.0,13.0,11.0,3.0,7.0,0.0,3.0,64.0,47.0,23.0,5,11.0,2.0,8.0
2026-894,Bogota,Clay,32,250,,20260330,19,220446.0,,Q,Jazmin Ortenzi,R,,ARG,24.356,206.0,339.0,215785.0,3.0,,Camila Osorio,R,162.0,COL,24.269,54.0,1096.0,7-6(4) 7-6(5),3,R16,119.0,0.0,2.0,80.0,63.0,30.0,6.0,12.0,3.0,11.0,0.0,8.0,78.0,48.0,24.0,9,12.0,3.0,11.0
2026-894,Bogota,Clay,32,250,,20260330,20,220699.0,,WC,Julia Riera,R,,ARG,23.836,186.0,387.0,215020.0,6.0,,Anna Blinkova,R,179.0,RUS,27.552,99.0,790.0,0-6 6-2 6-1,3,R16,96.0,0.0,10.0,72.0,38.0,24.0,16.0,11.0,5.0,9.0,1.0,6.0,65.0,29.0,16.0,16,10.0,5.0,10.0
2026-894,Bogota,Clay,32,250,,20260330,21,215910.0,8.0,,Panna Udvardy,R,170.0,HUN,27.502,92.0,804.0,264075.0,,WC,Julieta Pareja,R,,USA,17.109,269.0,254.0,6-0 2-6 6-1,3,R16,104.0,3.0,2.0,74.0,35.0,23.0,17.0,11.0,2.0,5.0,0.0,7.0,57.0,40.0,18.0,11,10.0,4.0,10.0
2026-894,Bogota,Clay,32,250,,20260330,22,203514.0,,,Katarzyna Kawa,R,178.0,POL,33.364,132.0,588.0,213583.0,4.0,,Tatjana Maria,R,172.0,GER,38.643,60.0,1047.0,6-3 6-3,3,R16,75.0,0.0,3.0,60.0,37.0,24.0,12.0,8.0,6.0,8.0,2.0,4.0,51.0,25.0,14.0,10,10.0,2.0,7.0
2026-894,Bogota,Clay,32,250,,20260330,23,215306.0,,,Emiliana Arango,R,,COL,25.334,106.0,755.0,215571.0,,,Guiomar Maristany Zuleta De Reales,,,ESP,27.108,178.0,401.0,7-5 6-2,3,R16,106.0,0.0,3.0,78.0,56.0,32.0,13.0,10.0,8.0,11.0,0.0,8.0,68.0,41.0,24.0,8,10.0,6.0,12.0
2026-894,Bogota,Clay,32,250,,20260330,24,201478.0,,,Varvara Lepchenko,L,180.0,USA,39.858,155.0,483.0,222601.0,2.0,,Jessica Bouzas Maneiro,R,,ESP,23.513,48.0,1210.0,6-0 2-6 7-5,3,R16,136.0,2.0,6.0,104.0,57.0,40.0,18.0,13.0,15.0,19.0,2.0,15.0,101.0,54.0,35.0,17,13.0,9.0,15.0
2026-894,Bogota,Clay,32,250,,20260330,25,213631.0,1.0,,Marie Bouzkova,R,180.0,CZE,27.691,26.0,1480.0,221985.0,,,Darja Semenistaja,L,,LAT,23.535,98.0,791.0,6-1 7-5,3,QF,99.0,2.0,3.0,62.0,48.0,36.0,5.0,10.0,3.0,5.0,1.0,0.0,63.0,44.0,20.0,11,9.0,5.0,10.0
2026-894,Bogota,Clay,32,250,,20260330,26,220446.0,,Q,Jazmin Ortenzi,R,,ARG,24.356,206.0,339.0,220699.0,,WC,Julia Riera,R,,ARG,23.836,186.0,387.0,6-7(5) 6-3 6-2,3,QF,,3.0,5.0,90.0,59.0,38.0,10.0,15.0,2.0,7.0,1.0,12.0,94.0,58.0,35.0,12,15.0,3.0,12.0
2026-894,Bogota,Clay,32,250,,20260330,27,215910.0,8.0,,Panna Udvardy,R,170.0,HUN,27.502,92.0,804.0,203514.0,,,Katarzyna Kawa,R,178.0,POL,33.364,132.0,588.0,7-6(2) 6-1,3,QF,92.0,0.0,0.0,56.0,29.0,21.0,17.0,10.0,1.0,3.0,0.0,0.0,72.0,39.0,24.0,15,10.0,4.0,9.0
2026-894,Bogota,Clay,32,250,,20260330,28,215306.0,,,Emiliana Arango,R,,COL,25.334,106.0,755.0,201478.0,,,Varvara Lepchenko,L,180.0,USA,39.858,155.0,483.0,6-4 6-3,3,QF,77.0,2.0,6.0,104.0,57.0,40.0,18.0,9.0,15.0,19.0,2.0,15.0,101.0,54.0,35.0,17,10.0,9.0,15.0
2026-894,Bogota,Clay,32,250,,20260330,29,213631.0,1.0,,Marie Bouzkova,R,180.0,CZE,27.691,26.0,1480.0,220446.0,,Q,Jazmin Ortenzi,R,,ARG,24.356,206.0,339.0,7-6(5) 6-2,3,SF,113.0,1.0,6.0,72.0,44.0,32.0,12.0,10.0,5.0,7.0,1.0,4.0,71.0,44.0,26.0,12,10.0,5.0,9.0
2026-894,Bogota,Clay,32,250,,20260330,30,215910.0,8.0,,Panna Udvardy,R,170.0,HUN,27.502,92.0,804.0,215306.0,,,Emiliana Arango,R,,COL,25.334,106.0,755.0,6-7(6) 6-3 7-6(5),3,SF,176.0,2.0,4.0,113.0,71.0,46.0,22.0,16.0,6.0,11.0,2.0,4.0,115.0,81.0,52.0,12,17.0,4.0,11.0
2026-894,Bogota,Clay,32,250,,20260330,31,213631.0,1.0,,Marie Bouzkova,R,180.0,CZE,27.691,26.0,1480.0,215910.0,8.0,,Panna Udvardy,R,170.0,HUN,27.502,92.0,804.0,6-7(7) 6-2 6-2,3,F,170.0,2.0,5.0,103.0,70.0,44.0,15.0,14.0,10.0,14.0,2.0,2.0,96.0,57.0,32.0,15,14.0,8.0,16.0
2026-804,Charleston,Clay,48,500,,20260331,17,202468.0,1.0,,Jessica Pegula,R,170.0,USA,32.096,5.0,6243.0,201709.0,,,Yulia Putintseva,R,174.0,KAZ,31.229,77.0,893.0,4-6 6-4 7-5,3,R32,190.0,3.0,2.0,114.0,64.0,40.0,23.0,16.0,13.0,19.0,3.0,1.0,121.0,82.0,45.0,18,16.0,11.0,18.0
2026-804,Charleston,Clay,48,500,,20260331,18,220714.0,14.0,,Elisabetta Cocciaretto,R,173.0,ITA,25.178,41.0,1310.0,206294.0,,,Yue Yuan,R,,CHN,27.513,114.0,731.0,6-0 7-5,3,R32,97.0,0.0,4.0,50.0,37.0,30.0,3.0,9.0,1.0,3.0,1.0,1.0,78.0,45.0,22.0,12,9.0,7.0,13.0
2026-804,Charleston,Clay,48,500,,20260331,19,220367.0,9.0,,Leylah Fernandez,L,170.0,CAN,23.565,25.0,1598.0,221236.0,,Q,Polina Kudermetova,R,,UZB,22.823,139.0,554.0,6-2 6-1,3,R32,76.0,0.0,2.0,55.0,33.0,24.0,13.0,8.0,3.0,3.0,1.0,6.0,50.0,25.0,13.0,10,7.0,5.0,9.0
2026-804,Charleston,Clay,48,500,,20260331,20,223670.0,7.0,,Diana Shnaider,R,178.0,RUS,21.994,19.0,2001.0,220465.0,,,Katie Volynets,R,,USA,24.247,89.0,836.0,7-5 7-5,3,R32,142.0,1.0,4.0,94.0,63.0,31.0,15.0,12.0,3.0,9.0,0.0,4.0,84.0,56.0,31.0,6,12.0,6.0,14.0
2026-804,Charleston,Clay,48,500,,20260331,21,260300.0,4.0,,Iva Jovic,R,183.0,USA,18.317,16.0,2270.0,219917.0,,,Alycia Parks,R,,USA,25.246,95.0,814.0,6-3 6-2,3,R32,95.0,1.0,3.0,64.0,37.0,25.0,16.0,9.0,8.0,9.0,3.0,7.0,62.0,33.0,19.0,12,8.0,8.0,12.0
2026-804,Charleston,Clay,48,500,,20260331,22,213550.0,16.0,,Sofia Kenin,R,,USA,27.376,68.0,952.0,215370.0,,WC,Bianca Andreescu,R,175.0,CAN,25.788,128.0,584.0,6-4 6-4,3,R32,97.0,2.0,0.0,57.0,39.0,29.0,8.0,10.0,4.0,5.0,3.0,3.0,64.0,37.0,26.0,12,10.0,4.0,7.0
2026-804,Charleston,Clay,48,500,,20260331,23,211651.0,,WC,Paula Badosa,R,183.0,ESP,28.373,106.0,771.0,206289.0,10.0,,Maria Sakkari,R,172.0,GRE,30.684,38.0,1348.0,6-3 6-4,3,R32,90.0,2.0,4.0,53.0,35.0,27.0,8.0,10.0,0.0,2.0,1.0,1.0,65.0,36.0,21.0,12,9.0,7.0,11.0
2026-804,Charleston,Clay,48,500,,20260331,24,214939.0,8.0,,Anna Kalinskaya,R,183.0,RUS,27.327,23.0,1813.0,202600.0,,,Viktoriya Tomova,R,171.0,BUL,31.094,156.0,480.0,6-2 6-4,3,R32,80.0,3.0,2.0,71.0,44.0,22.0,15.0,9.0,8.0,12.0,0.0,5.0,55.0,32.0,16.0,5,9.0,2.0,9.0
2026-804,Charleston,Clay,48,500,,20260331,25,201619.0,5.0,,Madison Keys,R,183.0,USA,31.116,17.0,2161.0,202499.0,,,Donna Vekic,R,180.0,CRO,29.756,67.0,967.0,6-2 6-3,3,R32,73.0,3.0,1.0,43.0,27.0,21.0,10.0,8.0,0.0,1.0,0.0,5.0,66.0,43.0,22.0,8,9.0,4.0,9.0
2026-804,Charleston,Clay,48,500,,20260331,26,214388.0,,,Anna Bondar,R,,HUN,28.844,65.0,999.0,211684.0,11.0,,Magdalena Frech,R,168.0,POL,28.291,39.0,1348.0,7-5 6-3,3,R32,116.0,4.0,2.0,72.0,39.0,24.0,16.0,11.0,6.0,10.0,3.0,1.0,78.0,51.0,26.0,12,10.0,7.0,13.0
2026-804,Charleston,Clay,48,500,,20260331,27,239383.0,13.0,,Sara Bejlek,R,,CZE,20.162,34.0,1380.0,259857.0,,,Akasha Urhobo,R,,USA,19.195,235.0,301.0,6-1 6-1,3,R32,66.0,2.0,5.0,58.0,32.0,25.0,11.0,6.0,4.0,4.0,1.0,1.0,40.0,25.0,10.0,7,6.0,1.0,6.0
2026-804,Charleston,Clay,48,500,,20260331,28,202505.0,3.0,,Belinda Bencic,R,175.0,SUI,29.057,11.0,3090.0,215035.0,,,Dayana Yastremska,R,177.0,UKR,25.876,49.0,1200.0,6-2 6-7(5) 6-3,3,R32,149.0,4.0,4.0,100.0,75.0,51.0,12.0,15.0,3.0,5.0,0.0,9.0,100.0,64.0,37.0,18,14.0,6.0,11.0
2026-804,Charleston,Clay,48,500,,20260331,29,220548.0,17.0,,Peyton Stearns,R,175.0,USA,24.477,43.0,1296.0,221909.0,,,Ashlyn Krueger,R,,USA,21.898,110.0,741.0,7-6(8) 7-5,3,R32,,4.0,0.0,87.0,58.0,36.0,16.0,12.0,3.0,6.0,3.0,5.0,81.0,58.0,36.0,10,12.0,1.0,5.0
2026-804,Charleston,Clay,48,500,,20260331,30,220520.0,,,Mccartney Kessler,R,,USA,26.73,48.0,1214.0,222145.0,12.0,,Janice Tjen,R,,INA,23.902,40.0,1317.0,6-2 6-1,3,R32,73.0,3.0,6.0,59.0,41.0,29.0,6.0,8.0,5.0,6.0,0.0,1.0,44.0,25.0,12.0,6,7.0,4.0,9.0
2026-804,Charleston,Clay,48,500,,20260331,31,213887.0,,,Renata Zarazua,R,,MEX,28.499,84.0,875.0,221024.0,15.0,,Hailey Baptiste,R,,USA,24.406,35.0,1372.0,3-6 6-3 6-4,3,R32,52.0,3.0,2.0,38.0,24.0,22.0,10.0,8.0,0.0,0.0,1.0,3.0,45.0,30.0,15.0,6,7.0,0.0,4.0
2026-804,Charleston,Clay,48,500,,20260331,32,263857.0,,,Yuliia Starodubtseva,R,,UKR,26.117,53.0,1139.0,202493.0,,,Ekaterine Gorgodze,R,,GEO,34.325,166.0,449.0,3-6 6-1 6-2,3,R32,119.0,3.0,3.0,74.0,51.0,31.0,12.0,12.0,10.0,14.0,1.0,2.0,75.0,59.0,25.0,8,12.0,7.0,14.0
2026-804,Charleston,Clay,48,500,,20260401,33,202468.0,1.0,,Jessica Pegula,R,170.0,USA,32.099,5.0,6243.0,220714.0,14.0,,Elisabetta Cocciaretto,R,173.0,ITA,25.181,41.0,1310.0,1-6 6-1 7-6(1),3,R16,126.0,2.0,2.0,75.0,53.0,39.0,12.0,13.0,1.0,4.0,2.0,6.0,96.0,59.0,35.0,20,13.0,11.0,14.0
2026-804,Charleston,Clay,48,500,,20260401,34,223670.0,7.0,,Diana Shnaider,R,178.0,RUS,21.996,19.0,2001.0,220367.0,9.0,,Leylah Fernandez,L,170.0,CAN,23.568,25.0,1598.0,6-3 6-0,3,R16,86.0,1.0,3.0,51.0,33.0,25.0,10.0,8.0,2.0,2.0,0.0,3.0,65.0,47.0,25.0,7,7.0,11.0,15.0
2026-804,Charleston,Clay,48,500,,20260401,35,260300.0,4.0,,Iva Jovic,R,183.0,USA,18.319,16.0,2270.0,213550.0,16.0,,Sofia Kenin,R,,USA,27.379,68.0,952.0,7-5 7-5,3,R16,128.0,7.0,4.0,80.0,52.0,38.0,10.0,12.0,4.0,7.0,4.0,5.0,82.0,54.0,30.0,11,12.0,4.0,9.0
2026-804,Charleston,Clay,48,500,,20260401,36,214939.0,8.0,,Anna Kalinskaya,R,183.0,RUS,27.33,23.0,1813.0,211651.0,,WC,Paula Badosa,R,183.0,ESP,28.376,106.0,771.0,6-4 6-2,3,R16,75.0,1.0,2.0,47.0,27.0,21.0,14.0,9.0,1.0,2.0,4.0,3.0,50.0,32.0,22.0,6,9.0,0.0,4.0
2026-804,Charleston,Clay,48,500,,20260401,37,201619.0,5.0,,Madison Keys,R,183.0,USA,31.119,17.0,2161.0,214388.0,,,Anna Bondar,R,,HUN,28.847,65.0,999.0,6-2 7-5,3,R16,107.0,6.0,2.0,68.0,42.0,32.0,10.0,10.0,3.0,5.0,6.0,4.0,84.0,46.0,27.0,15,10.0,7.0,12.0
2026-804,Charleston,Clay,48,500,,20260401,38,202505.0,3.0,,Belinda Bencic,R,175.0,SUI,29.06,11.0,3090.0,239383.0,13.0,,Sara Bejlek,R,,CZE,20.165,34.0,1380.0,7-6(4) 6-2,3,R16,107.0,0.0,3.0,70.0,51.0,32.0,7.0,10.0,5.0,9.0,0.0,3.0,61.0,41.0,21.0,7,10.0,5.0,11.0
2026-804,Charleston,Clay,48,500,,20260401,39,220520.0,,,Mccartney Kessler,R,,USA,26.733,48.0,1214.0,220548.0,17.0,,Peyton Stearns,R,175.0,USA,24.48,43.0,1296.0,6-0 3-6 6-4,3,R16,121.0,2.0,3.0,70.0,45.0,26.0,16.0,12.0,1.0,4.0,1.0,3.0,95.0,61.0,36.0,14,13.0,12.0,18.0
2026-804,Charleston,Clay,48,500,,20260401,40,263857.0,,,Yuliia Starodubtseva,R,,UKR,26.12,53.0,1139.0,213887.0,,,Renata Zarazua,R,,MEX,28.502,84.0,875.0,6-1 6-0,3,R16,61.0,0.0,0.0,42.0,34.0,25.0,5.0,7.0,0.0,0.0,0.0,1.0,31.0,23.0,8.0,3,6.0,3.0,8.0
2026-804,Charleston,Clay,48,500,,20260403,41,202468.0,1.0,,Jessica Pegula,R,170.0,USA,32.105,5.0,6243.0,223670.0,7.0,,Diana Shnaider,R,178.0,RUS,22.002,19.0,2001.0,3-6 6-3 6-2,3,QF,131.0,8.0,0.0,95.0,68.0,45.0,14.0,13.0,6.0,9.0,1.0,6.0,99.0,63.0,37.0,17,13.0,12.0,17.0
2026-804,Charleston,Clay,48,500,,20260403,42,260300.0,4.0,,Iva Jovic,R,183.0,USA,18.325,16.0,2270.0,214939.0,8.0,,Anna Kalinskaya,R,183.0,RUS,27.335,23.0,1813.0,6-3 6-4,3,QF,81.0,3.0,2.0,55.0,37.0,25.0,8.0,10.0,0.0,3.0,2.0,5.0,55.0,33.0,18.0,7,9.0,3.0,8.0
2026-804,Charleston,Clay,48,500,,20260403,43,201619.0,5.0,,Madison Keys,R,183.0,USA,31.125,17.0,2161.0,202505.0,3.0,,Belinda Bencic,R,175.0,SUI,29.066,11.0,3090.0,4-6 6-3 6-2,3,QF,142.0,8.0,2.0,104.0,65.0,47.0,14.0,13.0,9.0,12.0,0.0,6.0,91.0,62.0,39.0,7,14.0,6.0,12.0
2026-804,Charleston,Clay,48,500,,20260403,44,263857.0,,,Yuliia Starodubtseva,R,,UKR,26.125,53.0,1139.0,220520.0,,,Mccartney Kessler,R,,USA,26.738,48.0,1214.0,6-4 6-4,3,QF,96.0,0.0,1.0,60.0,39.0,26.0,13.0,10.0,4.0,6.0,1.0,2.0,58.0,40.0,25.0,6,10.0,2.0,6.0
2026-804,Charleston,Clay,48,500,,20260404,45,202468.0,1.0,,Jessica Pegula,R,170.0,USA,32.107,5.0,6243.0,260300.0,4.0,,Iva Jovic,R,183.0,USA,18.328,16.0,2270.0,6-4 5-7 6-3,3,SF,155.0,1.0,3.0,102.0,67.0,45.0,19.0,15.0,8.0,11.0,1.0,3.0,115.0,68.0,43.0,24,16.0,14.0,19.0
2026-804,Charleston,Clay,48,500,,20260404,46,263857.0,,,Yuliia Starodubtseva,R,,UKR,26.128,53.0,1139.0,201619.0,5.0,,Madison Keys,R,183.0,USA,31.127,17.0,2161.0,6-1 6-4,3,SF,73.0,0.0,2.0,44.0,31.0,20.0,8.0,8.0,0.0,2.0,2.0,4.0,55.0,31.0,16.0,8,9.0,2.0,8.0
2026-804,Charleston,Clay,48,500,,20260405,47,202468.0,1.0,,Jessica Pegula,R,170.0,USA,32.11,5.0,6243.0,263857.0,,,Yuliia Starodubtseva,R,,UKR,26.131,53.0,1139.0,6-2 6-2,3,F,82.0,3.0,0.0,57.0,34.0,26.0,12.0,8.0,5.0,6.0,1.0,1.0,48.0,31.0,13.0,8,8.0,1.0,6.0
2026-528,Linz,Clay,28,500,,20260406,1,201585.0,,WC,Sloane Stephens,R,168.0,USA,33.047,552.0,90.0,213583.0,,,Tatjana Maria,R,172.0,GER,38.662,61.0,1023.0,7-6(5) 6-4,3,R32,162.0,1.0,3.0,117.0,68.0,46.0,23.0,14.0,12.0,15.0,8.0,4.0,110.0,64.0,44.0,25,15.0,7.0,9.0
2026-528,Linz,Clay,28,500,,20260406,2,213646.0,,,Dalma Galfi,R,,HUN,27.647,103.0,769.0,219917.0,,,Alycia Parks,R,,USA,25.263,93.0,814.0,6-3 6-3,3,R32,68.0,3.0,2.0,68.0,42.0,30.0,13.0,9.0,3.0,4.0,1.0,5.0,55.0,32.0,18.0,7,9.0,3.0,9.0
2026-528,Linz,Clay,28,500,,20260406,3,201514.0,5.0,,Sorana Cirstea,R,172.0,ROU,35.998,29.0,1459.0,221257.0,,WC,Sinja Kraus,R,,AUT,23.938,119.0,699.0,6-3 6-3,3,R32,82.0,2.0,4.0,78.0,48.0,35.0,13.0,9.0,2.0,4.0,1.0,6.0,70.0,39.0,22.0,9,9.0,3.0,9.0
2026-528,Linz,Clay,28,500,,20260406,4,223253.0,,,Alexandra Eala,R,170.0,PHI,20.871,46.0,1255.0,211814.0,,WC,Julia Grabher,R,,AUT,29.761,89.0,829.0,6-4 6-3,3,R32,75.0,4.0,3.0,85.0,52.0,37.0,15.0,10.0,5.0,7.0,2.0,6.0,78.0,45.0,28.0,12,9.0,4.0,10.0
2026-528,Linz,Clay,28,500,,20260406,5,211817.0,,,Elena Gabriela Ruse,R,172.0,ROU,28.414,87.0,840.0,211107.0,,,Katie Boulter,R,175.0,GBR,29.679,62.0,1012.0,7-6(3) 7-6(2),3,R32,130.0,6.0,4.0,89.0,49.0,33.0,19.0,11.0,4.0,7.0,5.0,6.0,88.0,50.0,30.0,19,11.0,4.0,6.0
2026-528,Linz,Clay,28,500,,20260406,6,215035.0,,,Dayana Yastremska,R,177.0,UKR,25.892,49.0,1172.0,215983.0,7.0,,Ann Li,R,,USA,25.777,36.0,1356.0,7-5 4-6 6-3,3,R32,115.0,8.0,6.0,112.0,62.0,44.0,22.0,13.0,7.0,10.0,3.0,7.0,105.0,58.0,37.0,19,12.0,5.0,12.0
2026-528,Linz,Clay,28,500,,20260407,7,211337.0,,,Tamara Korpatsch,R,175.0,GER,30.905,109.0,737.0,211713.0,6.0,,Jaqueline Cristian,R,,ROU,27.839,33.0,1382.0,4-6 6-1 6-4,3,R32,105.0,3.0,6.0,103.0,58.0,41.0,21.0,12.0,7.0,12.0,2.0,4.0,99.0,54.0,35.0,17,11.0,5.0,13.0
2026-528,Linz,Clay,28,500,,20260407,8,215713.0,,,Anastasia Potapova,R,175.0,RUS,25.022,97.0,800.0,201533.0,,,Shuai Zhang,R,,CHN,37.208,64.0,989.0,6-4 6-4,3,R32,103.0,7.0,3.0,82.0,50.0,34.0,17.0,10.0,8.0,9.0,3.0,2.0,77.0,53.0,33.0,11,10.0,10.0,13.0
2026-528,Linz,Clay,28,500,,20260407,9,260172.0,,WC,Lilli Tagger,R,,AUT,18.136,117.0,705.0,211651.0,,WC,Paula Badosa,R,183.0,ESP,28.392,102.0,771.0,6-4 7-6(5),3,R32,127.0,2.0,2.0,77.0,60.0,38.0,8.0,11.0,7.0,11.0,2.0,5.0,87.0,51.0,29.0,17,12.0,6.0,11.0
2026-528,Linz,Clay,28,500,,20260407,10,211843.0,,,Anhelina Kalinina,R,170.0,UKR,29.161,120.0,695.0,215910.0,,,Panna Udvardy,R,,HUN,27.524,71.0,918.0,5-7 6-1 6-0,3,R32,105.0,3.0,0.0,63.0,50.0,33.0,10.0,12.0,0.0,2.0,3.0,2.0,85.0,60.0,32.0,11,13.0,7.0,14.0
2026-528,Linz,Clay,28,500,,20260407,11,202499.0,,,Donna Vekic,R,180.0,CRO,29.775,104.0,762.0,220465.0,,,Katie Volynets,R,,USA,24.266,88.0,831.0,6-3 3-6 6-4,3,R32,133.0,6.0,6.0,94.0,62.0,48.0,11.0,14.0,5.0,8.0,0.0,2.0,90.0,71.0,46.0,8,14.0,10.0,14.0
2026-528,Linz,Clay,28,500,,20260407,12,201662.0,,PR,Karolina Pliskova,R,188.0,CZE,34.046,258.0,267.0,205925.0,,,Aliaksandra Sasnovich,R,172.0,BLR,32.044,115.0,716.0,6-4 6-4,3,R32,84.0,16.0,4.0,69.0,50.0,34.0,7.0,10.0,5.0,8.0,3.0,7.0,63.0,39.0,26.0,7,10.0,5.0,10.0
2026-528,Linz,Clay,28,500,,20260408,13,259799.0,1.0,,Mirra Andreeva,R,174.0,RUS,18.944,10.0,3121.0,201585.0,,WC,Sloane Stephens,R,168.0,USA,33.052,120.0,520.0,6-4 6-2,3,R16,81.0,4.0,1.0,52.0,33.0,25.0,9.0,8.0,2.0,4.0,1.0,3.0,48.0,29.0,14.0,8,8.0,3.0,7.0
2026-528,Linz,Clay,28,500,,20260408,14,201514.0,5.0,,Sorana Cirstea,R,172.0,ROU,36.003,29.0,1459.0,213646.0,,,Dalma Galfi,R,,HUN,27.653,103.0,769.0,5-0 ret.,3,R16,21.0,0.0,1.0,18.0,14.0,5.0,2.0,3.0,0.0,0.0,2.0,0.0,14.0,8.0,7.0,5,3.0,0.0,0.0
2026-528,Linz,Clay,28,500,,20260408,15,211533.0,4.0,,Jelena Ostapenko,R,177.0,LAT,28.833,23.0,2100.0,223253.0,,,Alexandra Eala,R,170.0,PHI,20.877,85.0,880.0,6-4 7-5,3,R16,104.0,6.0,11.0,73.0,39.0,26.0,13.0,11.0,6.0,9.0,2.0,5.0,69.0,37.0,21.0,13,11.0,4.0,9.0
2026-528,Linz,Clay,28,500,,20260409,16,211817.0,,,Elena Gabriela Ruse,R,172.0,ROU,28.422,87.0,920.0,215035.0,,,Dayana Yastremska,R,177.0,UKR,25.901,62.0,1120.0,4-6 6-4 6-4,3,R16,147.0,4.0,5.0,92.0,48.0,32.0,18.0,15.0,7.0,12.0,7.0,8.0,98.0,52.0,35.0,20,15.0,5.0,10.0
2026-528,Linz,Clay,28,500,,20260409,17,215713.0,,,Anastasia Potapova,R,175.0,RUS,25.027,97.0,780.0,211337.0,,,Tamara Korpatsch,R,175.0,GER,30.911,109.0,620.0,6-2 6-1,3,R16,91.0,3.0,2.0,57.0,34.0,22.0,10.0,8.0,4.0,5.0,1.0,3.0,48.0,28.0,14.0,8,8.0,2.0,6.0
2026-528,Linz,Clay,28,500,,20260409,18,260172.0,,WC,Lilli Tagger,R,,AUT,18.141,117.0,705.0,214643.0,3.0,,Liudmila Samsonova,R,181.0,RUS,27.409,21.0,1845.0,6-2 7-6(11),3,R16,118.0,1.0,4.0,78.0,45.0,28.0,15.0,10.0,5.0,8.0,6.0,7.0,85.0,48.0,30.0,18,11.0,4.0,7.0
2026-528,Linz,Clay,28,500,,20260409,19,202499.0,,,Donna Vekic,R,180.0,CRO,29.78,104.0,762.0,211843.0,,,Anhelina Kalinina,R,170.0,UKR,29.167,120.0,695.0,W/O,3,R16,,,,,,,,,,,,,,,,,,,
2026-528,Linz,Clay,28,500,,20260409,20,201662.0,,PR,Karolina Pliskova,R,188.0,CZE,34.051,258.0,267.0,206420.0,2.0,,Ekaterina Alexandrova,R,183.0,RUS,31.398,13.0,2886.0,6-1 6-3,3,R16,68.0,5.0,3.0,48.0,30.0,24.0,10.0,8.0,1.0,2.0,2.0,4.0,45.0,25.0,14.0,9,8.0,3.0,6.0
2026-528,Linz,Clay,28,500,,20260410,21,259799.0,1.0,,Mirra Andreeva,R,174.0,RUS,18.949,10.0,3121.0,201514.0,5.0,,Sorana Cirstea,R,172.0,ROU,36.009,29.0,1850.0,7-6(4) 4-6 6-2,3,QF,137.0,5.0,4.0,94.0,58.0,40.0,19.0,15.0,6.0,9.0,2.0,1.0,90.0,58.0,42.0,19,15.0,5.0,11.0
2026-528,Linz,Clay,28,500,,20260410,22,211817.0,,,Elena Gabriela Ruse,R,172.0,ROU,28.425,87.0,920.0,211533.0,4.0,,Jelena Ostapenko,R,177.0,LAT,28.838,23.0,2100.0,4-6 6-4 6-1,3,QF,141.0,9.0,3.0,78.0,42.0,26.0,15.0,12.0,8.0,11.0,4.0,11.0,99.0,56.0,34.0,15,12.0,5.0,7.0
2026-528,Linz,Clay,28,500,,20260410,23,215713.0,,,Anastasia Potapova,R,175.0,RUS,25.03,97.0,800.0,260172.0,,WC,Lilli Tagger,R,,AUT,18.144,117.0,705.0,7-6(7) 6-0,3,QF,95.0,3.0,2.0,59.0,36.0,28.0,15.0,9.0,4.0,5.0,1.0,1.0,53.0,40.0,25.0,5,8.0,2.0,6.0
2026-528,Linz,Clay,28,500,,20260410,24,202499.0,,,Donna Vekic,R,180.0,CRO,29.783,104.0,762.0,201662.0,,PR,Karolina Pliskova,R,188.0,CZE,34.054,258.0,267.0,7-5 6-4,3,QF,86.0,2.0,4.0,62.0,38.0,31.0,13.0,10.0,3.0,4.0,4.0,2.0,53.0,37.0,25.0,8,9.0,1.0,4.0
W-FC-2026-QLS-M-AUS-GBR-01,Billie Jean King Cup qualifying round: Australia vs. Great Britain,Hard,4,D,,20260410,1,261963.0,,,Mika Stojsavljevic,,,GBR,17.317,275.0,243.0,221883.0,,,Talia Gibson,,,AUS,21.81,56.0,1050.0,7-6(4) 7-5,3,RR,,,,,,,,,,,,,,,,,,,
W-FC-2026-QLS-M-AUS-GBR-01,Billie Jean King Cup qualifying round: Australia vs. Great Britain,Hard,4,D,,20260410,2,211279.0,,,Harriet Dart,,,GBR,29.701,173.0,420.0,214040.0,,,Kimberly Birrell,,,AUS,27.949,80.0,880.0,4-6 6-3 6-3,3,RR,,,,,,,,,,,,,,,,,,,
W-FC-2026-QLS-M-AUS-GBR-01,Billie Jean King Cup qualifying round: Australia vs. Great Britain,Hard,4,D,,20260410,3,263644.0,,,Emerson Jones,,,AUS,17.758,134.0,566.0,215042.0,,,Katie Swan,,,GBR,27.048,262.0,260.0,7-5 6-3,3,RR,,,,,,,,,,,,,,,,,,,
W-FC-2026-QLS-M-BEL-USA-01,Billie Jean King Cup qualifying round: Belgium vs. United States,Clay,4,D,,20260410,1,243420.0,,,Hanne Vandewinkel,,,BEL,21.887,94.0,813.0,260300.0,,,Iva Jovic,,,USA,18.344,16.0,2270.0,7-6(3) 6-3,3,RR,,,,,,,,,,,,,,,,,,,
W-FC-2026-QLS-M-BEL-USA-01,Billie Jean King Cup qualifying round: Belgium vs. United States,Clay,4,D,,20260410,2,210722.0,,,Elise Mertens,,,BEL,30.396,20.0,1906.0,220520.0,,,Mccartney Kessler,,,USA,26.758,48.0,1214.0,7-6(3) 2-6 3-3 RET,3,RR,,,,,,,,,,,,,,,,,,,
W-FC-2026-QLS-M-BEL-USA-01,Billie Jean King Cup qualifying round: Belgium vs. United States,Clay,4,D,,20260410,3,213889.0,,,Greet Minnen,,,BEL,28.655,149.0,510.0,260300.0,,,Iva Jovic,,,USA,18.344,16.0,2270.0,7-5 6-3,3,RR,,,,,,,,,,,,,,,,,,,
W-FC-2026-QLS-M-ITA-JPN-01,Billie Jean King Cup qualifying round: Italy vs. Japan,Clay,4,D,,20260410,1,220714.0,,,Elisabetta Cocciaretto,,,ITA,25.205,42.0,1310.0,220416.0,,,Moyuka Uchijima,,,JPN,24.663,84.0,863.0,7-5 6-2,3,RR,,,,,,,,,,,,,,,,,,,
W-FC-2026-QLS-M-ITA-JPN-01,Billie Jean King Cup qualifying round: Italy vs. Japan,Clay,4,D,,20260410,2,211148.0,,,Jasmine Paolini,,,ITA,30.265,8.0,3907.0,221124.0,,,Himeno Sakatsume,,,JPN,24.685,133.0,567.0,6-3 6-1,3,RR,,,,,,,,,,,,,,,,,,,
W-FC-2026-QLS-M-ITA-JPN-01,Billie Jean King Cup qualifying round: Italy vs. Japan,Clay,4,D,,20260410,3,221124.0,,,Himeno Sakatsume,,,JPN,24.685,133.0,567.0,214459.0,,,Lucia Bronzetti,,,ITA,27.333,163.0,456.0,7-6(4) 6-2,3,RR,,,,,,,,,,,,,,,,,,,
W-FC-2026-QLS-M-KAZ-CAN-01,Billie Jean King Cup qualifying round: Kazakhstan vs. Canada,Clay,4,D,,20260410,1,201709.0,,,Yulia Putintseva,,,KAZ,31.256,74.0,893.0,239436.0,,,Kayla Cross,,,CAN,21.055,198.0,365.0,6-3 7-5,3,RR,,,,,,,,,,,,,,,,,,,
W-FC-2026-QLS-M-KAZ-CAN-01,Billie Jean King Cup qualifying round: Kazakhstan vs. Canada,Clay,4,D,,20260410,2,215370.0,,,Bianca Andreescu,,,CAN,25.816,130.0,584.0,332297.0,,,Sonja Zhiyenbayeva,,,KAZ,,1023.0,18.0,6-4 7-6(4),3,RR,,,,,,,,,,,,,,,,,,,
W-FC-2026-QLS-M-KAZ-CAN-01,Billie Jean King Cup qualifying round: Kazakhstan vs. Canada,Clay,4,D,,20260410,3,201709.0,,,Yulia Putintseva,,,KAZ,31.256,74.0,893.0,215370.0,,,Bianca Andreescu,,,CAN,25.816,130.0,584.0,7-6(5) 3-6 7-6(4),3,RR,,,,,,,,,,,,,,,,,,,
W-FC-2026-QLS-M-SLO-ESP-01,Billie Jean King Cup qualifying round: Slovenia vs. Spain,Clay,4,D,,20260410,1,269267.0,,,Kaitlin Quevedo,,,ESP,20.154,127.0,600.0,214461.0,,,Tamara Zidansek,,,SLO,28.288,128.0,597.0,6-4 2-6 0-0 RET,3,RR,,,,,,,,,,,,,,,,,,,
W-FC-2026-QLS-M-SLO-ESP-01,Billie Jean King Cup qualifying round: Slovenia vs. Spain,Clay,4,D,,20260410,2,220662.0,,,Veronika Erjavec,,,SLO,26.278,99.0,786.0,220742.0,,,Leyre ROMERO GORMAZ,,,ESP,24.011,175.0,419.0,6-4 6-3,3,RR,,,,,,,,,,,,,,,,,,,
W-FC-2026-QLS-M-SLO-ESP-01,Billie Jean King Cup qualifying round: Slovenia vs. Spain,Clay,4,D,,20260410,3,269267.0,,,Kaitlin Quevedo,,,ESP,20.154,127.0,600.0,220662.0,,,Veronika Erjavec,,,SLO,26.278,99.0,786.0,7-6(4) 6-2,3,RR,,,,,,,,,,,,,,,,,,,
W-FC-2026-QLS-M-SUI-CZE-01,Billie Jean King Cup qualifying round: Switzerland vs. Czechia,Hard,4,D,,20260410,1,202505.0,,,Belinda Bencic,,,SUI,29.085,11.0,3090.0,213631.0,,,Marie Bouzkova,,,CZE,27.721,24.0,1676.0,6-3 6-7(7) 6-4,3,RR,,,,,,,,,,,,,,,,,,,
W-FC-2026-QLS-M-SUI-CZE-01,Billie Jean King Cup qualifying round: Switzerland vs. Czechia,Hard,4,D,,20260410,2,222328.0,,,Linda Noskova,,,CZE,21.394,14.0,2801.0,203530.0,,,Viktorija Golubic,,,SUI,33.482,79.0,881.0,6-1 6-4,3,RR,,,,,,,,,,,,,,,,,,,
W-FC-2026-QLS-M-SUI-CZE-01,Billie Jean King Cup qualifying round: Switzerland vs. Czechia,Hard,4,D,,20260410,3,222328.0,,,Linda Noskova,,,CZE,21.394,14.0,2801.0,202505.0,,,Belinda Bencic,,,SUI,29.085,11.0,3090.0,6-3 3-6 7-6(9),3,RR,,,,,,,,,,,,,,,,,,,
W-FC-2026-QLS-M-SUI-CZE-01,Billie Jean King Cup qualifying round: Switzerland vs. Czechia,Hard,4,D,,20260410,4,213631.0,,,Marie Bouzkova,,,CZE,27.721,24.0,1676.0,203530.0,,,Viktorija Golubic,,,SUI,33.482,79.0,881.0,7-6(4) 6-3,3,RR,,,,,,,,,,,,,,,,,,,
W-FC-2026-QLS-M-UKR-POL-01,Billie Jean King Cup qualifying round: Poland vs. Ukraine,Clay,4,D,,20260410,1,216146.0,,,Marta Kostyuk,,,UKR,23.784,27.0,1473.0,202663.0,,,Magda Linette,,,POL,34.158,55.0,1059.0,6-4 6-0,3,RR,,,,,,,,,,,,,,,,,,,
W-FC-2026-QLS-M-UKR-POL-01,Billie Jean King Cup qualifying round: Poland vs. Ukraine,Clay,4,D,,20260410,2,202494.0,,,Elina Svitolina,,,UKR,31.576,7.0,3965.0,203514.0,,,Katarzyna Kawa,,,POL,33.394,160.0,461.0,6-2 6-1,3,RR,,,,,,,,,,,,,,,,,,,
W-FC-2026-QLS-M-UKR-POL-01,Billie Jean King Cup qualifying round: Poland vs. Ukraine,Clay,4,D,,20260410,3,220716.0,,,Oleksandra Oliynykova,,,UKR,25.265,68.0,931.0,221626.0,,,Linda Klimovicova,,,POL,21.81,154.0,490.0,6-4 6-1,3,RR,,,,,,,,,,,,,,,,,,,
2026-528,Linz,Clay,28,500,,20260411,25,259799.0,1.0,,Mirra Andreeva,R,174.0,RUS,18.952,10.0,3121.0,211817.0,,,Elena Gabriela Ruse,R,172.0,ROU,28.428,87.0,840.0,6-4 6-1,3,SF,91.0,3.0,2.0,55.0,35.0,23.0,11.0,9.0,2.0,3.0,3.0,6.0,66.0,32.0,16.0,14,8.0,5.0,12.0
2026-528,Linz,Clay,28,500,,20260411,26,215713.0,,,Anastasia Potapova,R,175.0,RUS,25.033,97.0,800.0,202499.0,,,Donna Vekic,R,180.0,CRO,29.786,104.0,762.0,6-4 6-2,3,SF,79.0,6.0,2.0,63.0,37.0,28.0,14.0,9.0,6.0,7.0,2.0,4.0,48.0,29.0,18.0,7,9.0,4.0,8.0
2026-528,Linz,Clay,28,500,,20260412,27,259799.0,1.0,,Mirra Andreeva,R,174.0,RUS,18.955,10.0,3121.0,215713.0,,,Anastasia Potapova,R,175.0,RUS,25.035,97.0,800.0,1-6 6-4 6-3,3,F,114.0,4.0,4.0,74.0,47.0,32.0,11.0,13.0,0.0,5.0,5.0,1.0,98.0,57.0,39.0,16,13.0,7.0,12.0
2026-1051,Stuttgart,Clay,28,500,,20260413,1,223670.0,,,Diana Shnaider,L,170.0,RUS,22.029,19.0,2001.0,211337.0,,WC,Tamara Korpatsch,R,168.0,GER,30.922,102.0,801.0,6-3 6-1,3,R32,90.0,0.0,4.0,53.0,36.0,26.0,6.0,9.0,5.0,11.0,1.0,1.0,58.0,36.0,16.0,9,7.0,2.0,2.0
2026-1051,Stuttgart,Clay,28,500,,20260413,2,220367.0,,,Leylah Fernandez,L,168.0,CAN,23.601,25.0,1598.0,222017.0,,,Anouk Koevermans,R,170.0,PHI,22.278,45.0,1285.0,6-1 6-4,3,R32,88.0,3.0,6.0,55.0,32.0,24.0,13.0,9.0,2.0,3.0,2.0,1.0,54.0,28.0,18.0,10,7.0,4.0,8.0
2026-1051,Stuttgart,Clay,28,500,,20260413,3,220309.0,,Q,Zeynep Sonmez,R,170.0,TUR,23.954,79.0,891.0,211148.0,5.0,,Jasmine Paolini,R,163.0,ITA,30.273,8.0,3907.0,6-2 6-2,3,R32,75.0,0.0,1.0,54.0,39.0,25.0,11.0,8.0,8.0,12.0,2.0,2.0,56.0,32.0,19.0,9,4.0,0.0,1.0
2026-1051,Stuttgart,Clay,28,500,,20260413,4,201696.0,,WC,Laura Siegemund,R,168.0,GER,38.109,51.0,1120.0,202600.0,,LL,Viktoriya Tomova,R,170.0,BUL,31.13,156.0,480.0,4-6 7-6(4) 6-1,3,R32,163.0,2.0,1.0,107.0,87.0,51.0,12.0,15.0,7.0,11.0,6.0,9.0,111.0,66.0,38.0,20,14.0,8.0,13.0
2026-1051,Stuttgart,Clay,28,500,,20260413,5,219917.0,,Q,Alycia Parks,R,183.0,USA,25.282,95.0,712.0,223333.0,,WC,Noma Noha Akugue,R,175.0,GER,22.363,195.0,312.0,6-4 6-2,3,R32,76.0,5.0,1.0,81.0,50.0,33.0,12.0,9.0,6.0,10.0,1.0,0.0,55.0,39.0,24.0,7,7.0,0.0,1.0
2026-1051,Stuttgart,Clay,28,500,,20260413,6,259799.0,6.0,,Mirra Andreeva,R,175.0,RUS,18.957,9.0,3250.0,211533.0,,,Jelena Ostapenko,R,174.0,LAT,28.847,22.0,1850.0,5-7 6-2 6-4,3,R32,142.0,11.0,10.0,115.0,66.0,42.0,20.0,15.0,7.0,12.0,4.0,6.0,91.0,65.0,35.0,11,15.0,2.0,9.0
2026-1051,Stuttgart,Clay,28,500,,20260413,7,206420.0,8.0,,Ekaterina Alexandrova,R,180.0,RUS,31.409,13.0,2450.0,213873.0,,Q,Gabriela Andrea Knutson,R,175.0,CZE,28.978,224.0,280.0,6-2 6-2,3,R32,63.0,7.0,2.0,56.0,28.0,22.0,16.0,8.0,4.0,6.0,4.0,6.0,49.0,26.0,17.0,7,4.0,0.0,2.0
2026-1051,Stuttgart,Clay,28,500,,20260413,8,222328.0,,,Linda Noskova,R,183.0,CZE,21.402,14.0,2801.0,200035.0,,,Shuai Zhang,R,177.0,CHN,37.224,66.0,989.0,5-7 6-1 6-4,3,R32,103.0,15.0,3.0,72.0,48.0,42.0,14.0,9.0,11.0,15.0,7.0,4.0,114.0,82.0,53.0,13,15.0,2.0,4.0
2026-1051,Stuttgart,Clay,28,500,,20260413,9,220332.0,,WC,Eva Lys,R,180.0,GER,24.25,78.0,920.0,211651.0,,WC,Paula Badosa,R,183.0,ESP,28.409,106.0,680.0,2-6 7-5 6-4,3,R32,135.0,0.0,7.0,107.0,72.0,45.0,13.0,12.0,6.0,12.0,6.0,15.0,88.0,51.0,38.0,9,12.0,2.0,4.0
2026-1051,Stuttgart,Clay,28,500,,20260413,10,214096.0,7.0,,Karolina Muchova,R,183.0,CZE,29.643,12.0,2980.0,205925.0,,Q,Aliaksandra Sasnovich,R,167.0,BLR,32.061,111.0,620.0,6-2 6-4,3,R32,81.0,7.0,2.0,47.0,35.0,28.0,5.0,8.0,4.0,7.0,2.0,2.0,63.0,45.0,27.0,6,6.0,1.0,2.0
2026-1051,Stuttgart,Clay,28,500,,20260413,11,210722.0,,,Elise Mertens,R,172.0,BEL,30.404,20.0,2150.0,230870.0,,WC,Ella Seidel,R,175.0,GER,21.159,87.0,780.0,6-3 6-4,3,R32,91.0,6.0,3.0,60.0,40.0,27.0,12.0,8.0,4.0,11.0,0.0,2.0,62.0,42.0,26.0,7,6.0,2.0,4.0
2026-1051,Stuttgart,Clay,28,500,,20260413,12,214643.0,,,Liudmila Samsonova,R,178.0,RUS,27.42,21.0,1980.0,222045.0,,,Antonia Ruzic,R,175.0,CRO,23.228,58.0,1050.0,6-0 6-4,3,R32,76.0,3.0,0.0,43.0,22.0,19.0,11.0,9.0,1.0,2.0,0.0,3.0,47.0,32.0,13.0,7,6.0,1.0,6.0
2026-1051,Stuttgart,Clay,28,500,,20260413,13,214981.0,1.0,,Elena Rybakina,R,184.0,KAZ,26.823,2.0,6500.0,223670.0,,,Diana Shnaider,L,170.0,RUS,22.029,19.0,2001.0,6-3 6-4,3,R16,72.0,9.0,2.0,48.0,33.0,30.0,10.0,8.0,0.0,0.0,1.0,5.0,65.0,38.0,25.0,13,9.0,2.0,4.0
2026-1051,Stuttgart,Clay,28,500,,20260413,14,220367.0,,,Leylah Fernandez,L,168.0,CAN,23.601,25.0,1598.0,220309.0,,Q,Zeynep Sonmez,R,175.0,TUR,23.954,79.0,891.0,6-7(2) 6-1 7-6(5),3,R16,187.0,2.0,8.0,127.0,79.0,45.0,20.0,15.0,18.0,24.0,3.0,3.0,109.0,66.0,32.0,20,12.0,5.0,14.0
2026-1051,Stuttgart,Clay,28,500,,20260413,15,216347.0,3.0,,Iga Swiatek,R,175.0,POL,24.868,4.0,6200.0,201696.0,,WC,Laura Siegemund,R,168.0,GER,38.109,51.0,1120.0,6-2 6-3,3,R16,88.0,2.0,7.0,52.0,27.0,21.0,13.0,8.0,4.0,5.0,1.0,1.0,52.0,37.0,19.0,5,6.0,1.0,2.0
2026-1051,Stuttgart,Clay,28,500,,20260413,16,259799.0,6.0,,Mirra Andreeva,R,175.0,RUS,18.957,9.0,3250.0,219917.0,,Q,Alycia Parks,R,183.0,USA,25.282,95.0,712.0,7-6(3) 6-3,3,R16,96.0,4.0,2.0,62.0,39.0,27.0,12.0,9.0,4.0,5.0,4.0,7.0,80.0,44.0,29.0,10,7.0,1.0,5.0
2026-1051,Stuttgart,Clay,28,500,,20260413,17,222328.0,,,Linda Noskova,R,183.0,CZE,21.402,14.0,2801.0,206420.0,8.0,,Ekaterina Alexandrova,R,180.0,RUS,31.409,13.0,2450.0,6-1 6-1,3,R16,58.0,9.0,5.0,51.0,31.0,24.0,10.0,9.0,6.0,8.0,6.0,3.0,52.0,29.0,16.0,7,6.0,0.0,0.0
2026-1051,Stuttgart,Clay,28,500,,20260413,18,202494.0,4.0,,Elina Svitolina,R,173.0,UKR,31.584,27.0,1850.0,220332.0,,WC,Eva Lys,R,180.0,GER,24.25,78.0,920.0,6-1 6-0,3,R16,54.0,0.0,4.0,40.0,31.0,24.0,3.0,9.0,6.0,12.0,6.0,9.0,53.0,35.0,15.0,5,6.0,0.0,4.0
2026-1051,Stuttgart,Clay,28,500,,20260413,19,214096.0,7.0,,Karolina Muchova,R,183.0,CZE,29.643,12.0,2993.0,210722.0,,,Elise Mertens,R,172.0,BEL,30.404,20.0,1906.0,1-6 6-3 6-0,3,R16,113.0,4.0,2.0,63.0,39.0,22.0,10.0,14.0,2.0,6.0,1.0,9.0,85.0,51.0,31.0,11,14.0,7.0,13.0
2026-1051,Stuttgart,Clay,28,500,,20260413,20,221103.0,2.0,,Coco Gauff,R,180.0,USA,22.084,3.0,7250.0,214643.0,,,Liudmila Samsonova,R,178.0,RUS,27.42,21.0,2130.0,7-5 6-1,3,R16,96.0,7.0,5.0,64.0,55.0,35.0,3.0,10.0,3.0,6.0,0.0,1.0,48.0,34.0,18.0,4,9.0,6.0,12.0
2026-1051,Stuttgart,Clay,28,500,,20260413,21,214981.0,1.0,,Elena Rybakina,R,184.0,KAZ,26.823,2.0,8108.0,220367.0,,,Leylah Fernandez,L,168.0,CAN,23.601,25.0,1598.0,6-7(5) 6-4 7-6(6),3,QF,181.0,7.0,8.0,123.0,81.0,59.0,22.0,17.0,11.0,14.0,6.0,6.0,120.0,82.0,55.0,19,17.0,4.0,8.0
2026-1051,Stuttgart,Clay,28,500,,20260413,22,259799.0,6.0,,Mirra Andreeva,R,175.0,RUS,18.957,9.0,3611.0,216347.0,3.0,,Iga Swiatek,R,175.0,POL,24.868,4.0,7263.0,3-6 6-4 6-3,3,QF,156.0,4.0,5.0,105.0,64.0,37.0,19.0,14.0,9.0,14.0,1.0,3.0,94.0,58.0,36.0,15,14.0,5.0,11.0
2026-1051,Stuttgart,Clay,28,500,,20260413,23,202494.0,4.0,,Elina Svitolina,R,173.0,UKR,31.584,7.0,3965.0,222328.0,,,Linda Noskova,R,183.0,CZE,21.402,14.0,2801.0,7-6(5) 7-5,3,QF,101.0,11.0,0.0,84.0,59.0,42.0,15.0,12.0,4.0,5.0,6.0,5.0,74.0,41.0,32.0,18,12.0,6.0,8.0
2026-1051,Stuttgart,Clay,28,500,,20260413,24,214096.0,7.0,,Karolina Muchova,R,183.0,CZE,29.643,12.0,2993.0,221103.0,2.0,,Coco Gauff,R,180.0,USA,22.084,3.0,7278.0,6-3 5-7 6-3,3,QF,143.0,4.0,1.0,99.0,62.0,41.0,21.0,15.0,12.0,15.0,4.0,4.0,85.0,60.0,38.0,13,15.0,2.0,7.0
2026-1051,Stuttgart,Clay,28,500,,20260413,25,214981.0,1.0,,Elena Rybakina,R,184.0,KAZ,26.823,2.0,8108.0,259799.0,6.0,,Mirra Andreeva,R,175.0,RUS,18.957,9.0,3611.0,7-5 6-1,3,SF,78.0,7.0,0.0,56.0,35.0,29.0,11.0,10.0,1.0,2.0,3.0,1.0,60.0,31.0,21.0,12,9.0,6.0,10.0
2026-1051,Stuttgart,Clay,28,500,,20260413,26,214096.0,7.0,,Karolina Muchova,R,183.0,CZE,29.643,12.0,2993.0,202494.0,4.0,,Elina Svitolina,R,173.0,UKR,31.584,7.0,3965.0,6-4 2-6 6-4,3,SF,134.0,4.0,0.0,94.0,58.0,41.0,17.0,14.0,7.0,11.0,2.0,3.0,79.0,49.0,31.0,16,14.0,3.0,7.0
2026-1051,Stuttgart,Clay,28,500,,20260413,27,214981.0,1.0,,Elena Rybakina,R,184.0,KAZ,26.823,2.0,8108.0,214096.0,7.0,,Karolina Muchova,R,183.0,CZE,29.643,12.0,2993.0,7-5 6-1,3,F,79.0,3.0,0.0,49.0,32.0,25.0,13.0,9.0,0.0,1.0,2.0,0.0,62.0,44.0,23.0,9,10.0,4.0,8.0
2026-2066,Rouen,Clay,32,250,,20260413,1,216146.0,1.0,,Marta Kostyuk,R,175.0,UKR,23.792,28.0,1473.0,220348.0,,,Diane Parry,R,170.0,FRA,23.614,100.0,806.0,6-1 6-4,3,R32,77.0,2.0,2.0,59.0,31.0,23.0,12.0,9.0,4.0,6.0,0.0,6.0,41.0,22.0,11.0,6,8.0,1.0,6.0
2026-2066,Rouen,Clay,32,250,,20260413,2,216083.0,,,Caty McNally,R,181.0,USA,24.395,71.0,919.0,220465.0,,,Katie Volynets,R,170.0,USA,24.282,89.0,836.0,1-6 6-1 6-1,3,R32,105.0,0.0,1.0,62.0,39.0,25.0,12.0,10.0,1.0,4.0,1.0,0.0,68.0,54.0,30.0,5,11.0,4.0,10.0
2026-2066,Rouen,Clay,32,250,,20260413,3,215872.0,,,Kamilla Rakhimova,R,170.0,UZB,24.625,74.0,914.0,220722.0,,Q,Elvina Kalieva,R,,USA,22.714,137.0,564.0,6-3 7-6(1),3,R32,111.0,4.0,5.0,76.0,49.0,36.0,11.0,11.0,5.0,7.0,5.0,7.0,75.0,40.0,25.0,15,10.0,4.0,7.0
2026-2066,Rouen,Clay,32,250,,20260413,4,214082.0,,,Daria Kasatkina,R,170.0,AUS,28.934,10.0,72.0,215983.0,5.0,,Ann Li,R,170.0,USA,25.797,918.0,36.0,"6-7(6),6-2 6-4",3,R32,130.0,2.0,8.0,98.0,64.0,34.0,15.0,15.0,2.0,9.0,13.0,1.0,102.0,67.0,47.0,13,15.0,6.0,
2026-2066,Rouen,Clay,32,250,,20260413,5,221024.0,4.0,,Hailey Baptiste,R,169.0,USA,24.441,35.0,1372.0,211316.0,,Wc,Jessika Ponchet,R,,FRA,29.545,170.0,440.0,3-6 7-6(6) 6-2,3,R32,130.0,5.0,3.0,87.0,50.0,36.0,22.0,14.0,3.0,6.0,4.0,4.0,107.0,54.0,38.0,24,15.0,4.0,8.0
2026-2066,Rouen,Clay,32,250,,20260413,6,213576.0,,Q,Iryna Shymanovich,R,171.0,BLR,28.786,184.0,398.0,222258.0,,,Linda Fruhvirtova,R,172.0,CZE,20.95,143.0,541.0,6-3 7-5,3,R32,94.0,0.0,2.0,63.0,38.0,26.0,9.0,10.0,3.0,7.0,5.0,9.0,59.0,37.0,18.0,6,11.0,3.0,10.0
2026-2066,Rouen,Clay,32,250,,20260413,7,215020.0,,,Anna Blinkova,R,179.0,RUS,27.59,91.0,819.0,222966.0,,LL,Dominika Salkova,R,,CZE,21.791,123.0,625.0,7-5 6-1,3,R32,73.0,1.0,3.0,54.0,32.0,14.0,6.0,9.0,5.0,12.0,1.0,2.0,64.0,53.0,30.0,4,10.0,5.0,9.0
2026-2066,Rouen,Clay,32,250,,20260413,8,213583.0,,,Tatjana Maria,R,172.0,GER,38.681,63.0,1023.0,221039.0,9.0,,Elsa Jacquemot,R,176.0,FRA,22.946,60.0,1029.0,6-4 6-3,3,R32,105.0,5.0,1.0,80.0,49.0,31.0,13.0,10.0,7.0,10.0,3.0,4.0,59.0,40.0,24.0,6,9.0,3.0,8.0
2026-2066,Rouen,Clay,32,250,,20260413,9,220714.0,7.0,,Elisabetta Cocciaretto,R,166.0,ITA,25.213,41.0,1310.0,221406.0,,Q,Alina Charaeva,R,,RUS,23.88,130.0,576.0,6-3 4-6 6-2,3,R32,131.0,2.0,3.0,85.0,57.0,36.0,14.0,13.0,3.0,7.0,1.0,4.0,82.0,49.0,27.0,14,14.0,5.0,12.0
2026-2066,Rouen,Clay,32,250,,20260413,10,201585.0,,Wc,Sloane Stephens,R,170.0,USA,33.066,401.0,150.0,247669.0,,Q,Veronika Podrez,R,,UKR,19.253,209.0,335.0, 6-2 6-1,3,R32,71.0,1.0,1.0,76.0,52.0,24.0,9.0,8.0,8.0,14.0,0.0,3.0,41.0,25.0,19.0,9,7.0,3.0,4.0
2026-2066,Rouen,Clay,32,250,,20260413,11,221237.0,,LL,Maria Timofeeva,R,167.0,UZB,22.402,153.0,504.0,211107.0,,,Katie Boulter,R,182.0,GBR,29.698,64.0,1012.0,6-2 6-2,3,R32,84.0,3.0,1.0,56.0,34.0,16.0,10.0,8.0,8.0,13.0,2.0,4.0,56.0,31.0,21.0,15,8.0,4.0,5.0
2026-2066,Rouen,Clay,32,250,,20260413,12,239456.0,,Wc,Tiantsoa Rakotomanga Rajaonah,R,,FRA,20.326,135.0,565.0,211713.0,3.0,,Jaqueline Cristian,L,182.0,ROU,27.855,33.0,1382.0,2-6 7-6(6) 7-5,3,R32,167.0,4.0,4.0,109.0,68.0,40.0,21.0,16.0,4.0,9.0,0.0,4.0,106.0,72.0,43.0,16,16.0,7.0,13.0
2026-2066,Rouen,Clay,32,250,,20260413,13,214388.0,,,Anna Bondar,R,175.0,HUN,28.879,65.0,999.0,211552.0,,LL,Harmony Tan,R,170.0,FRA,28.586,205.0,352.0, 6-2 4-6 6-0,3,R32,139.0,2.0,4.0,102.0,63.0,41.0,18.0,12.0,10.0,12.0,2.0,3.0,83.0,45.0,28.0,13,12.0,8.0,14.0
2026-2066,Rouen,Clay,32,250,,20260413,14,220716.0,,,Oleksandra Oliynykova,R,,UKR,25.274,70.0,931.0,260172.0,,,Lilli Tagger,,185.0,AUT,18.152,97.0,813.0, 6-3 4-6 6-4,3,R32,127.0,0.0,1.0,83.0,71.0,45.0,7.0,15.0,3.0,8.0,2.0,4.0,78.0,47.0,29.0,13,14.0,2.0,8.0
2026-2066,Rouen,Clay,32,250,,20260413,15,203564.0,,Q,Chloe Paquet,R,179.0,FRA,31.784,241.0,284.0,216016.0,,Q,Xiyu Wang,R,182.0,CHN,25.044,171.0,439.0, 3-6 6-4 6-3,3,R32,138.0,6.0,7.0,93.0,61.0,47.0,13.0,14.0,7.0,9.0,3.0,1.0,90.0,65.0,44.0,17,14.0,3.0,4.0
2026-2066,Rouen,Clay,32,250,,20260413,16,211539.0,,Wc,Fiona Ferro,R,170.0,FRA,29.088,218.0,323.0,201514.0,2.0,,Sorana Cirstea,R,176.0,ROU,36.017,26.0,1507.0, 6-3 6-7(5) 7-6(2),3,R32,150.0,2.0,6.0,114.0,61.0,44.0,21.0,16.0,3.0,8.0,4.0,0.0,112.0,70.0,51.0,23,17.0,8.0,12.0
2026-2066,Rouen,Clay,32,250,,20260413,17,216146.0,1.0,,Marta Kostyuk,R,175.0,UKR,23.792,28.0,1473.0,216083.0,,,Caty McNally,R,181.0,USA,24.395,71.0,919.0, 2-6 6-2 6-1,3,R16,114.0,3.0,2.0,73.0,45.0,31.0,13.0,11.0,6.0,9.0,0.0,3.0,84.0,58.0,28.0,12,12.0,6.0,12.0
2026-2066,Rouen,Clay,32,250,,20260413,18,215872.0,,,Kamilla Rakhimova,R,170.0,UZB,24.625,74.0,914.0,215983.0,5.0,,Ann Li,R,170.0,USA,25.797,36.0,1356.0, 4-6 6-2 6-3,3,R16,128.0,0.0,9.0,82.0,46.0,24.0,15.0,14.0,4.0,12.0,6.0,4.0,89.0,54.0,33.0,15,13.0,9.0,14.0
2026-2066,Rouen,Clay,32,250,,20260413,19,221024.0,4.0,,Hailey Baptiste,R,169.0,USA,24.441,35.0,1372.0,213576.0,,Q,Iryna Shymanovich,R,171.0,BLR,28.786,184.0,398.0, 6-3 5-7 6-3,3,R16,141.0,7.0,3.0,96.0,71.0,49.0,10.0,15.0,6.0,10.0,0.0,3.0,96.0,64.0,43.0,18,15.0,6.0,8.0
2026-2066,Rouen,Clay,32,250,,20260413,20,222966.0,,Ll,Dominika Salkova,R,,CZE,21.791,123.0,625.0,213583.0,,,Tatjana Maria,R,172.0,GER,38.681,63.0,1023.0, 6-3 6-2,3,R16,71.0,3.0,2.0,63.0,54.0,28.0,2.0,9.0,2.0,7.0,5.0,0.0,46.0,30.0,22.0,10,8.0,3.0,4.0
2026-2066,Rouen,Clay,32,250,,20260413,21,220714.0,7.0,,Elisabetta Cocciaretto,,166.0,ITA,25.213,41.0,1310.0,247669.0,,Q,Veronika Podrez,R,,UKR,19.253,209.0,335.0, 7-6(5) 4-6 6-4,3,R16,159.0,1.0,6.0,123.0,81.0,43.0,23.0,16.0,12.0,19.0,7.0,9.0,119.0,78.0,45.0,16,16.0,7.0,14.0
2026-2066,Rouen,Clay,32,250,,20260413,22,211107.0,,,Katie Boulter,R,182.0,GBR,29.698,64.0,1012.0,211713.0,3.0,,Jaqueline Cristian,R,182.0,ROU,27.855,33.0,1382.0, 7-6(5) 4-6 6-1,3,R16,153.0,5.0,2.0,96.0,61.0,43.0,17.0,15.0,5.0,8.0,7.0,4.0,106.0,76.0,49.0,11,14.0,7.0,11.0
2026-2066,Rouen,Clay,32,250,,20260413,23,214388.0,,,Anna Bondar,R,175.0,HUN,28.879,65.0,999.0,220716.0,,,Oleksandra Oliynykova,R,,UKR,25.274,70.0,931.0, 6-0 4-6 6-0,3,R16,109.0,1.0,0.0,68.0,46.0,31.0,16.0,11.0,2.0,3.0,0.0,2.0,80.0,63.0,34.0,6,11.0,5.0,11.0
2026-2066,Rouen,Clay,32,250,,20260413,24,214388.0,,,Anna Bondar,R,175.0,HUN,28.879,65.0,999.0,201514.0,2.0,,Sorana Cirstea,R,176.0,ROU,36.017,26.0,1507.0, 7-6(2) 6-2,3,QF,99.0,6.0,2.0,82.0,49.0,29.0,16.0,10.0,9.0,12.0,3.0,0.0,57.0,34.0,26.0,16,10.0,4.0,5.0
2026-2066,Rouen,Clay,32,250,,20260413,25,216146.0,1.0,,Marta Kostyuk,R,175.0,UKR,23.792,28.0,1473.0,213583.0,,,Tatjana Maria,R,172.0,GER,38.681,63.0,1023.0, 6-3 6-0,3,SF,59.0,2.0,2.0,43.0,27.0,23.0,9.0,7.0,4.0,4.0,2.0,2.0,47.0,24.0,14.0,7,8.0,3.0,8.0
2026-2066,Rouen,Clay,32,250,,20260413,26,213576.0,,Q,Iryna Shymanovich,R,171.0,BLR,28.786,184.0,398.0,213583.0,,,Tatjana Maria,R,172.0,GER,38.681,63.0,1023.0, 7-6(5) 6-2,3,QF,110.0,0.0,2.0,77.0,55.0,32.0,7.0,10.0,4.0,9.0,5.0,0.0,59.0,32.0,24.0,13,10.0,1.0,4.0
2026-2066,Rouen,Clay,32,250,,20260413,27,247669.0,,Q,Veronika Podrez,,,UKR,19.253,209.0,335.0,211107.0,,,Katie Boulter,R,182.0,GBR,29.698,64.0,1012.0, 6-4 6-1,3,QF,77.0,1.0,2.0,44.0,25.0,11.0,11.0,8.0,2.0,6.0,0.0,6.0,75.0,51.0,25.0,4,9.0,7.0,15.0
2026-2066,Rouen,Clay,32,250,,20260413,28,216146.0,1.0,,Marta Kostyuk,R,175.0,UKR,23.792,28.0,1473.0,215983.0,5.0,,Ann Li,R,170.0,USA,25.797,36.0,1356.0, 6-0 6-7(4) 6-3,3,QF,123.0,5.0,5.0,86.0,49.0,38.0,17.0,14.0,1.0,4.0,0.0,5.0,107.0,69.0,42.0,10,13.0,7.0,14.0
2026-2066,Rouen,Clay,32,250,,20260413,29,247669.0,,Q,Veronika Podrez,R,,UKR,19.253,209.0,335.0,201514.0,2.0,,Sorana Cirstea,,176.0,ROU,36.017,26.0,1507.0,W/O,3,SF,,,,,,,,,,,,,,,,,,,
2026-2066,Rouen,Clay,32,250,,20260413,30,216146.0,1.0,,Marta Kostyuk,R,175.0,UKR,23.792,28.0,1473.0,247669.0,,Q,Veronika Podrez,R,,UKR,19.253,209.0,335.0, 6-3 6-4,3,F,81.0,4.0,5.0,69.0,42.0,28.0,11.0,10.0,3.0,7.0,1.0,7.0,59.0,33.0,14.0,11,9.0,3.0,9.0
2026-1038,Madrid,Clay,96,1000,,20260420,1,266671.0,,WC,Laura Samson,R,,CZE,18.114,171.0,428.0,213583.0,,,Tatjana Maria,R,172.0,GER,38.703,54.0,1106.0,6-4 6-2,3,R128,75.0,4.0,2.0,57.0,33.0,28.0,10.0,9.0,3.0,4.0,9.0,1.0,61.0,40.0,23.0,9,9.0,4.0,8.0
2026-1038,Madrid,Clay,96,1000,,20260420,2,238075.0,,,Petra Marcinko,R,,CRO,20.378,74.0,919.0,223286.0,,WC,Victoria Jimenez Kasintseva,L,,AND,20.699,115.0,711.0,6-0 7-5,3,R128,85.0,3.0,2.0,65.0,38.0,26.0,15.0,9.0,3.0,4.0,1.0,6.0,58.0,35.0,20.0,9,9.0,1.0,6.0
2026-1038,Madrid,Clay,96,1000,,20260420,3,201696.0,,,Laura Siegemund,R,168.0,GER,38.131,47.0,1217.0,201593.0,,,Irina Camelia Begu,R,181.0,ROU,35.653,182.0,399.0,6-4 6-0,3,R128,86.0,1.0,0.0,45.0,41.0,26.0,2.0,8.0,1.0,3.0,1.0,1.0,51.0,38.0,17.0,3,8.0,5.0,11.0
2026-1038,Madrid,Clay,96,1000,,20260420,4,222601.0,,,Jessica Bouzas Maneiro,R,,ESP,23.573,50.0,1186.0,206242.0,,,Beatriz Haddad Maia,L,185.0,BRA,29.892,69.0,947.0,6-1 6-1,3,R128,74.0,1.0,1.0,41.0,22.0,17.0,12.0,7.0,2.0,2.0,0.0,7.0,54.0,37.0,21.0,3,7.0,3.0,8.0
2026-1038,Madrid,Clay,96,1000,,20260420,5,211814.0,,,Julia Grabher,R,170.0,AUT,29.802,107.0,746.0,211651.0,,WC,Paula Badosa,R,180.0,ESP,28.43,103.0,771.0,7-6(3) 4-6 6-0,3,R128,152.0,1.0,7.0,88.0,60.0,34.0,9.0,14.0,4.0,11.0,2.0,12.0,100.0,58.0,34.0,11,14.0,7.0,16.0
2026-1038,Madrid,Clay,96,1000,,20260420,6,214388.0,,,Anna Bondar,R,,HUN,28.901,63.0,1023.0,203530.0,,,Viktorija Golubic,R,169.0,SUI,33.512,81.0,881.0,6-2 6-3,3,R128,86.0,3.0,2.0,70.0,51.0,33.0,9.0,9.0,7.0,9.0,0.0,2.0,51.0,36.0,18.0,4,8.0,3.0,8.0
2026-1038,Madrid,Clay,96,1000,,20260420,7,202663.0,,,Magda Linette,R,171.0,POL,34.188,57.0,1059.0,221905.0,,WC,Robin Montgomery,L,,USA,21.624,339.0,188.0,6-4 6-3,3,R128,87.0,3.0,0.0,54.0,33.0,23.0,16.0,10.0,2.0,3.0,2.0,4.0,65.0,41.0,28.0,8,9.0,5.0,8.0
2026-1038,Madrid,Clay,96,1000,,20260420,8,269267.0,,WC,Kaitlin Quevedo,R,,USA,20.184,140.0,541.0,200748.0,,WC,Venus Williams,R,185.0,USA,45.844,479.0,113.0,6-2 6-4,3,R128,103.0,1.0,3.0,53.0,33.0,21.0,12.0,9.0,2.0,4.0,0.0,3.0,69.0,39.0,25.0,8,9.0,6.0,11.0
2026-1038,Madrid,Clay,96,1000,,20260420,9,215785.0,,,Camila Osorio,R,162.0,COL,24.329,83.0,876.0,220435.0,,,Anastasia Zakharova,R,170.0,RUS,24.255,79.0,894.0,6-0 6-3,3,R128,65.0,1.0,3.0,40.0,28.0,22.0,6.0,8.0,0.0,1.0,0.0,5.0,42.0,21.0,8.0,7,7.0,2.0,7.0
2026-1038,Madrid,Clay,96,1000,,20260420,10,220548.0,,,Peyton Stearns,R,20011008.0,USA,24.534,43.0,1296.0,222391.0,,,Lois Boisson,R,,FRA,22.933,46.0,1259.0,6-1 6-3,3,R128,65.0,2.0,2.0,47.0,27.0,21.0,14.0,8.0,2.0,2.0,2.0,1.0,46.0,30.0,18.0,4,8.0,2.0,6.0
2026-1038,Madrid,Clay,96,1000,,20260420,11,211817.0,,,Elena Gabriela Ruse,R,,ROU,28.458,71.0,937.0,222045.0,,,Antonia Ruzic,R,,CRO,23.253,59.0,1046.0,6-3 4-6 6-0,3,R128,122.0,6.0,3.0,77.0,44.0,30.0,16.0,12.0,4.0,7.0,1.0,4.0,80.0,40.0,22.0,18,13.0,7.0,14.0
2026-1038,Madrid,Clay,96,1000,,20260420,12,201533.0,,,Shuai Zhang,R,177.0,CHN,37.249,65.0,989.0,220332.0,,,Eva Lys,R,165.0,GER,24.274,72.0,926.0,6-4 6-3,3,R128,81.0,7.0,2.0,70.0,45.0,33.0,12.0,9.0,6.0,6.0,1.0,2.0,64.0,45.0,28.0,9,10.0,2.0,5.0
2026-1038,Madrid,Clay,96,1000,,20260420,13,220309.0,,,Zeynep Sonmez,R,,TUR,23.979,67.0,963.0,220781.0,,WC,Carlota Martinez Cirez,R,,ESP,25.186,352.0,180.0,7-5 6-2,3,R128,112.0,0.0,1.0,68.0,49.0,30.0,8.0,10.0,10.0,13.0,1.0,7.0,73.0,48.0,24.0,10,10.0,8.0,14.0
2026-1038,Madrid,Clay,96,1000,,20260420,14,215910.0,,LL,Panna Udvardy,R,170.0,HUN,27.565,78.0,906.0,214040.0,,,Kimberly Birrell,R,170.0,AUS,27.981,82.0,880.0,6-4 1-6 6-1,3,R128,118.0,3.0,2.0,86.0,46.0,23.0,19.0,12.0,6.0,12.0,3.0,4.0,74.0,57.0,28.0,7,12.0,1.0,8.0
2026-1038,Madrid,Clay,96,1000,,20260420,15,220750.0,,Q,Daria Snigur,R,,UKR,24.072,98.0,796.0,214082.0,,,Daria Kasatkina,R,170.0,RUS,28.959,75.0,918.0,6-3 3-6 7-6(13),3,R128,141.0,1.0,5.0,115.0,81.0,45.0,12.0,15.0,9.0,16.0,7.0,7.0,126.0,97.0,52.0,11,15.0,17.0,24.0
2026-1038,Madrid,Clay,96,1000,,20260420,16,213646.0,,Q,Dalma Galfi,R,178.0,HUN,27.691,117.0,704.0,201548.0,,,Ajla Tomljanovic,R,180.0,AUS,32.959,85.0,867.0,7-6(7) 6-4,3,R128,118.0,7.0,7.0,86.0,49.0,32.0,14.0,11.0,2.0,6.0,1.0,11.0,70.0,44.0,25.0,8,11.0,4.0,9.0
2026-1038,Madrid,Clay,96,1000,,20260420,17,263857.0,,LL,Yuliia Starodubtseva,R,,UKR,26.177,53.0,1139.0,220416.0,,,Moyuka Uchijima,R,171.0,JPN,24.696,94.0,810.0,6-3 1-6 6-3,3,R128,123.0,2.0,5.0,86.0,55.0,32.0,19.0,13.0,4.0,7.0,3.0,7.0,79.0,46.0,31.0,14,12.0,1.0,4.0
2026-1038,Madrid,Clay,96,1000,,20260420,18,219917.0,,Q,Alycia Parks,R,185.0,USA,25.306,84.0,872.0,220714.0,,,Elisabetta Cocciaretto,R,,ITA,25.238,41.0,1310.0,6-3 6-2,3,R128,74.0,3.0,3.0,56.0,29.0,24.0,16.0,9.0,3.0,3.0,0.0,1.0,44.0,28.0,19.0,7,8.0,3.0,6.0
2026-1038,Madrid,Clay,96,1000,,20260420,19,223253.0,,WC,Alexandra Eala,L,173.0,PHI,20.915,44.0,1285.0,201499.0,,Q,Anastasia Pavlyuchenkova,R,177.0,RUS,34.804,116.0,707.0,6-3 6-3,3,R128,91.0,1.0,1.0,66.0,45.0,34.0,8.0,9.0,5.0,6.0,4.0,2.0,52.0,30.0,15.0,11,9.0,4.0,8.0
2026-1038,Madrid,Clay,96,1000,,20260420,20,211843.0,,Q,Anhelina Kalinina,R,179.0,UKR,29.203,110.0,738.0,215872.0,,,Kamilla Rakhimova,R,170.0,RUS,24.649,73.0,919.0,6-2 5-7 6-2,3,R128,165.0,4.0,7.0,94.0,59.0,36.0,15.0,14.0,3.0,7.0,3.0,8.0,103.0,59.0,35.0,15,14.0,7.0,14.0
2026-1038,Madrid,Clay,96,1000,,20260420,21,215306.0,,WC,Emiliana Arango,R,,COL,25.397,86.0,843.0,221883.0,,,Talia Gibson,R,,AUS,21.843,58.0,1050.0,6-3 6-2,3,R128,83.0,2.0,1.0,55.0,41.0,23.0,8.0,8.0,5.0,8.0,1.0,2.0,67.0,41.0,16.0,12,9.0,5.0,12.0
2026-1038,Madrid,Clay,96,1000,,20260420,22,201709.0,,,Yulia Putintseva,R,163.0,KAZ,31.289,80.0,893.0,238184.0,,,Tereza Valentova,R,168.0,CZE,19.168,51.0,1161.0,6-4 4-6 6-3,3,R128,172.0,0.0,0.0,98.0,71.0,48.0,11.0,14.0,3.0,7.0,4.0,7.0,127.0,84.0,46.0,21,15.0,10.0,16.0
2026-1038,Madrid,Clay,96,1000,,20260420,23,222145.0,,,Janice Tjen,R,,INA,23.962,39.0,1317.0,221406.0,,Q,Alina Charaeva,R,,RUS,23.905,129.0,573.0,6-4 6-2,3,R128,82.0,5.0,3.0,57.0,38.0,25.0,11.0,9.0,3.0,5.0,3.0,9.0,54.0,30.0,18.0,6,9.0,3.0,8.0
2026-1038,Madrid,Clay,96,1000,,20260420,24,221333.0,,,Solana Sierra,R,,ARG,21.846,88.0,825.0,215035.0,,,Dayana Yastremska,R,175.0,UKR,25.936,49.0,1200.0,7-6(10) 7-6(8),3,R128,147.0,5.0,12.0,118.0,76.0,48.0,16.0,12.0,11.0,15.0,2.0,8.0,108.0,57.0,31.0,23,12.0,6.0,10.0
2026-1038,Madrid,Clay,96,1000,,20260420,25,215899.0,,Q,Simona Waltert,R,,SUI,25.356,97.0,796.0,220716.0,,,Oleksandra Oliynykova,R,170.0,CRO,25.298,70.0,945.0,7-5 6-0,3,R128,88.0,0.0,6.0,55.0,31.0,26.0,12.0,9.0,6.0,7.0,0.0,0.0,65.0,52.0,25.0,5,9.0,3.0,8.0
2026-1038,Madrid,Clay,96,1000,,20260420,26,201662.0,,,Karolina Pliskova,R,184.0,CZE,34.087,197.0,375.0,221257.0,,Q,Sinja Kraus,R,180.0,AUT,23.981,104.0,765.0,2-6 6-1 6-4,3,R128,122.0,7.0,6.0,91.0,60.0,40.0,14.0,12.0,9.0,12.0,4.0,6.0,96.0,48.0,31.0,22,13.0,14.0,19.0
2026-1038,Madrid,Clay,96,1000,,20260420,27,206417.0,,Q,Leolia Jeanjean,R,166.0,FRA,30.689,126.0,586.0,221407.0,,,Oksana Selekhmeteva,L,175.0,RUS,23.272,77.0,910.0,6-4 6-1,3,R128,90.0,3.0,5.0,60.0,36.0,25.0,10.0,9.0,4.0,6.0,0.0,6.0,59.0,35.0,19.0,9,8.0,6.0,11.0
2026-1038,Madrid,Clay,96,1000,,20260420,28,213550.0,,,Sofia Kenin,R,170.0,USA,27.437,68.0,952.0,221909.0,,,Ashlyn Krueger,R,185.0,USA,21.958,108.0,741.0,7-6(2) 6-4,3,R128,92.0,4.0,5.0,68.0,42.0,30.0,15.0,11.0,2.0,4.0,7.0,1.0,73.0,47.0,34.0,11,11.0,3.0,6.0
2026-1038,Madrid,Clay,96,1000,,20260420,29,211107.0,,WC,Katie Boulter,R,180.0,GBR,29.723,61.0,1036.0,203501.0,,,Taylor Townsend,L,170.0,USA,30.016,90.0,814.0,6-4 6-2,3,R128,92.0,5.0,3.0,54.0,36.0,26.0,9.0,9.0,1.0,2.0,4.0,1.0,70.0,42.0,23.0,14,9.0,10.0,14.0
2026-1038,Madrid,Clay,96,1000,,20260420,30,211701.0,,,Katerina Siniakova,R,174.0,CZE,29.95,42.0,1299.0,220722.0,,Q,Elvina Kalieva,R,178.0,USA,22.738,134.0,562.0,6-3 6-4,3,R128,84.0,0.0,0.0,65.0,40.0,28.0,17.0,10.0,5.0,6.0,4.0,3.0,52.0,32.0,20.0,11,9.0,2.0,5.0
2026-1038,Madrid,Clay,96,1000,,20260420,31,216083.0,,,Caty McNally,R,183.0,USA,24.419,76.0,916.0,220465.0,,Q,Katie Volynets,R,163.0,USA,24.307,101.0,775.0,6-1 6-2,3,R128,94.0,1.0,3.0,51.0,38.0,26.0,7.0,7.0,5.0,6.0,0.0,2.0,62.0,40.0,18.0,8,8.0,4.0,10.0
2026-1038,Madrid,Clay,96,1000,,20260420,32,261972.0,,WC,Tyra Caterina Grant,R,173.0,ITA,18.111,262.0,260.0,221039.0,,,Elsa Jacquemot,R,177.0,FRA,22.971,62.0,1029.0,6-1 6-2,3,R128,72.0,1.0,5.0,49.0,33.0,27.0,9.0,8.0,1.0,1.0,0.0,4.0,56.0,39.0,21.0,6,7.0,5.0,9.0
2026-1038,Madrid,Clay,96,1000,,20260420,33,211713.0,29.0,,Jaqueline Cristian,R,180.0,ROU,27.883,33.0,1382.0,263857.0,,LL,Yuliia Starodubtseva,R,,UKR,26.18,53.0,1139.0,3-6 7-6(5) 6-4,3,R64,186.0,2.0,4.0,90.0,51.0,31.0,24.0,15.0,3.0,7.0,0.0,4.0,125.0,78.0,47.0,26,16.0,5.0,9.0
2026-1038,Madrid,Clay,96,1000,,20260420,34,202505.0,11.0,,Belinda Bencic,R,175.0,SUI,29.12,12.0,3090.0,238075.0,,,Petra Marcinko,R,,CRO,20.384,74.0,919.0,6-4 6-2,3,R64,84.0,5.0,4.0,56.0,32.0,25.0,12.0,9.0,6.0,8.0,1.0,4.0,61.0,28.0,18.0,11,9.0,4.0,9.0
2026-1038,Madrid,Clay,96,1000,,20260420,35,214388.0,,,Anna Bondar,R,,HUN,28.907,63.0,1023.0,202494.0,7.0,,Elina Svitolina,R,174.0,UKR,31.612,7.0,3910.0,6-3 6-4,3,R64,87.0,6.0,0.0,71.0,47.0,33.0,15.0,10.0,6.0,6.0,2.0,4.0,50.0,30.0,24.0,8,9.0,1.0,3.0
2026-1038,Madrid,Clay,96,1000,,20260420,36,266671.0,,WC,Laura Samson,R,,CZE,18.119,171.0,428.0,216133.0,28.0,,Xinyu Wang,R,182.0,CHN,24.573,31.0,1401.0,2-6 6-3 6-0,3,R64,109.0,2.0,4.0,81.0,50.0,32.0,15.0,11.0,4.0,7.0,1.0,5.0,78.0,47.0,27.0,11,12.0,6.0,12.0
2026-1038,Madrid,Clay,96,1000,,20260420,37,223670.0,18.0,,Diana Shnaider,L,,RUS,22.057,19.0,2001.0,222601.0,,,Jessica Bouzas Maneiro,R,,ESP,23.579,50.0,1186.0,3-6 7-5 6-1,3,R64,122.0,2.0,5.0,92.0,60.0,35.0,15.0,14.0,6.0,12.0,1.0,1.0,87.0,64.0,30.0,11,14.0,6.0,14.0
2026-1038,Madrid,Clay,96,1000,,20260420,38,216347.0,4.0,,Iga Swiatek,R,176.0,POL,24.896,4.0,7273.0,220750.0,,Q,Daria Snigur,R,,UKR,24.074,98.0,796.0,6-1 6-2,3,R64,61.0,2.0,1.0,53.0,37.0,29.0,6.0,8.0,5.0,6.0,1.0,5.0,36.0,20.0,9.0,6,7.0,1.0,6.0
2026-1038,Madrid,Clay,96,1000,,20260420,39,213646.0,,Q,Dalma Galfi,R,178.0,HUN,27.694,117.0,704.0,214939.0,22.0,,Anna Kalinskaya,R,175.0,RUS,27.39,22.0,1813.0,6-3 6-3,3,R64,66.0,8.0,3.0,55.0,38.0,28.0,7.0,9.0,4.0,6.0,0.0,3.0,47.0,30.0,14.0,8,9.0,1.0,6.0
2026-1038,Madrid,Clay,96,1000,,20260420,40,211843.0,,Q,Anhelina Kalinina,R,179.0,UKR,29.205,110.0,738.0,213631.0,23.0,,Marie Bouzkova,R,180.0,CZE,27.757,24.0,1676.0,6-4 6-3,3,R64,105.0,0.0,2.0,63.0,43.0,29.0,8.0,9.0,4.0,6.0,1.0,3.0,65.0,50.0,25.0,4,10.0,3.0,8.0
2026-1038,Madrid,Clay,96,1000,,20260420,41,211148.0,8.0,,Jasmine Paolini,R,160.0,ITA,30.3,9.0,3722.0,201696.0,,,Laura Siegemund,R,168.0,GER,38.136,47.0,1217.0,3-6 6-2 6-4,3,R64,143.0,2.0,2.0,83.0,57.0,34.0,10.0,14.0,4.0,10.0,3.0,5.0,88.0,65.0,35.0,8,13.0,9.0,16.0
2026-1038,Madrid,Clay,96,1000,,20260420,42,214544.0,1.0,,Aryna Sabalenka,R,182.0,BLR,27.968,1.0,10895.0,220548.0,,,Peyton Stearns,R,20011008.0,USA,24.54,43.0,1296.0,7-5 6-3,3,R64,95.0,2.0,5.0,70.0,44.0,29.0,14.0,11.0,6.0,8.0,5.0,4.0,67.0,43.0,27.0,10,10.0,8.0,12.0
2026-1038,Madrid,Clay,96,1000,,20260420,43,215983.0,31.0,,Ann Li,R,170.0,USA,25.824,34.0,1380.0,219917.0,,Q,Alycia Parks,R,185.0,USA,25.309,84.0,872.0,6-2 6-7(5) 6-3,3,R64,142.0,8.0,5.0,98.0,52.0,39.0,25.0,15.0,4.0,7.0,5.0,12.0,110.0,53.0,32.0,27,14.0,7.0,13.0
2026-1038,Madrid,Clay,96,1000,,20260420,44,211768.0,14.0,,Naomi Osaka,R,180.0,JPN,28.518,15.0,2324.0,215785.0,,,Camila Osorio,R,162.0,COL,24.335,83.0,876.0,6-2 7-5,3,R64,78.0,5.0,1.0,66.0,44.0,31.0,9.0,10.0,5.0,7.0,0.0,4.0,57.0,36.0,21.0,9,10.0,0.0,5.0
2026-1038,Madrid,Clay,96,1000,,20260420,45,260300.0,15.0,,Iva Jovic,R,,USA,18.38,16.0,2270.0,202663.0,,,Magda Linette,R,171.0,POL,34.194,57.0,1059.0,6-4 6-1,3,R64,70.0,3.0,0.0,47.0,27.0,22.0,14.0,9.0,2.0,3.0,3.0,1.0,47.0,20.0,15.0,8,8.0,1.0,5.0
2026-1038,Madrid,Clay,96,1000,,20260420,46,220367.0,24.0,,Leylah Fernandez,L,168.0,CAN,23.628,25.0,1646.0,211814.0,,,Julia Grabher,R,170.0,AUT,29.808,107.0,746.0,6-2 6-3,3,R64,74.0,0.0,5.0,52.0,29.0,23.0,12.0,9.0,1.0,2.0,3.0,1.0,50.0,27.0,12.0,13,8.0,2.0,6.0
2026-1038,Madrid,Clay,96,1000,,20260420,47,259799.0,9.0,,Mirra Andreeva,R,,RUS,18.985,8.0,3746.0,215910.0,,LL,Panna Udvardy,R,170.0,HUN,27.568,78.0,906.0,7-5 6-2,3,R64,82.0,2.0,0.0,56.0,38.0,28.0,14.0,10.0,2.0,2.0,0.0,0.0,64.0,41.0,26.0,11,10.0,1.0,4.0
2026-1038,Madrid,Clay,96,1000,,20260420,48,221024.0,30.0,,Hailey Baptiste,R,,USA,24.469,32.0,1392.0,269267.0,,WC,Kaitlin Quevedo,R,,USA,20.189,140.0,541.0,6-1 6-4,3,R64,80.0,4.0,4.0,61.0,30.0,26.0,15.0,9.0,3.0,3.0,1.0,2.0,57.0,42.0,25.0,6,8.0,3.0,6.0
2026-1038,Madrid,Clay,96,1000,,20260420,49,221012.0,32.0,,Qinwen Zheng,R,,CHN,23.543,36.0,1350.0,213550.0,,,Sofia Kenin,R,170.0,USA,27.442,68.0,952.0,1-6 6-3 6-3,3,R64,113.0,11.0,6.0,78.0,44.0,29.0,14.0,13.0,4.0,9.0,1.0,7.0,70.0,42.0,26.0,10,12.0,0.0,5.0
2026-1038,Madrid,Clay,96,1000,,20260420,50,201662.0,,,Karolina Pliskova,R,184.0,CZE,34.092,197.0,375.0,206289.0,33.0,,Maria Sakkari,R,172.0,GRE,30.749,37.0,1348.0,6-4 7-6(6),3,R64,91.0,3.0,4.0,66.0,37.0,30.0,17.0,11.0,0.0,1.0,3.0,1.0,66.0,42.0,28.0,15,11.0,2.0,4.0
2026-1038,Madrid,Clay,96,1000,,20260420,51,221333.0,,,Solana Sierra,R,,ARG,21.851,88.0,825.0,211684.0,34.0,,Magdalena Frech,R,171.0,POL,28.357,38.0,1318.0,6-2 6-4,3,R64,76.0,0.0,2.0,50.0,32.0,26.0,9.0,9.0,2.0,3.0,2.0,2.0,60.0,37.0,22.0,9,9.0,7.0,11.0
2026-1038,Madrid,Clay,96,1000,,20260420,52,215713.0,,LL,Anastasia Potapova,R,175.0,RUS,25.068,56.0,1065.0,201533.0,,,Shuai Zhang,R,177.0,CHN,37.255,65.0,989.0,6-3 6-1,3,R64,60.0,6.0,3.0,39.0,25.0,23.0,7.0,8.0,0.0,1.0,0.0,3.0,63.0,39.0,19.0,10,8.0,8.0,13.0
2026-1038,Madrid,Clay,96,1000,,20260420,53,220309.0,,,Zeynep Sonmez,R,,TUR,23.984,67.0,963.0,213710.0,27.0,,Cristina Bucsa,R,,ESP,28.31,30.0,1426.0,6-1 6-7(4) 6-2,3,R64,136.0,0.0,4.0,106.0,75.0,44.0,15.0,14.0,8.0,12.0,2.0,0.0,77.0,54.0,26.0,11,13.0,4.0,12.0
2026-1038,Madrid,Clay,96,1000,,20260420,54,214643.0,20.0,,Liudmila Samsonova,R,180.0,RUS,27.45,20.0,1895.0,222145.0,,,Janice Tjen,R,,INA,23.968,39.0,1317.0,6-2 6-1,3,R64,69.0,1.0,2.0,39.0,30.0,25.0,5.0,7.0,2.0,2.0,0.0,1.0,50.0,30.0,16.0,5,8.0,4.0,9.0
2026-1038,Madrid,Clay,96,1000,,20260420,55,210722.0,19.0,,Elise Mertens,R,179.0,BEL,30.435,21.0,1858.0,223253.0,,WC,Alexandra Eala,L,173.0,PHI,20.92,44.0,1285.0,6-2 6-1,3,R64,76.0,3.0,1.0,43.0,31.0,25.0,6.0,7.0,1.0,1.0,0.0,2.0,56.0,37.0,18.0,8,8.0,6.0,11.0
2026-1038,Madrid,Clay,96,1000,,20260420,56,214981.0,2.0,,Elena Rybakina,R,184.0,KAZ,26.853,2.0,8500.0,211817.0,,,Elena Gabriela Ruse,R,,ROU,28.463,71.0,937.0,4-6 6-3 7-5,3,R64,148.0,3.0,3.0,110.0,57.0,40.0,24.0,16.0,4.0,9.0,2.0,5.0,84.0,42.0,25.0,22,15.0,2.0,8.0
2026-1038,Madrid,Clay,96,1000,,20260420,57,211533.0,21.0,,Jelena Ostapenko,R,177.0,LAT,28.877,40.0,1314.0,215899.0,,Q,Simona Waltert,R,,SUI,25.361,97.0,796.0,6-2 7-5,3,R64,97.0,4.0,6.0,61.0,30.0,20.0,17.0,10.0,4.0,7.0,4.0,2.0,68.0,41.0,19.0,11,10.0,4.0,10.0
2026-1038,Madrid,Clay,96,1000,,20260420,58,201514.0,25.0,,Sorana Cirstea,R,176.0,ROU,36.047,26.0,1540.0,261972.0,,WC,Tyra Caterina Grant,R,173.0,ITA,18.117,262.0,260.0,6-2 7-6(5),3,R64,85.0,5.0,2.0,62.0,26.0,23.0,22.0,10.0,2.0,3.0,3.0,0.0,66.0,47.0,32.0,7,10.0,2.0,5.0
2026-1038,Madrid,Clay,96,1000,,20260420,59,222328.0,13.0,,Linda Noskova,R,,CZE,21.432,13.0,2849.0,215306.0,,WC,Emiliana Arango,R,,COL,25.402,86.0,843.0,6-3 6-2,3,R64,67.0,4.0,4.0,50.0,30.0,25.0,13.0,9.0,3.0,3.0,2.0,0.0,55.0,44.0,24.0,7,8.0,5.0,8.0
2026-1038,Madrid,Clay,96,1000,,20260420,60,216146.0,26.0,,Marta Kostyuk,R,175.0,UKR,23.823,23.0,1722.0,201709.0,,,Yulia Putintseva,R,163.0,KAZ,31.294,80.0,893.0,6-1 6-3,3,R64,70.0,2.0,7.0,54.0,30.0,19.0,10.0,8.0,2.0,5.0,0.0,0.0,47.0,32.0,9.0,5,8.0,3.0,10.0
2026-1038,Madrid,Clay,96,1000,,20260420,61,211701.0,,,Katerina Siniakova,R,174.0,CZE,29.955,42.0,1299.0,215020.0,,LL,Anna Blinkova,R,179.0,RUS,27.62,89.0,819.0,6-2 6-2,3,R64,72.0,4.0,2.0,51.0,35.0,24.0,8.0,8.0,4.0,6.0,0.0,3.0,58.0,42.0,22.0,2,8.0,5.0,11.0
2026-1038,Madrid,Clay,96,1000,,20260420,62,221103.0,3.0,WC,Coco Gauff,R,175.0,USA,22.114,3.0,7279.0,206417.0,,Q,Leolia Jeanjean,R,166.0,FRA,30.695,126.0,586.0,6-3 6-0,3,R64,82.0,0.0,0.0,41.0,33.0,20.0,4.0,7.0,1.0,3.0,0.0,4.0,60.0,30.0,13.0,10,8.0,9.0,16.0
2026-1038,Madrid,Clay,96,1000,,20260420,63,216083.0,,,Caty McNally,R,183.0,USA,24.425,76.0,916.0,239475.0,10.0,,Victoria Mboko,R,,CAN,19.661,10.0,3531.0,6-4 6-1,3,R64,79.0,0.0,1.0,44.0,35.0,27.0,6.0,8.0,1.0,1.0,2.0,6.0,71.0,51.0,29.0,8,9.0,8.0,12.0
2026-1038,Madrid,Clay,96,1000,,20260420,64,202468.0,5.0,,Jessica Pegula,R,170.0,USA,32.162,5.0,6136.0,211107.0,,WC,Katie Boulter,R,180.0,GBR,29.728,61.0,1036.0,6-4 6-4,3,R32,93.0,3.0,4.0,66.0,37.0,30.0,16.0,10.0,5.0,5.0,3.0,6.0,69.0,36.0,28.0,15,10.0,6.0,8.0
2026-1038,Madrid,Clay,96,1000,,20260420,65,202505.0,11.0,,Belinda Bencic,R,175.0,SUI,29.126,12.0,3090.0,223670.0,18.0,,Diana Shnaider,L,,RUS,22.062,19.0,2001.0,6-2 7-6(6),3,R32,112.0,5.0,0.0,72.0,51.0,31.0,12.0,10.0,4.0,6.0,1.0,1.0,81.0,43.0,21.0,19,10.0,11.0,15.0
2026-1038,Madrid,Clay,96,1000,,20260420,66,214388.0,,,Anna Bondar,R,,HUN,28.912,63.0,1023.0,266671.0,,WC,Laura Samson,R,,CZE,18.125,171.0,428.0,7-6(3) 6-1,3,R32,104.0,4.0,1.0,61.0,39.0,27.0,13.0,9.0,3.0,4.0,4.0,2.0,65.0,35.0,27.0,9,10.0,4.0,8.0
2026-1038,Madrid,Clay,96,1000,,20260420,67,220367.0,24.0,,Leylah Fernandez,L,168.0,CAN,23.634,25.0,1646.0,260300.0,15.0,,Iva Jovic,R,,USA,18.385,16.0,2270.0,3-6 6-3 6-2,3,R32,128.0,3.0,5.0,83.0,50.0,34.0,18.0,13.0,4.0,7.0,3.0,2.0,78.0,45.0,24.0,16,13.0,0.0,5.0
2026-1038,Madrid,Clay,96,1000,,20260420,68,259799.0,9.0,,Mirra Andreeva,R,,RUS,18.99,8.0,3746.0,213646.0,,Q,Dalma Galfi,R,178.0,HUN,27.699,117.0,704.0,6-3 6-2,3,R32,90.0,1.0,1.0,55.0,32.0,21.0,11.0,8.0,2.0,4.0,0.0,2.0,75.0,50.0,22.0,11,9.0,9.0,15.0
2026-1038,Madrid,Clay,96,1000,,20260420,69,215983.0,31.0,,Ann Li,R,170.0,USA,25.829,34.0,1380.0,216347.0,4.0,,Iga Swiatek,R,176.0,POL,24.901,4.0,7273.0,7-6(4) 2-6 3-0,3,R32,130.0,3.0,3.0,94.0,58.0,40.0,14.0,12.0,6.0,10.0,0.0,4.0,68.0,47.0,29.0,13,12.0,0.0,3.0
2026-1038,Madrid,Clay,96,1000,,20260420,70,221024.0,30.0,,Hailey Baptiste,R,,USA,24.474,32.0,1392.0,211148.0,8.0,,Jasmine Paolini,R,160.0,ITA,30.306,9.0,3722.0,7-5 6-3,3,R32,109.0,14.0,6.0,83.0,48.0,35.0,19.0,11.0,8.0,9.0,2.0,1.0,85.0,53.0,32.0,15,10.0,7.0,10.0
2026-1038,Madrid,Clay,96,1000,,20260420,71,214544.0,1.0,,Aryna Sabalenka,R,182.0,BLR,27.973,1.0,10895.0,211713.0,29.0,,Jaqueline Cristian,R,180.0,ROU,27.888,33.0,1382.0,6-1 6-4,3,R32,84.0,4.0,2.0,56.0,38.0,30.0,11.0,9.0,4.0,4.0,5.0,2.0,58.0,35.0,21.0,11,8.0,4.0,7.0
2026-1038,Madrid,Clay,96,1000,,20260420,72,211768.0,14.0,,Naomi Osaka,R,180.0,JPN,28.524,15.0,2324.0,211843.0,,Q,Anhelina Kalinina,R,179.0,UKR,29.211,110.0,738.0,6-1 6-3,3,R32,76.0,1.0,4.0,46.0,24.0,15.0,14.0,8.0,3.0,5.0,1.0,1.0,69.0,53.0,27.0,5,8.0,7.0,13.0
2026-1038,Madrid,Clay,96,1000,,20260420,73,222328.0,13.0,,Linda Noskova,R,,CZE,21.438,13.0,2849.0,214643.0,20.0,,Liudmila Samsonova,R,180.0,RUS,27.456,20.0,1895.0,W/O,3,R32,,,,,,,,,,,,,,,,,,,
2026-1038,Madrid,Clay,96,1000,,20260420,74,221333.0,,,Solana Sierra,R,,ARG,21.857,88.0,825.0,220309.0,,,Zeynep Sonmez,R,,TUR,23.99,67.0,963.0,0-6 6-2 6-3,3,R32,107.0,2.0,6.0,73.0,45.0,30.0,11.0,12.0,4.0,9.0,0.0,0.0,63.0,42.0,26.0,8,11.0,6.0,11.0
2026-1038,Madrid,Clay,96,1000,,20260420,75,221103.0,3.0,WC,Coco Gauff,R,175.0,USA,22.12,3.0,7279.0,201514.0,25.0,,Sorana Cirstea,R,176.0,ROU,36.053,26.0,1540.0,4-6 7-5 6-1,3,R32,141.0,2.0,6.0,96.0,69.0,40.0,13.0,15.0,4.0,10.0,2.0,4.0,87.0,45.0,21.0,18,14.0,7.0,15.0
2026-1038,Madrid,Clay,96,1000,,20260420,76,216083.0,,,Caty McNally,R,183.0,USA,24.43,76.0,916.0,211701.0,,,Katerina Siniakova,R,174.0,CZE,29.961,42.0,1299.0,6-3 2-6 7-6(2),3,R32,166.0,1.0,4.0,105.0,81.0,44.0,11.0,14.0,11.0,17.0,0.0,1.0,105.0,71.0,42.0,14,15.0,6.0,12.0
2026-1038,Madrid,Clay,96,1000,,20260420,77,201662.0,,,Karolina Pliskova,R,184.0,CZE,34.098,197.0,375.0,210722.0,19.0,,Elise Mertens,R,179.0,BEL,30.44,21.0,1858.0,7-5 2-6 7-6(3),3,R32,139.0,2.0,6.0,98.0,57.0,39.0,24.0,16.0,5.0,8.0,9.0,2.0,90.0,59.0,42.0,20,16.0,1.0,3.0
2026-1038,Madrid,Clay,96,1000,,20260420,78,216146.0,26.0,,Marta Kostyuk,R,175.0,UKR,23.828,23.0,1722.0,202468.0,5.0,,Jessica Pegula,R,170.0,USA,32.168,5.0,6136.0,6-1 6-4,3,R32,73.0,5.0,6.0,71.0,44.0,30.0,14.0,9.0,10.0,11.0,1.0,2.0,42.0,27.0,15.0,4,8.0,3.0,7.0
2026-1038,Madrid,Clay,96,1000,,20260420,79,214981.0,2.0,,Elena Rybakina,R,184.0,KAZ,26.859,2.0,8500.0,221012.0,32.0,,Qinwen Zheng,R,,CHN,23.549,36.0,1350.0,4-6 6-4 6-3,3,R32,141.0,7.0,1.0,93.0,54.0,34.0,24.0,15.0,3.0,6.0,9.0,9.0,86.0,49.0,37.0,14,14.0,5.0,9.0
2026-1038,Madrid,Clay,96,1000,,20260420,80,215713.0,,LL,Anastasia Potapova,R,175.0,RUS,25.074,56.0,1065.0,211533.0,21.0,,Jelena Ostapenko,R,177.0,LAT,28.882,40.0,1314.0,4-6 6-4 6-4,3,R32,131.0,6.0,7.0,95.0,49.0,31.0,21.0,15.0,6.0,12.0,4.0,9.0,87.0,51.0,26.0,16,15.0,5.0,12.0
2026-1038,Madrid,Clay,96,1000,,20260420,81,221024.0,30.0,,Hailey Baptiste,R,,USA,24.48,32.0,1392.0,202505.0,11.0,,Belinda Bencic,R,175.0,SUI,29.131,12.0,3090.0,6-1 6-7(14) 6-3,3,R16,162.0,8.0,7.0,116.0,72.0,55.0,24.0,15.0,7.0,8.0,3.0,3.0,102.0,67.0,43.0,17,13.0,3.0,7.0
2026-1038,Madrid,Clay,96,1000,,20260420,82,220367.0,24.0,,Leylah Fernandez,L,168.0,CAN,23.639,25.0,1646.0,215983.0,31.0,,Ann Li,R,170.0,USA,25.835,34.0,1380.0,6-3 6-2,3,R16,83.0,6.0,2.0,61.0,45.0,34.0,7.0,9.0,2.0,2.0,1.0,1.0,52.0,32.0,21.0,9,8.0,5.0,8.0
2026-1038,Madrid,Clay,96,1000,,20260420,83,201662.0,,,Karolina Pliskova,R,184.0,CZE,34.101,197.0,375.0,221333.0,,,Solana Sierra,R,,ARG,21.859,88.0,825.0,6-4 6-3,3,R16,85.0,1.0,10.0,58.0,40.0,29.0,6.0,9.0,4.0,6.0,6.0,7.0,81.0,53.0,31.0,10,10.0,3.0,8.0
2026-1038,Madrid,Clay,96,1000,,20260420,84,214544.0,1.0,,Aryna Sabalenka,R,182.0,BLR,27.979,1.0,10895.0,211768.0,14.0,,Naomi Osaka,R,180.0,JPN,28.529,15.0,2324.0,6-7(1) 6-3 6-2,3,R16,140.0,6.0,6.0,84.0,50.0,40.0,21.0,15.0,0.0,1.0,9.0,5.0,122.0,73.0,49.0,21,14.0,10.0,14.0
2026-1038,Madrid,Clay,96,1000,,20260420,85,259799.0,9.0,,Mirra Andreeva,R,,RUS,18.996,8.0,3746.0,214388.0,,,Anna Bondar,R,,HUN,28.918,63.0,1023.0,6-7(5) 6-3 7-6(5),3,R16,173.0,4.0,12.0,128.0,79.0,58.0,23.0,17.0,7.0,10.0,5.0,0.0,121.0,75.0,51.0,22,16.0,9.0,13.0
2026-1038,Madrid,Clay,96,1000,,20260420,86,222328.0,13.0,,Linda Noskova,R,,CZE,21.441,13.0,2849.0,221103.0,3.0,WC,Coco Gauff,R,175.0,USA,22.122,3.0,7279.0,6-4 1-6 7-6(5),3,R16,125.0,8.0,7.0,87.0,46.0,33.0,20.0,14.0,3.0,7.0,13.0,6.0,101.0,70.0,53.0,12,15.0,7.0,10.0
2026-1038,Madrid,Clay,96,1000,,20260420,87,216146.0,26.0,,Marta Kostyuk,R,175.0,UKR,23.831,23.0,1722.0,216083.0,,,Caty McNally,R,183.0,USA,24.433,76.0,916.0,6-2 6-3,3,R16,97.0,2.0,5.0,65.0,37.0,25.0,12.0,9.0,7.0,10.0,0.0,2.0,66.0,44.0,23.0,6,8.0,6.0,12.0
2026-1038,Madrid,Clay,96,1000,,20260420,88,215713.0,,LL,Anastasia Potapova,R,175.0,RUS,25.076,56.0,1065.0,214981.0,2.0,,Elena Rybakina,R,184.0,KAZ,26.862,2.0,8500.0,7-6(8) 6-4,3,R16,113.0,2.0,6.0,89.0,49.0,37.0,17.0,11.0,7.0,10.0,6.0,5.0,80.0,44.0,28.0,15,11.0,2.0,6.0
2026-1038,Madrid,Clay,96,1000,,20260420,89,259799.0,9.0,,Mirra Andreeva,R,,RUS,18.998,8.0,3746.0,220367.0,24.0,,Leylah Fernandez,L,168.0,CAN,23.642,25.0,1646.0,7-6(1) 6-3,3,QF,104.0,1.0,1.0,84.0,57.0,38.0,12.0,11.0,12.0,15.0,0.0,5.0,62.0,34.0,18.0,13,10.0,6.0,10.0
2026-1038,Madrid,Clay,96,1000,,20260420,90,221024.0,30.0,,Hailey Baptiste,R,,USA,24.482,32.0,1392.0,214544.0,1.0,,Aryna Sabalenka,R,182.0,BLR,27.981,1.0,10895.0,2-6 6-2 7-6(6),3,QF,150.0,12.0,10.0,112.0,62.0,42.0,19.0,14.0,11.0,17.0,5.0,4.0,97.0,68.0,41.0,12,14.0,8.0,14.0
2026-1038,Madrid,Clay,96,1000,,20260420,91,215713.0,,LL,Anastasia Potapova,R,175.0,RUS,25.082,56.0,1065.0,201662.0,,,Karolina Pliskova,R,184.0,CZE,34.106,197.0,375.0,6-1 6-7(4) 6-3,3,QF,114.0,10.0,9.0,99.0,61.0,47.0,13.0,15.0,3.0,7.0,3.0,8.0,79.0,59.0,34.0,4,13.0,0.0,7.0
2026-1038,Madrid,Clay,96,1000,,20260420,92,216146.0,26.0,,Marta Kostyuk,R,175.0,UKR,23.836,23.0,1722.0,222328.0,13.0,,Linda Noskova,R,,CZE,21.446,13.0,2849.0,7-6(1) 6-0,3,QF,87.0,2.0,4.0,48.0,27.0,19.0,11.0,9.0,1.0,5.0,3.0,7.0,84.0,50.0,30.0,6,9.0,16.0,23.0
2026-1038,Madrid,Clay,96,1000,,20260420,93,259799.0,9.0,,Mirra Andreeva,R,,RUS,19.004,8.0,3746.0,221024.0,30.0,,Hailey Baptiste,R,,USA,24.488,32.0,1392.0,6-4 7-6(8),3,SF,99.0,3.0,1.0,62.0,43.0,35.0,13.0,11.0,0.0,1.0,5.0,2.0,78.0,44.0,29.0,21,11.0,2.0,4.0
2026-1038,Madrid,Clay,96,1000,,20260420,94,216146.0,26.0,,Marta Kostyuk,R,175.0,UKR,23.839,23.0,1722.0,215713.0,,LL,Anastasia Potapova,R,175.0,RUS,25.085,56.0,1065.0,6-2 1-6 6-1,3,SF,96.0,1.0,5.0,73.0,39.0,21.0,18.0,11.0,8.0,12.0,0.0,6.0,69.0,45.0,28.0,6,11.0,7.0,13.0
2026-1038,Madrid,Clay,96,1000,,20260420,95,216146.0,26.0,,Marta Kostyuk,R,175.0,UKR,23.844,23.0,1722.0,259799.0,9.0,,Mirra Andreeva,R,,RUS,19.009,8.0,3746.0,6-3 7-5,3,F,81.0,4.0,2.0,63.0,38.0,27.0,15.0,11.0,4.0,6.0,1.0,3.0,53.0,29.0,18.0,11,10.0,0.0,4.0
2026-709,Rome,Clay,96,1000,,20260505,1,206252.0,,,Barbora Krejcikova,R,178.0,CZE,30.379,53.0,1156.0,221039.0,,,Elsa Jacquemot,R,177.0,FRA,23.006,64.0,1007.0,6-2 6-4,3,R128,105.0,3.0,5.0,73.0,47.0,31.0,15.0,9.0,9.0,10.0,1.0,2.0,63.0,47.0,,,,,
2026-709,Rome,Clay,96,1000,,20260505,2,221012.0,,,Qinwen Zheng,R,,CHN,23.573,32.0,1405.0,214388.0,,,Anna Bondar,R,,HUN,28.939,58.0,1043.0,6-3 3-6 4-6,3,R128,138.0,7.0,3.0,83.0,51.0,34.0,15.0,14.0,4.0,9.0,1.0,2.0,81.0,53.0,,,,,
2026-709,Rome,Clay,96,1000,,20260505,3,220716.0,,,Oleksandra Oliynykova,R,170.0,CRO,25.333,68.0,940.0,238075.0,,,Petra Marcinko,R,,CRO,20.416,69.0,934.0,1-6 3-6,3,R128,73.0,0.0,2.0,47.0,36.0,22.0,6.0,8.0,1.0,4.0,0.0,5.0,53.0,24.0,,,,,
2026-709,Rome,Clay,96,1000,,20260505,4,215370.0,,Wc,Bianca Andreescu,R,170.0,CAN,25.884,137.0,564.0,213550.0,,,Sofia Kenin,R,170.0,USA,27.472,74.0,922.0,4-6 5-7,3,R128,106.0,5.0,5.0,74.0,48.0,30.0,12.0,11.0,3.0,6.0,3.0,2.0,69.0,50.0,,,,,
2026-709,Rome,Clay,96,1000,,20260505,5,222045.0,,,Antonia Ruzic,R,,CRO,23.288,59.0,1041.0,215872.0,,,Kamilla Rakhimova,R,170.0,RUS,24.684,76.0,919.0,6-4 1-6 6-3,3,R128,126.0,1.0,2.0,71.0,48.0,32.0,7.0,13.0,1.0,6.0,3.0,2.0,83.0,47.0,,,,,
2026-709,Rome,Clay,96,1000,,20260505,6,220520.0,,,Mccartney Kessler,R,,USA,26.825,50.0,1204.0,214459.0,,Wc,Lucia Bronzetti,R,,ITA,27.4,173.0,459.0,6-3 5-7 6-4,3,R128,154.0,1.0,6.0,95.0,60.0,36.0,16.0,15.0,9.0,15.0,1.0,5.0,110.0,70.0,,,,,
2026-709,Rome,Clay,96,1000,,20260505,7,220435.0,,,Anastasia Zakharova,R,170.0,RUS,24.293,81.0,888.0,215035.0,,,Dayana Yastremska,R,175.0,UKR,25.971,52.0,1175.0,4-6 7-5 7-6(6),3,R128,183.0,0.0,4.0,117.0,88.0,48.0,12.0,17.0,6.0,14.0,1.0,9.0,108.0,52.0,,,,,
2026-709,Rome,Clay,96,1000,,20260505,8,220309.0,,,Zeynep Sonmez,R,,TUR,24.014,65.0,998.0,,,Wc,Jennifer Ruggeri,,,ITA,,265.0,260.0,4-6 6-2 6-2,3,R128,127.0,0.0,4.0,92.0,70.0,46.0,9.0,13.0,3.0,6.0,0.0,9.0,83.0,53.0,,,,,
2026-709,Rome,Clay,96,1000,,20260505,9,221883.0,,,Talia Gibson,R,,AUS,21.878,62.0,1021.0,203354.0,,Wc,Martina Trevisan,L,160.0,ITA,32.501,516.0,100.0,4-6 6-0 3-6,3,R128,126.0,3.0,6.0,81.0,54.0,30.0,12.0,13.0,2.0,8.0,2.0,3.0,85.0,58.0,,,,,
2026-709,Rome,Clay,96,1000,,20260505,10,215983.0,,,Ann Li,R,170.0,USA,25.856,29.0,1435.0,201533.0,,,Shuai Zhang,R,177.0,CHN,37.284,73.0,924.0,1-6 6-4 6-2,3,R128,101.0,3.0,2.0,77.0,45.0,27.0,16.0,13.0,5.0,9.0,1.0,3.0,89.0,68.0,,,,,
2026-709,Rome,Clay,96,1000,,20260505,11,223253.0,,,Alexandra Eala,L,173.0,PHI,20.95,42.0,1285.0,211684.0,,,Magdalena Frech,R,171.0,POL,28.386,45.0,1263.0,6-0 3-6 6-4,3,R128,127.0,0.0,4.0,80.0,56.0,32.0,14.0,12.0,6.0,9.0,3.0,1.0,77.0,47.0,,,,,
2026-709,Rome,Clay,96,1000,,20260505,12,215910.0,,,Panna Udvardy,R,170.0,HUN,27.6,71.0,931.0,252499.0,,Q,Alina Korneeva,,,RUS,18.867,122.0,657.0,6-2 7-6(2),3,R128,97.0,1.0,1.0,63.0,36.0,23.0,18.0,10.0,3.0,5.0,1.0,4.0,73.0,52.0,,,,,
2026-709,Rome,Clay,96,1000,,20260505,13,213583.0,,,Tatjana Maria,R,172.0,GER,38.741,54.0,1086.0,202663.0,,,Magda Linette,R,171.0,POL,34.226,55.0,1084.0,0-6 3-6,3,R128,77.0,5.0,2.0,52.0,25.0,20.0,12.0,7.0,4.0,5.0,1.0,2.0,48.0,23.0,,,,,
2026-709,Rome,Clay,96,1000,,20260505,14,211533.0,,,Jelena Ostapenko,R,177.0,LAT,28.906,36.0,1369.0,214593.0,,Wc,Lucrezia Stefanini,R,,ITA,27.973,154.0,495.0,0-6 1-6,3,R128,54.0,3.0,4.0,42.0,27.0,20.0,7.0,6.0,3.0,3.0,0.0,3.0,36.0,23.0,,,,,
2026-709,Rome,Clay,96,1000,,20260505,15,206417.0,,Q,Leolia Jeanjean,R,166.0,FRA,30.724,127.0,608.0,206242.0,,,Beatriz Haddad Maia,L,185.0,BRA,29.93,78.0,904.0,7-6(6) 6-4,3,R128,132.0,1.0,4.0,79.0,45.0,33.0,16.0,11.0,7.0,9.0,2.0,4.0,75.0,52.0,,,,,
2026-709,Rome,Clay,96,1000,,20260505,16,211701.0,,,Katerina Siniakova,R,174.0,CZE,29.985,39.0,1342.0,222391.0,,,Lois Boisson,R,,FRA,22.971,43.0,1268.0,6-2 6-3,3,R128,79.0,0.0,4.0,52.0,28.0,21.0,15.0,8.0,3.0,3.0,2.0,2.0,55.0,37.0,,,,,
2026-709,Rome,Clay,96,1000,,20260505,17,261972.0,,Wc,Tyra Caterina Grant,R,173.0,ITA,18.146,234.0,305.0,221354.0,,Wc,Lisa Pigato,R,,ITA,22.872,141.0,547.0,6-1 2-6 4-6,3,R128,122.0,2.0,8.0,80.0,50.0,33.0,9.0,13.0,5.0,11.0,0.0,8.0,76.0,51.0,,,,,
2026-709,Rome,Clay,96,1000,,20260505,18,203530.0,,,Viktorija Golubic,R,169.0,SUI,33.55,90.0,854.0,223415.0,,Q,Federica Urgesi,,,ITA,21.262,410.0,145.0,6-1 6-1,3,R128,64.0,1.0,0.0,42.0,29.0,18.0,7.0,7.0,2.0,4.0,1.0,2.0,52.0,39.0,,,,,
2026-709,Rome,Clay,96,1000,,20260505,19,201696.0,,,Laura Siegemund,R,168.0,GER,38.168,46.0,1250.0,239383.0,,,Sara Bejlek,L,,CZE,20.257,37.0,1360.0,6-4 6-4,3,R128,114.0,0.0,2.0,80.0,62.0,35.0,10.0,10.0,6.0,9.0,0.0,7.0,63.0,40.0,,,,,
2026-709,Rome,Clay,96,1000,,20260505,20,221333.0,,,Solana Sierra,R,,ARG,21.881,72.0,924.0,211337.0,,Q,Tamara Korpatsch,R,170.0,GER,30.982,87.0,868.0,6-3 6-1,3,R128,72.0,2.0,2.0,56.0,44.0,30.0,7.0,8.0,3.0,4.0,0.0,5.0,46.0,24.0,,,,,
2026-709,Rome,Clay,96,1000,,20260505,21,203501.0,,Q,Taylor Townsend,L,170.0,USA,30.051,96.0,824.0,215572.0,,Wc,Nuria Brancaccio,R,,ITA,25.862,171.0,463.0,6-3 6-2,3,R128,92.0,2.0,1.0,64.0,35.0,26.0,15.0,9.0,3.0,4.0,0.0,0.0,74.0,54.0,,,,,
2026-709,Rome,Clay,96,1000,,20260505,22,220548.0,,,Peyton Stearns,R,20011008.0,USA,24.572,49.0,1211.0,222145.0,,,Janice Tjen,R,,INA,23.997,40.0,1317.0,6-4 6-4,3,R128,85.0,3.0,2.0,56.0,29.0,23.0,13.0,10.0,4.0,6.0,5.0,4.0,59.0,38.0,,,,,
2026-709,Rome,Clay,96,1000,,20260505,23,206289.0,,,Maria Sakkari,R,172.0,GRE,30.779,47.0,1238.0,260172.0,,Ll,Lilli Tagger,,,AUT,18.212,92.0,836.0,7-5 3-6 0-6,3,R128,140.0,0.0,1.0,89.0,56.0,35.0,17.0,14.0,2.0,6.0,3.0,2.0,83.0,49.0,,,,,
2026-709,Rome,Clay,96,1000,,20260505,24,238184.0,,,Tereza Valentova,R,168.0,CZE,19.203,48.0,1231.0,201709.0,,,Yulia Putintseva,R,163.0,KAZ,31.324,77.0,918.0,3-6 2-6,3,R128,79.0,0.0,4.0,49.0,36.0,25.0,8.0,8.0,3.0,4.0,1.0,3.0,64.0,41.0,,,,,
2026-709,Rome,Clay,96,1000,,20260505,25,214119.0,,Q,Rebeka Masarova,R,186.0,ESP,26.746,160.0,479.0,221407.0,,,Oksana Selekhmeteva,L,175.0,RUS,23.307,84.0,871.0,5-7 7-5 1-6,3,R128,145.0,4.0,4.0,97.0,69.0,53.0,7.0,16.0,6.0,10.0,0.0,11.0,102.0,66.0,,,,,
2026-709,Rome,Clay,96,1000,,20260505,26,215713.0,,Q,Anastasia Potapova,R,175.0,RUS,25.098,38.0,1355.0,213646.0,,Q,Dalma Galfi,R,178.0,HUN,27.726,119.0,674.0,7-5 2-6 4-6,3,R128,153.0,0.0,4.0,108.0,68.0,41.0,16.0,15.0,11.0,17.0,3.0,1.0,85.0,63.0,,,,,
2026-709,Rome,Clay,96,1000,,20260505,27,220332.0,,,Eva Lys,R,165.0,GER,24.309,80.0,901.0,211107.0,,,Katie Boulter,R,180.0,GBR,29.758,60.0,1036.0,4-6 6-3 4-6,3,R128,144.0,1.0,8.0,109.0,77.0,42.0,13.0,15.0,7.0,15.0,3.0,3.0,93.0,61.0,,,,,
2026-709,Rome,Clay,96,1000,,20260505,28,215899.0,,Q,Simona Waltert,R,,SUI,25.391,91.0,840.0,263857.0,,,Yuliia Starodubtseva,R,,UKR,26.212,57.0,1044.0,5-7 6-4 1-6,3,R128,176.0,0.0,3.0,102.0,73.0,39.0,13.0,15.0,7.0,14.0,0.0,3.0,91.0,50.0,,,,,
2026-709,Rome,Clay,96,1000,,20260505,29,201662.0,,,Karolina Pliskova,R,184.0,CZE,34.122,130.0,590.0,222601.0,,,Jessica Bouzas Maneiro,R,,ESP,23.611,51.0,1186.0,4-6 6-3 7-5,3,R128,120.0,6.0,5.0,110.0,74.0,46.0,17.0,16.0,10.0,15.0,0.0,2.0,86.0,58.0,,,,,
2026-709,Rome,Clay,96,1000,,20260505,30,220714.0,,,Elisabetta Cocciaretto,R,,ITA,25.273,41.0,1290.0,221257.0,,Q,Sinja Kraus,R,180.0,AUT,24.016,103.0,780.0,6-2 6-4,3,R128,96.0,1.0,2.0,58.0,31.0,20.0,15.0,9.0,7.0,9.0,1.0,4.0,64.0,38.0,,,,,
2026-709,Rome,Clay,96,1000,,20260505,31,216083.0,,,Caty McNally,R,183.0,USA,24.454,63.0,1018.0,214082.0,,,Daria Kasatkina,R,170.0,RUS,28.994,66.0,987.0,6-2 6-3,3,R128,92.0,0.0,2.0,72.0,59.0,34.0,6.0,9.0,11.0,14.0,1.0,5.0,44.0,26.0,,,,,
2026-709,Rome,Clay,96,1000,,20260505,32,,,Q,Noemi Basiletti,,,ITA,,427.0,137.0,201548.0,,Ll,Ajla Tomljanovic,R,180.0,AUS,32.994,88.0,867.0,7-5 6-4,3,R128,123.0,0.0,1.0,70.0,55.0,37.0,4.0,11.0,4.0,8.0,1.0,6.0,94.0,62.0,,,,,
2026-709,Rome,Clay,96,1000,,20260505,33,210722.0,21.0,,Elise Mertens,R,179.0,BEL,30.464,22.0,1858.0,215910.0,,,Panna Udvardy,R,170.0,HUN,27.6,71.0,931.0,4-6 2-6,3,R64,93.0,3.0,4.0,59.0,28.0,18.0,17.0,9.0,6.0,8.0,1.0,4.0,56.0,38.0,,,,,
2026-709,Rome,Clay,96,1000,,20260505,34,259799.0,8.0,,Mirra Andreeva,R,,RUS,19.017,7.0,4181.0,222045.0,,,Antonia Ruzic,R,,CRO,23.288,59.0,1041.0,1-6 0-6,3,R64,66.0,4.0,1.0,41.0,26.0,17.0,11.0,7.0,2.0,3.0,0.0,3.0,46.0,30.0,,,,,
2026-709,Rome,Clay,96,1000,,20260505,35,221012.0,,,Qinwen Zheng,R,,CHN,23.573,32.0,1405.0,213710.0,30.0,,Cristina Bucsa,R,,ESP,28.339,31.0,1406.0,6-7(6) 2-6,3,R64,95.0,11.0,4.0,62.0,35.0,28.0,17.0,10.0,6.0,7.0,0.0,1.0,67.0,46.0,,,,,
2026-709,Rome,Clay,96,1000,,20260505,36,211148.0,9.0,,Jasmine Paolini,R,160.0,ITA,30.333,8.0,3722.0,206417.0,,Q,Leolia Jeanjean,R,166.0,FRA,30.724,127.0,608.0,6-7(4) 6-2 6-4,3,R64,175.0,0.0,6.0,101.0,59.0,44.0,17.0,15.0,4.0,8.0,4.0,4.0,122.0,75.0,,,,,
2026-709,Rome,Clay,96,1000,,20260505,37,222328.0,13.0,,Linda Noskova,R,,CZE,21.462,13.0,2999.0,220435.0,,,Anastasia Zakharova,R,170.0,RUS,24.293,81.0,888.0,4-6 1-6,3,R64,82.0,8.0,6.0,56.0,32.0,22.0,10.0,9.0,2.0,4.0,0.0,5.0,52.0,35.0,,,,,
2026-709,Rome,Clay,96,1000,,20260505,38,201514.0,26.0,,Sorana Cirstea,R,176.0,ROU,36.077,27.0,1595.0,213583.0,,,Tatjana Maria,R,172.0,GER,38.741,54.0,1086.0,2-6 0-6,3,R64,54.0,3.0,1.0,42.0,23.0,18.0,12.0,7.0,0.0,0.0,1.0,2.0,39.0,22.0,,,,,
2026-709,Rome,Clay,96,1000,,20260505,39,203530.0,,,Viktorija Golubic,R,169.0,SUI,33.55,90.0,854.0,233741.0,29.0,,Maya Joint,R,,AUS,20.052,34.0,1380.0,5-7 2-6,3,R64,98.0,1.0,0.0,56.0,39.0,25.0,11.0,10.0,2.0,4.0,1.0,3.0,83.0,51.0,,,,,
2026-709,Rome,Clay,96,1000,,20260505,40,220716.0,,,Oleksandra Oliynykova,R,170.0,CRO,25.333,68.0,940.0,220704.0,18.0,,Clara Tauson,R,182.0,DEN,23.37,18.0,2030.0,1-6 1-3 RET,3,R64,57.0,0.0,2.0,37.0,27.0,19.0,4.0,6.0,3.0,4.0,1.0,2.0,31.0,23.0,,,,,
2026-709,Rome,Clay,96,1000,,20260505,41,214939.0,22.0,,Anna Kalinskaya,R,175.0,RUS,27.422,24.0,1758.0,211701.0,,,Katerina Siniakova,R,174.0,CZE,29.985,39.0,1342.0,6-4 6-7(4) 5-7,3,R64,209.0,1.0,9.0,130.0,80.0,49.0,20.0,17.0,9.0,15.0,2.0,6.0,140.0,94.0,,,,,
2026-709,Rome,Clay,96,1000,,20260505,42,221103.0,3.0,,Coco Gauff,R,175.0,USA,22.144,4.0,6749.0,238184.0,,,Tereza Valentova,R,168.0,CZE,19.203,48.0,1231.0,6-3 6-4,3,R64,94.0,0.0,7.0,81.0,47.0,28.0,15.0,10.0,6.0,10.0,0.0,1.0,52.0,30.0,,,,,
2026-709,Rome,Clay,96,1000,,20260505,43,211533.0,,,Jelena Ostapenko,R,177.0,LAT,28.906,36.0,1369.0,211817.0,,Ll,Elena Gabriela Ruse,R,,ROU,28.493,67.0,963.0,2-6 6-2 6-3,3,R64,134.0,1.0,10.0,84.0,49.0,29.0,13.0,13.0,8.0,14.0,0.0,9.0,85.0,51.0,,,,,
2026-709,Rome,Clay,96,1000,,20260505,44,202505.0,12.0,,Belinda Bencic,R,175.0,SUI,29.153,12.0,3090.0,215370.0,,Wc,Bianca Andreescu,R,170.0,CAN,25.884,137.0,564.0,6-4 6-1,3,R64,77.0,1.0,2.0,42.0,25.0,18.0,11.0,8.0,2.0,4.0,1.0,7.0,50.0,32.0,,,,,
2026-709,Rome,Clay,96,1000,,20260505,45,203501.0,,Q,Taylor Townsend,L,170.0,USA,30.051,96.0,824.0,213631.0,24.0,,Marie Bouzkova,R,180.0,CZE,27.789,26.0,1651.0,3-6 5-7,3,R64,105.0,3.0,0.0,71.0,52.0,41.0,9.0,11.0,5.0,5.0,0.0,3.0,57.0,40.0,,,,,
2026-709,Rome,Clay,96,1000,,20260505,46,221333.0,,,Solana Sierra,R,,ARG,21.881,72.0,924.0,211843.0,,Q,Anhelina Kalinina,R,179.0,UKR,29.238,93.0,833.0,6-2 6-3,3,R64,85.0,2.0,3.0,67.0,51.0,31.0,8.0,8.0,4.0,6.0,0.0,4.0,54.0,36.0,,,,,
2026-709,Rome,Clay,96,1000,,20260505,47,214544.0,1.0,,Aryna Sabalenka,R,182.0,BLR,28.0,1.0,10110.0,206252.0,,,Barbora Krejcikova,R,178.0,CZE,30.379,53.0,1156.0,6-2 6-3,3,R64,84.0,0.0,2.0,52.0,33.0,25.0,11.0,9.0,2.0,3.0,4.0,7.0,57.0,32.0,,,,,
2026-709,Rome,Clay,96,1000,,20260505,48,260300.0,16.0,,Iva Jovic,R,,USA,18.412,17.0,2235.0,220520.0,,,Mccartney Kessler,R,,USA,26.825,50.0,1204.0,6-7(5) 6-7(4),3,R64,148.0,0.0,1.0,96.0,56.0,36.0,19.0,12.0,2.0,6.0,5.0,2.0,103.0,68.0,,,,,
2026-709,Rome,Clay,96,1000,,20260505,49,214643.0,20.0,,Liudmila Samsonova,R,180.0,RUS,27.48,21.0,1895.0,215983.0,,,Ann Li,R,170.0,USA,25.856,29.0,1435.0,6-4 6-3,3,R64,96.0,1.0,3.0,54.0,32.0,23.0,14.0,9.0,0.0,1.0,2.0,1.0,69.0,44.0,,,,,
2026-709,Rome,Clay,96,1000,,20260505,50,223670.0,19.0,,Diana Shnaider,L,,RUS,22.089,20.0,1946.0,221883.0,,,Talia Gibson,R,,AUS,21.878,62.0,1021.0,7-5 1-6 1-6,3,R64,128.0,1.0,5.0,80.0,50.0,36.0,14.0,13.0,7.0,10.0,1.0,3.0,89.0,52.0,,,,,
2026-709,Rome,Clay,96,1000,,20260505,51,223253.0,,,Alexandra Eala,L,173.0,PHI,20.95,42.0,1285.0,216133.0,31.0,,Xinyu Wang,R,182.0,CHN,24.605,33.0,1401.0,4-6 3-6,3,R64,86.0,0.0,0.0,63.0,42.0,27.0,10.0,10.0,4.0,7.0,2.0,4.0,51.0,34.0,,,,,
2026-709,Rome,Clay,96,1000,,20260505,52,216347.0,4.0,,Iga Swiatek,R,176.0,POL,24.928,3.0,6948.0,216083.0,,,Caty McNally,R,183.0,USA,24.454,63.0,1018.0,1-6 7-6(5) 3-6,3,R64,163.0,2.0,3.0,92.0,64.0,40.0,17.0,15.0,1.0,5.0,0.0,5.0,95.0,67.0,,,,,
2026-709,Rome,Clay,96,1000,,20260505,53,215713.0,,Q,Anastasia Potapova,R,175.0,RUS,25.098,38.0,1355.0,214096.0,11.0,,Karolina Muchova,R,178.0,CZE,29.703,11.0,3318.0,6-3 6-2,3,R64,95.0,2.0,2.0,64.0,43.0,29.0,12.0,9.0,7.0,8.0,0.0,1.0,61.0,43.0,,,,,
2026-709,Rome,Clay,96,1000,,20260505,54,201619.0,17.0,,Madison Keys,R,178.0,USA,31.211,19.0,1946.0,220548.0,,,Peyton Stearns,R,20011008.0,USA,24.572,49.0,1211.0,4-6 6-4 6-2,3,R64,126.0,7.0,4.0,91.0,57.0,40.0,15.0,14.0,9.0,13.0,2.0,3.0,81.0,52.0,,,,,
2026-709,Rome,Clay,96,1000,,20260505,55,211768.0,15.0,,Naomi Osaka,R,180.0,JPN,28.55,16.0,2341.0,220332.0,,,Eva Lys,R,165.0,GER,24.309,80.0,901.0,6-4 4-6 6-3,3,R64,128.0,3.0,7.0,88.0,52.0,34.0,13.0,15.0,2.0,9.0,0.0,4.0,89.0,65.0,,,,,
2026-709,Rome,Clay,96,1000,,20260505,56,202468.0,5.0,,Jessica Pegula,R,170.0,USA,32.192,5.0,6136.0,220309.0,,,Zeynep Sonmez,R,,TUR,24.014,65.0,998.0,6-4 6-0,3,R64,72.0,3.0,0.0,48.0,29.0,22.0,13.0,8.0,1.0,1.0,1.0,1.0,58.0,31.0,,,,,
2026-709,Rome,Clay,96,1000,,20260505,57,201696.0,,,Laura Siegemund,R,168.0,GER,38.168,46.0,1250.0,206420.0,14.0,,Ekaterina Alexandrova,R,175.0,RUS,31.469,14.0,2669.0,4-6 7-6(4) 1-6,3,R64,168.0,2.0,2.0,114.0,76.0,42.0,22.0,15.0,12.0,17.0,3.0,9.0,100.0,49.0,,,,,
2026-709,Rome,Clay,96,1000,,20260505,58,221024.0,32.0,,Hailey Baptiste,R,,USA,24.501,25.0,1747.0,215899.0,,Q,Simona Waltert,R,,SUI,25.391,91.0,840.0,7-6(9) 4-6 4-6,3,R64,174.0,3.0,7.0,110.0,62.0,36.0,27.0,16.0,4.0,9.0,0.0,1.0,103.0,75.0,,,,,
2026-709,Rome,Clay,96,1000,,20260505,59,223360.0,,Ll,Nikola Bartunkova,R,,CZE,20.189,94.0,831.0,261972.0,,Wc,Tyra Caterina Grant,R,173.0,ITA,18.146,234.0,305.0,6-4 3-6 4-6,3,R64,135.0,6.0,4.0,95.0,52.0,37.0,21.0,15.0,4.0,7.0,3.0,5.0,92.0,59.0,,,,,
2026-709,Rome,Clay,96,1000,,20260505,60,202494.0,7.0,,Elina Svitolina,R,174.0,UKR,31.644,10.0,3530.0,,,Q,Noemi Basiletti,,,ITA,,427.0,137.0,6-1 6-3,3,R64,75.0,1.0,3.0,66.0,42.0,27.0,12.0,8.0,9.0,11.0,0.0,0.0,55.0,39.0,,,,,
2026-709,Rome,Clay,96,1000,,20260505,61,201662.0,,,Karolina Pliskova,R,184.0,CZE,34.122,130.0,590.0,211713.0,33.0,,Jaqueline Cristian,R,180.0,ROU,27.915,28.0,1437.0,6-7(5) 7-6(2) 6-4,3,R64,192.0,1.0,11.0,129.0,90.0,59.0,19.0,17.0,10.0,14.0,4.0,7.0,130.0,77.0,,,,,
2026-709,Rome,Clay,96,1000,,20260505,62,214119.0,,Q,Rebeka Masarova,R,186.0,ESP,26.746,160.0,479.0,220367.0,25.0,,Leylah Fernandez,L,168.0,CAN,23.661,23.0,1851.0,4-6 6-4 6-4,3,R64,143.0,4.0,10.0,90.0,52.0,43.0,12.0,15.0,3.0,7.0,1.0,5.0,93.0,58.0,,,,,
2026-709,Rome,Clay,96,1000,,20260505,63,220714.0,,,Elisabetta Cocciaretto,R,,ITA,25.273,41.0,1290.0,215613.0,28.0,,Emma Navarro,R,,USA,24.964,35.0,1377.0,3-6 3-6,3,R64,91.0,1.0,2.0,70.0,55.0,36.0,7.0,9.0,9.0,10.0,0.0,2.0,52.0,32.0,,,,,
2026-709,Rome,Clay,96,1000,,20260505,64,214981.0,2.0,,Elena Rybakina,R,184.0,KAZ,26.883,2.0,8555.0,206289.0,,,Maria Sakkari,R,172.0,GRE,30.779,47.0,1238.0,4-6 1-6,3,R64,75.0,5.0,2.0,47.0,29.0,19.0,10.0,8.0,0.0,2.0,0.0,2.0,57.0,36.0,,,,,
2026-709,Rome,Clay,96,1000,,20260505,65,221103.0,3.0,,Coco Gauff,R,175.0,USA,22.144,4.0,6749.0,221333.0,,,Solana Sierra,R,,ARG,21.881,72.0,924.0,5-7 6-0 6-4,3,R32,130.0,1.0,5.0,82.0,51.0,34.0,13.0,14.0,4.0,10.0,1.0,4.0,104.0,68.0,,,,,
2026-709,Rome,Clay,96,1000,,20260505,66,222328.0,13.0,,Linda Noskova,R,,CZE,21.462,13.0,2999.0,220716.0,,,Oleksandra Oliynykova,R,170.0,CRO,25.333,68.0,940.0,1-6 3-6,3,R32,70.0,0.0,2.0,56.0,40.0,28.0,9.0,8.0,2.0,2.0,0.0,1.0,52.0,40.0,,,,,
2026-709,Rome,Clay,96,1000,,20260505,67,210722.0,21.0,,Elise Mertens,R,179.0,BEL,30.464,22.0,1858.0,211148.0,9.0,,Jasmine Paolini,R,160.0,ITA,30.333,8.0,3722.0,6-4 6-7(5) 3-6,3,R32,161.0,3.0,3.0,105.0,63.0,39.0,23.0,16.0,6.0,11.0,0.0,2.0,101.0,71.0,,,,,
2026-709,Rome,Clay,96,1000,,20260505,68,211533.0,,,Jelena Ostapenko,R,177.0,LAT,28.906,36.0,1369.0,221012.0,,,Qinwen Zheng,R,,CHN,23.573,32.0,1405.0,6-4 4-6 4-6,3,R32,149.0,5.0,6.0,91.0,58.0,45.0,16.0,15.0,2.0,4.0,14.0,4.0,91.0,63.0,,,,,
2026-709,Rome,Clay,96,1000,,20260505,69,201514.0,26.0,,Sorana Cirstea,R,176.0,ROU,36.077,27.0,1595.0,214544.0,1.0,,Aryna Sabalenka,R,182.0,BLR,28.0,1.0,10110.0,6-2 3-6 5-7,3,R32,133.0,3.0,2.0,93.0,48.0,27.0,23.0,15.0,5.0,11.0,2.0,1.0,92.0,66.0,,,,,
2026-709,Rome,Clay,96,1000,,20260505,70,259799.0,8.0,,Mirra Andreeva,R,,RUS,19.017,7.0,4181.0,203530.0,,,Viktorija Golubic,R,169.0,SUI,33.55,90.0,854.0,1-6 6-4 0-6,3,R32,117.0,3.0,3.0,98.0,69.0,46.0,11.0,12.0,7.0,10.0,0.0,1.0,73.0,54.0,,,,,
2026-709,Rome,Clay,96,1000,,20260505,71,214939.0,22.0,,Anna Kalinskaya,R,175.0,RUS,27.422,24.0,1758.0,202505.0,12.0,,Belinda Bencic,R,175.0,SUI,29.153,12.0,3090.0,4-6 3-6,3,R32,90.0,1.0,5.0,68.0,42.0,30.0,7.0,10.0,5.0,8.0,1.0,5.0,56.0,36.0,,,,,
2026-709,Rome,Clay,96,1000,,20260505,72,260300.0,16.0,,Iva Jovic,R,,USA,18.412,17.0,2235.0,203501.0,,Q,Taylor Townsend,L,170.0,USA,30.051,96.0,824.0,5-7 2-6,3,R32,88.0,3.0,1.0,57.0,34.0,22.0,13.0,10.0,1.0,4.0,2.0,3.0,51.0,36.0,,,,,
2026-709,Rome,Clay,96,1000,,20260505,73,223360.0,,Ll,Nikola Bartunkova,R,,CZE,20.189,94.0,831.0,201619.0,17.0,,Madison Keys,R,178.0,USA,31.211,19.0,1946.0,3-6 6-1 4-6,3,R32,109.0,3.0,1.0,78.0,44.0,33.0,17.0,13.0,4.0,6.0,5.0,2.0,68.0,47.0,,,,,
2026-709,Rome,Clay,96,1000,,20260505,74,202494.0,7.0,,Elina Svitolina,R,174.0,UKR,31.644,10.0,3530.0,221024.0,32.0,,Hailey Baptiste,R,,USA,24.501,25.0,1747.0,6-1 6-2,3,R32,67.0,1.0,1.0,49.0,28.0,21.0,16.0,8.0,5.0,5.0,2.0,0.0,46.0,22.0,,,,,
2026-709,Rome,Clay,96,1000,,20260505,75,202468.0,5.0,,Jessica Pegula,R,170.0,USA,32.192,5.0,6136.0,214119.0,,Q,Rebeka Masarova,R,186.0,ESP,26.746,160.0,479.0,6-0 6-0,3,R32,60.0,1.0,0.0,32.0,21.0,16.0,9.0,6.0,0.0,0.0,5.0,4.0,51.0,29.0,,,,,
2026-709,Rome,Clay,96,1000,,20260505,76,215713.0,,Q,Anastasia Potapova,R,175.0,RUS,25.098,38.0,1355.0,214643.0,20.0,,Liudmila Samsonova,R,180.0,RUS,27.48,21.0,1895.0,3-6 2-6,3,R32,87.0,2.0,2.0,58.0,33.0,23.0,15.0,9.0,0.0,1.0,1.0,4.0,55.0,39.0,,,,,
2026-709,Rome,Clay,96,1000,,20260505,77,211768.0,15.0,,Naomi Osaka,R,180.0,JPN,28.55,16.0,2341.0,223670.0,19.0,,Diana Shnaider,L,,RUS,22.089,20.0,1946.0,6-1 6-2,3,R32,54.0,2.0,1.0,41.0,27.0,21.0,10.0,8.0,0.0,1.0,0.0,2.0,39.0,28.0,,,,,
2026-709,Rome,Clay,96,1000,,20260505,78,214981.0,2.0,,Elena Rybakina,R,184.0,KAZ,26.883,2.0,8555.0,223253.0,,,Alexandra Eala,L,173.0,PHI,20.95,42.0,1285.0,4-6 3-6,3,R32,92.0,6.0,0.0,53.0,33.0,24.0,9.0,9.0,0.0,1.0,1.0,5.0,76.0,51.0,,,,,
2026-709,Rome,Clay,96,1000,,20260505,79,216347.0,4.0,,Iga Swiatek,R,176.0,POL,24.928,3.0,6948.0,220714.0,,,Elisabetta Cocciaretto,R,,ITA,25.273,41.0,1290.0,1-6 0-6,3,R32,65.0,4.0,2.0,46.0,28.0,21.0,12.0,7.0,3.0,3.0,0.0,3.0,40.0,23.0,,,,,
2026-709,Rome,Clay,96,1000,,20260505,80,201662.0,,,Karolina Pliskova,R,184.0,CZE,34.122,130.0,590.0,201696.0,,,Laura Siegemund,R,168.0,GER,38.168,46.0,1250.0,1-6 4-6,3,R32,78.0,1.0,4.0,52.0,36.0,27.0,6.0,9.0,4.0,6.0,0.0,4.0,57.0,39.0,,,,,
2026-709,Rome,Clay,96,1000,,20260505,81,201514.0,26.0,,Sorana Cirstea,R,176.0,ROU,36.077,27.0,1595.0,222328.0,13.0,,Linda Noskova,R,,CZE,21.462,13.0,2999.0,6-2 6-4,3,R16,82.0,6.0,2.0,52.0,32.0,27.0,10.0,9.0,1.0,2.0,5.0,7.0,64.0,27.0,,,,,
2026-709,Rome,Clay,96,1000,,20260505,82,221103.0,3.0,,Coco Gauff,R,175.0,USA,22.144,4.0,6749.0,260300.0,16.0,,Iva Jovic,R,,USA,18.412,17.0,2235.0,5-7 7-5 6-2,3,R16,165.0,1.0,1.0,93.0,62.0,37.0,15.0,16.0,4.0,10.0,3.0,10.0,103.0,58.0,,,,,
2026-709,Rome,Clay,96,1000,,20260505,83,211533.0,,,Jelena Ostapenko,R,177.0,LAT,28.906,36.0,1369.0,214939.0,22.0,,Anna Kalinskaya,R,175.0,RUS,27.422,24.0,1758.0,1-6 2-6,3,R16,70.0,8.0,4.0,43.0,25.0,23.0,10.0,8.0,1.0,1.0,2.0,4.0,47.0,30.0,,,,,
2026-709,Rome,Clay,96,1000,,20260505,84,259799.0,8.0,,Mirra Andreeva,R,,RUS,19.017,7.0,4181.0,210722.0,21.0,,Elise Mertens,R,179.0,BEL,30.464,22.0,1858.0,3-6 3-6,3,R16,78.0,4.0,3.0,56.0,40.0,27.0,10.0,9.0,4.0,5.0,4.0,4.0,55.0,34.0,,,,,
2026-709,Rome,Clay,96,1000,,20260505,85,202494.0,7.0,,Elina Svitolina,R,174.0,UKR,31.644,10.0,3530.0,223360.0,,Ll,Nikola Bartunkova,R,,CZE,20.189,94.0,831.0,6-2 6-3,3,R16,79.0,2.0,2.0,55.0,39.0,25.0,4.0,9.0,3.0,7.0,0.0,8.0,53.0,26.0,,,,,
2026-709,Rome,Clay,96,1000,,20260505,86,202468.0,5.0,,Jessica Pegula,R,170.0,USA,32.192,5.0,6136.0,215713.0,,Q,Anastasia Potapova,R,175.0,RUS,25.098,38.0,1355.0,7-6(6) 6-2,3,R16,98.0,3.0,2.0,70.0,48.0,33.0,11.0,10.0,3.0,6.0,2.0,0.0,69.0,44.0,,,,,
2026-709,Rome,Clay,96,1000,,20260505,87,216347.0,4.0,,Iga Swiatek,R,176.0,POL,24.928,3.0,6948.0,211768.0,15.0,,Naomi Osaka,R,180.0,JPN,28.55,16.0,2341.0,2-6 1-6,3,R16,80.0,3.0,1.0,46.0,31.0,21.0,10.0,7.0,2.0,3.0,2.0,3.0,61.0,33.0,,,,,
2026-709,Rome,Clay,96,1000,,20260505,88,214981.0,2.0,,Elena Rybakina,R,184.0,KAZ,26.883,2.0,8555.0,201662.0,,,Karolina Pliskova,R,184.0,CZE,34.122,130.0,590.0,0-6 2-6,3,R16,58.0,1.0,3.0,42.0,23.0,16.0,11.0,7.0,2.0,3.0,2.0,5.0,44.0,26.0,,,,,
2026-709,Rome,Clay,96,1000,,20260505,89,201514.0,26.0,,Sorana Cirstea,R,176.0,ROU,36.077,27.0,1595.0,211533.0,,,Jelena Ostapenko,R,177.0,LAT,28.906,36.0,1369.0,6-1 7-6(0),3,QF,91.0,1.0,1.0,61.0,38.0,27.0,15.0,10.0,3.0,5.0,1.0,4.0,58.0,32.0,,,,,
2026-709,Rome,Clay,96,1000,,20260505,90,221103.0,3.0,,Coco Gauff,R,175.0,USA,22.144,4.0,6749.0,259799.0,8.0,,Mirra Andreeva,R,,RUS,19.017,7.0,4181.0,4-6 6-2 6-4,3,QF,138.0,2.0,4.0,93.0,67.0,41.0,10.0,14.0,7.0,12.0,3.0,6.0,104.0,65.0,,,,,
2026-709,Rome,Clay,96,1000,,20260505,91,216347.0,4.0,,Iga Swiatek,R,176.0,POL,24.928,3.0,6948.0,202468.0,5.0,,Jessica Pegula,R,170.0,USA,32.192,5.0,6136.0,1-6 2-6,3,QF,67.0,2.0,2.0,45.0,35.0,27.0,6.0,8.0,0.0,0.0,1.0,2.0,45.0,29.0,,,,,
2026-709,Rome,Clay,96,1000,,20260505,92,202494.0,7.0,,Elina Svitolina,R,174.0,UKR,31.644,10.0,3530.0,214981.0,2.0,,Elena Rybakina,R,184.0,KAZ,26.883,2.0,8555.0,2-6 6-4 6-4,3,QF,143.0,1.0,5.0,110.0,66.0,41.0,20.0,14.0,16.0,20.0,7.0,5.0,98.0,54.0,,,,,
2026-709,Rome,Clay,96,1000,,20260505,93,221103.0,3.0,,Coco Gauff,R,175.0,USA,22.144,4.0,6749.0,201514.0,26.0,,Sorana Cirstea,R,176.0,ROU,36.077,27.0,1595.0,4-6 3-6,3,SF,75.0,0.0,1.0,50.0,39.0,29.0,5.0,10.0,2.0,5.0,3.0,0.0,56.0,37.0,,,,,
2026-709,Rome,Clay,96,1000,,20260505,94,202494.0,7.0,,Elina Svitolina,R,174.0,UKR,31.644,10.0,3530.0,216347.0,4.0,,Iga Swiatek,R,176.0,POL,24.928,3.0,6948.0,4-6 6-2 2-6,3,SF,134.0,2.0,6.0,97.0,53.0,34.0,16.0,13.0,11.0,16.0,2.0,1.0,77.0,47.0,,,,,
2026-709,Rome,Clay,96,1000,,20260505,95,202494.0,7.0,,Elina Svitolina,R,174.0,UKR,31.644,10.0,3530.0,221103.0,3.0,,Coco Gauff,R,175.0,USA,22.144,4.0,6749.0,4-6 7-6(3) 2-6,3,F,169.0,2.0,2.0,129.0,83.0,53.0,23.0,15.0,14.0,17.0,1.0,7.0,113.0,73.0,,,,,
2026-406,Strasbourg,Clay,28,500,,20260517,1,215983.0,,,Ann Li,R,170.0,USA,25.8,30.0,1460.0,233741.0,,,Maya Joint,R,,AUS,20.0,34.0,1370.0,6-1 6-2,3,R32,67.0,1.0,3.0,65.0,37.0,26.0,16.0,8.0,7.0,7.0,0.0,0.0,34.0,23.0,9.0,7,7.0,0.0,4.0
2026-406,Strasbourg,Clay,28,500,,20260517,2,220716.0,,Q,Oleksandra Oliynykova,R,,UKR,25.3,66.0,970.0,223253.0,,,Alexandra Eala,L,173.0,PHI,20.9,38.0,1340.0,3-6 7-5 6-3,3,R32,172.0,2.0,7.0,108.0,74.0,46.0,11.0,15.0,3.0,9.0,0.0,3.0,118.0,81.0,45.0,16,15.0,16.0,23.0
2026-406,Strasbourg,Clay,28,500,,20260517,3,213631.0,8.0,,Marie Bouzkova,R,180.0,CZE,27.8,27.0,1596.0,211701.0,,,Katerina Siniakova,R,174.0,CZE,30.0,36.0,1362.0,7-6(3) 6-3,3,R32,128.0,0.0,4.0,78.0,52.0,30.0,14.0,11.0,4.0,8.0,0.0,9.0,76.0,43.0,24.0,13,10.0,11.0,16.0
2026-406,Strasbourg,Clay,28,500,,20260517,4,215613.0,,,Emma Navarro,R,,USA,24.9,39.0,1327.0,239383.0,,,Sara Bejlek,L,,CZE,20.2,35.0,1369.0,6-1 6-4,3,R32,86.0,1.0,2.0,61.0,32.0,20.0,16.0,9.0,6.0,9.0,0.0,1.0,49.0,30.0,14.0,6,8.0,5.0,11.0
2026-406,Strasbourg,Clay,28,500,,20260517,5,220348.0,,WC,Diane Parry,R,170.0,FRA,23.7,94.0,853.0,221054.0,,,Emma Raducanu,R,175.0,GBR,23.5,37.0,1360.0,6-4 7-6(4),3,R32,144.0,3.0,1.0,81.0,61.0,36.0,10.0,11.0,5.0,9.0,5.0,9.0,87.0,57.0,35.0,11,11.0,16.0,21.0
2026-406,Strasbourg,Clay,28,500,,20260517,6,201533.0,,LL,Shuai Zhang,R,177.0,CHN,37.3,74.0,919.0,213710.0,,,Cristina Bucsa,R,,ESP,28.3,31.0,1406.0,2-6 7-6(7) 7-5,3,R32,144.0,0.0,7.0,128.0,90.0,54.0,10.0,16.0,10.0,18.0,2.0,8.0,106.0,59.0,37.0,17,16.0,3.0,10.0
2026-406,Strasbourg,Clay,28,500,,20260517,7,214082.0,,Q,Daria Kasatkina,R,170.0,AUS,29.0,62.0,987.0,214643.0,6.0,,Liudmila Samsonova,R,180.0,RUS,27.5,20.0,1950.0,7-5 6-3,3,R32,116.0,4.0,3.0,93.0,67.0,43.0,10.0,11.0,9.0,12.0,1.0,4.0,64.0,43.0,20.0,10,10.0,2.0,7.0
2026-406,Strasbourg,Clay,28,500,,20260517,8,220548.0,,,Peyton Stearns,R,,USA,24.6,92.0,856.0,206289.0,,,Maria Sakkari,R,172.0,GRE,30.8,48.0,1208.0,6-3 6-1,3,R32,77.0,3.0,4.0,49.0,28.0,21.0,14.0,8.0,4.0,5.0,4.0,5.0,53.0,31.0,16.0,8,8.0,3.0,8.0
2026-406,Strasbourg,Clay,28,500,,20260517,9,211713.0,,,Jaqueline Cristian,R,180.0,ROU,27.9,33.0,1382.0,220520.0,,Q,Mccartney Kessler,R,,USA,26.8,47.0,1229.0,6-1 6-1,3,R32,77.0,0.0,1.0,41.0,25.0,19.0,8.0,7.0,0.0,1.0,0.0,5.0,56.0,32.0,17.0,5,7.0,6.0,12.0
2026-406,Strasbourg,Clay,28,500,,20260517,10,220367.0,7.0,,Leylah Fernandez,L,168.0,CAN,23.6,24.0,1796.0,206417.0,,WC,Leolia Jeanjean,R,,FRA,30.7,124.0,653.0,6-1 7-5,3,R32,99.0,3.0,2.0,67.0,49.0,33.0,9.0,9.0,7.0,8.0,1.0,6.0,63.0,38.0,24.0,8,10.0,2.0,7.0
2026-406,Strasbourg,Clay,28,500,,20260517,11,211684.0,,,Magdalena Frech,R,171.0,POL,28.4,49.0,1208.0,221883.0,,Q,Talia Gibson,R,,AUS,21.9,55.0,1036.0,7-6(0) 6-3,3,R32,105.0,3.0,1.0,68.0,41.0,33.0,15.0,11.0,2.0,4.0,2.0,7.0,69.0,37.0,21.0,16,10.0,3.0,6.0
2026-406,Strasbourg,Clay,28,500,,20260517,12,222391.0,,WC,Lois Boisson,R,,FRA,23.0,50.0,1204.0,216133.0,,,Xin Yu Wang,R,182.0,CHN,24.6,32.0,1401.0,6-3 7-6(4),3,R32,95.0,2.0,5.0,74.0,49.0,35.0,11.0,11.0,1.0,4.0,1.0,0.0,65.0,49.0,27.0,8,10.0,3.0,7.0
2026-406,Strasbourg,Clay,28,500,,20260517,13,215983.0,,,Ann Li,R,170.0,USA,25.8,30.0,1460.0,206420.0,2.0,,Ekaterina Alexandrova,R,175.0,RUS,31.5,14.0,2679.0,4-6 6-4 6-3,3,R16,118.0,10.0,1.0,84.0,53.0,40.0,15.0,14.0,4.0,7.0,3.0,8.0,97.0,60.0,41.0,16,15.0,9.0,14.0
2026-406,Strasbourg,Clay,28,500,,20260517,14,213631.0,8.0,,Marie Bouzkova,R,180.0,CZE,27.8,27.0,1596.0,220716.0,,Q,Oleksandra Oliynykova,R,,UKR,25.3,66.0,970.0,3-1 RET,3,R16,19.0,0.0,1.0,13.0,8.0,6.0,3.0,2.0,1.0,1.0,0.0,0.0,10.0,8.0,4.0,0,2.0,0.0,1.0
2026-406,Strasbourg,Clay,28,500,,20260517,15,215613.0,,,Emma Navarro,R,,USA,24.9,39.0,1327.0,260300.0,3.0,,Iva Jovic,R,,USA,18.4,17.0,2306.0,6-4 4-6 6-1,3,R16,143.0,6.0,6.0,109.0,60.0,34.0,25.0,14.0,6.0,11.0,2.0,2.0,75.0,49.0,28.0,7,13.0,5.0,12.0
2026-406,Strasbourg,Clay,28,500,,20260517,16,201533.0,,LL,Shuai Zhang,R,177.0,CHN,37.3,74.0,919.0,220348.0,,WC,Diane Parry,R,170.0,FRA,23.7,94.0,853.0,6-2 7-5,3,R16,90.0,1.0,0.0,51.0,38.0,27.0,10.0,10.0,0.0,1.0,2.0,3.0,71.0,45.0,22.0,16,10.0,8.0,12.0
2026-406,Strasbourg,Clay,28,500,,20260517,17,214082.0,,Q,Daria Kasatkina,R,170.0,AUS,29.0,62.0,987.0,220548.0,,,Peyton Stearns,R,,USA,24.6,92.0,856.0,6-1 6-3,3,R16,62.0,3.0,2.0,52.0,40.0,26.0,8.0,8.0,4.0,5.0,1.0,3.0,45.0,30.0,16.0,3,8.0,3.0,8.0
2026-406,Strasbourg,Clay,28,500,,20260517,18,211713.0,,,Jaqueline Cristian,R,180.0,ROU,27.9,33.0,1382.0,220704.0,4.0,,Clara Tauson,R,182.0,DEN,23.4,21.0,1920.0,6-1 7-5,3,R16,107.0,1.0,0.0,64.0,39.0,30.0,13.0,9.0,4.0,4.0,0.0,1.0,70.0,45.0,22.0,13,10.0,2.0,6.0
2026-406,Strasbourg,Clay,28,500,,20260517,19,220367.0,7.0,,Leylah Fernandez,L,168.0,CAN,23.6,24.0,1796.0,211684.0,,,Magdalena Frech,R,171.0,POL,28.4,49.0,1208.0,6-4 3-6 6-4,3,R16,168.0,2.0,9.0,100.0,61.0,41.0,15.0,15.0,4.0,9.0,2.0,4.0,114.0,76.0,49.0,14,14.0,6.0,11.0
2026-406,Strasbourg,Clay,28,500,,20260517,20,239475.0,1.0,,Victoria Mboko,R,,CAN,19.7,9.0,3395.0,222391.0,,WC,Lois Boisson,R,,FRA,23.0,50.0,1204.0,6-4 6-3,3,R16,82.0,4.0,1.0,52.0,37.0,24.0,10.0,9.0,0.0,2.0,4.0,4.0,64.0,40.0,27.0,7,10.0,5.0,10.0
2026-406,Strasbourg,Clay,28,500,,20260517,21,215983.0,,,Ann Li,R,170.0,USA,25.8,30.0,1460.0,213631.0,8.0,,Marie Bouzkova,R,180.0,CZE,27.8,27.0,1596.0,6-3 7-5,3,QF,105.0,2.0,3.0,72.0,44.0,26.0,14.0,11.0,5.0,8.0,1.0,2.0,63.0,45.0,24.0,7,10.0,4.0,9.0
2026-406,Strasbourg,Clay,28,500,,20260517,22,215613.0,,,Emma Navarro,R,,USA,24.9,39.0,1327.0,201533.0,,LL,Shuai Zhang,R,177.0,CHN,37.3,74.0,919.0,2-6 7-6(5) 6-2,3,QF,149.0,2.0,10.0,104.0,46.0,29.0,22.0,14.0,9.0,17.0,1.0,3.0,109.0,80.0,41.0,11,14.0,10.0,18.0
2026-406,Strasbourg,Clay,28,500,,20260517,23,211713.0,,,Jaqueline Cristian,R,180.0,ROU,27.9,33.0,1382.0,214082.0,,Q,Daria Kasatkina,R,170.0,AUS,29.0,62.0,987.0,7-6(3) 3-6 6-2,3,QF,154.0,4.0,3.0,94.0,61.0,32.0,17.0,15.0,7.0,15.0,1.0,5.0,99.0,76.0,42.0,5,14.0,8.0,16.0
2026-406,Strasbourg,Clay,28,500,,20260517,24,239475.0,1.0,,Victoria Mboko,R,,CAN,19.7,9.0,3395.0,220367.0,7.0,,Leylah Fernandez,L,168.0,CAN,23.6,24.0,1796.0,6-4 6-4,3,QF,92.0,4.0,5.0,56.0,29.0,24.0,13.0,10.0,1.0,3.0,2.0,8.0,72.0,46.0,27.0,11,10.0,7.0,11.0
2026-406,Strasbourg,Clay,28,500,,20260517,25,215613.0,,,Emma Navarro,R,,USA,24.9,39.0,1327.0,215983.0,,,Ann Li,R,170.0,USA,25.8,30.0,1460.0,6-1 6-3,3,SF,77.0,0.0,0.0,55.0,31.0,21.0,14.0,8.0,7.0,8.0,1.0,1.0,49.0,32.0,17.0,7,8.0,5.0,10.0
2026-406,Strasbourg,Clay,28,500,,20260517,26,239475.0,1.0,,Victoria Mboko,R,,CAN,19.7,9.0,3395.0,211713.0,,,Jaqueline Cristian,R,180.0,ROU,27.9,33.0,1382.0,7-6(3) 3-6 6-2,3,SF,172.0,4.0,6.0,114.0,76.0,49.0,18.0,15.0,6.0,10.0,2.0,4.0,101.0,58.0,35.0,20,14.0,10.0,14.0
2026-406,Strasbourg,Clay,28,500,,20260517,27,215613.0,,,Emma Navarro,R,,USA,24.9,39.0,1327.0,239475.0,1.0,,Victoria Mboko,R,,CAN,19.7,9.0,3395.0,6-0 5-7 6-2,3,F,140.0,0.0,4.0,78.0,46.0,34.0,15.0,13.0,7.0,10.0,4.0,6.0,114.0,68.0,32.0,24,13.0,14.0,21.0
2026-1005,Rabat,Clay,32,250,,20260518,1,222601.0,2.0,,Jessica Bouzas Maneiro,R,,ESP,23.6,51.0,1200.0,221369.0,,Q,Lisa Zaar,U,,SWE,26.0,335.0,195.0,6-0 7-5,3,R32,82.0,2.0,1.0,64.0,47.0,31.0,9.0,9.0,4.0,6.0,0.0,3.0,70.0,52.0,25.0,6,9.0,7.0,13.0
2026-1005,Rabat,Clay,32,250,,20260518,2,211539.0,,Q,Fiona Ferro,R,170.0,FRA,29.1,200.0,370.0,203575.0,,,Danka Kovinic,R,169.0,MNE,31.4,,,6-2 6-3,3,R32,75.0,0.0,0.0,55.0,49.0,27.0,4.0,8.0,4.0,7.0,0.0,9.0,54.0,29.0,13.0,7,9.0,0.0,7.0
2026-1005,Rabat,Clay,32,250,,20260518,3,245077.0,,WC,Yelyzaveta Kotliar,U,,UKR,19.2,528.0,100.0,215936.0,,,Francesca Jones,R,,GBR,25.6,105.0,736.0,2-6 6-3 6-4,3,R32,140.0,2.0,8.0,100.0,60.0,37.0,13.0,14.0,8.0,15.0,1.0,8.0,89.0,58.0,32.0,10,13.0,6.0,13.0
2026-1005,Rabat,Clay,32,250,,20260518,4,238075.0,6.0,,Petra Marcinko,U,,CRO,20.4,76.0,917.0,201329.0,,Q,Vera Zvonareva,R,172.0,RUS,41.6,326.0,201.0,6-2 6-4,3,R32,77.0,3.0,4.0,52.0,27.0,21.0,14.0,9.0,3.0,4.0,0.0,3.0,62.0,45.0,27.0,5,9.0,2.0,6.0
2026-1005,Rabat,Clay,32,250,,20260518,5,213583.0,3.0,,Tatjana Maria,R,172.0,GER,38.7,52.0,1111.0,215696.0,,WC,Diae El Jardi,R,,MAR,25.5,1023.0,19.0,6-2 6-4,3,R32,68.0,6.0,1.0,56.0,40.0,30.0,7.0,9.0,2.0,3.0,2.0,3.0,45.0,30.0,16.0,8,9.0,2.0,6.0
2026-1005,Rabat,Clay,32,250,,20260518,6,236956.0,,WC,Yasmine Kabbaj,U,,MAR,22.3,334.0,195.0,214507.0,,,Berfu Cengiz,R,,TUR,26.5,429.0,136.0,7-6(4) 6-3,3,R32,95.0,1.0,1.0,71.0,56.0,35.0,7.0,10.0,3.0,6.0,2.0,4.0,60.0,34.0,19.0,10,11.0,1.0,6.0
2026-1005,Rabat,Clay,32,250,,20260518,7,213525.0,,,Jil Teichmann,L,170.0,SUI,28.8,207.0,352.0,211814.0,,,Julia Grabher,R,170.0,AUT,29.8,123.0,661.0,6-4 7-6(5),3,R32,136.0,1.0,4.0,84.0,59.0,35.0,10.0,11.0,3.0,7.0,2.0,7.0,90.0,62.0,31.0,13,11.0,9.0,14.0
2026-1005,Rabat,Clay,32,250,,20260518,8,219917.0,8.0,,Alycia Parks,R,185.0,USA,25.3,80.0,902.0,220416.0,,,Moyuka Uchijima,R,171.0,JPN,24.7,110.0,707.0,6-2 6-4,3,R32,88.0,3.0,4.0,70.0,39.0,27.0,16.0,9.0,4.0,5.0,1.0,1.0,54.0,28.0,16.0,13,9.0,1.0,5.0
2026-1005,Rabat,Clay,32,250,,20260518,9,214388.0,5.0,,Anna Bondar,R,,HUN,28.9,58.0,1023.0,201555.0,,,Polona Hercog,R,182.0,SLO,35.3,217.0,333.0,1-1 RET,3,R32,17.0,1.0,0.0,7.0,4.0,4.0,2.0,2.0,0.0,0.0,0.0,1.0,8.0,3.0,3.0,2,1.0,0.0,0.0
2026-1005,Rabat,Clay,32,250,,20260518,10,215306.0,,,Emiliana Arango,R,,COL,25.4,98.0,813.0,230870.0,,,Ella Seidel,R,,GER,21.2,97.0,818.0,6-3 4-6 6-1,3,R32,131.0,2.0,3.0,76.0,57.0,39.0,5.0,13.0,3.0,8.0,1.0,9.0,104.0,60.0,31.0,18,13.0,11.0,19.0
2026-1005,Rabat,Clay,32,250,,20260518,11,211843.0,,,Anhelina Kalinina,R,179.0,UKR,29.2,84.0,873.0,215899.0,,,Simona Waltert,R,,SUI,25.4,93.0,856.0,6-3 6-4,3,R32,101.0,0.0,4.0,59.0,36.0,25.0,11.0,10.0,3.0,5.0,1.0,4.0,70.0,43.0,26.0,11,9.0,9.0,13.0
2026-1005,Rabat,Clay,32,250,,20260518,12,263857.0,4.0,,Yuliia Starodubtseva,R,,UKR,26.2,54.0,1078.0,214236.0,,,Angela Fita Boluda,U,,ESP,26.8,192.0,383.0,6-4 6-2,3,R32,89.0,0.0,2.0,54.0,40.0,32.0,9.0,9.0,4.0,4.0,1.0,1.0,55.0,37.0,22.0,9,9.0,1.0,4.0
2026-1005,Rabat,Clay,32,250,,20260518,13,215910.0,7.0,,Panna Udvardy,R,170.0,HUN,27.6,68.0,951.0,243420.0,,,Hanne Vandewinkel,U,,BEL,21.9,102.0,790.0,6-4 6-2,3,R32,80.0,0.0,1.0,50.0,26.0,22.0,14.0,9.0,0.0,0.0,4.0,3.0,59.0,38.0,25.0,9,9.0,5.0,8.0
2026-1005,Rabat,Clay,32,250,,20260518,14,216367.0,,WC,Sada Nahimana,R,,BDI,25.0,231.0,309.0,201548.0,,,Ajla Tomljanovic,R,180.0,AUS,33.0,90.0,857.0,6-3 7-5,3,R32,105.0,4.0,4.0,77.0,46.0,30.0,15.0,10.0,2.0,4.0,4.0,9.0,71.0,47.0,29.0,8,11.0,5.0,10.0
2026-1005,Rabat,Clay,32,250,,20260518,15,215785.0,,,Camila Osorio,R,162.0,COL,24.4,77.0,912.0,206124.0,,,Tereza Martincova,R,178.0,CZE,31.5,250.0,287.0,6-0 6-4,3,R32,76.0,0.0,1.0,63.0,48.0,26.0,11.0,8.0,7.0,9.0,0.0,1.0,49.0,40.0,15.0,3,8.0,3.0,9.0
2026-1005,Rabat,Clay,32,250,,20260518,16,222145.0,1.0,,Janice Tjen,R,,INA,24.0,41.0,1292.0,216385.0,,Q,Caijsa Wilda Hennemann,R,,SWE,25.1,292.0,234.0,6-1 7-5,3,R32,84.0,3.0,4.0,55.0,36.0,27.0,9.0,9.0,1.0,3.0,2.0,2.0,60.0,40.0,22.0,6,10.0,3.0,9.0
2026-1005,Rabat,Clay,32,250,,20260518,17,222601.0,2.0,,Jessica Bouzas Maneiro,R,,ESP,23.6,51.0,1200.0,211539.0,,Q,Fiona Ferro,R,170.0,FRA,29.1,200.0,370.0,2-6 7-6(2) 6-3,3,R16,131.0,0.0,3.0,100.0,65.0,36.0,15.0,15.0,9.0,17.0,0.0,0.0,92.0,72.0,38.0,7,14.0,7.0,14.0
2026-1005,Rabat,Clay,32,250,,20260518,18,238075.0,6.0,,Petra Marcinko,U,,CRO,20.4,76.0,917.0,245077.0,,WC,Yelyzaveta Kotliar,U,,UKR,19.2,528.0,100.0,5-7 6-2 7-6(1),3,R16,151.0,2.0,8.0,112.0,72.0,44.0,18.0,16.0,5.0,12.0,0.0,5.0,105.0,76.0,38.0,9,16.0,3.0,11.0
2026-1005,Rabat,Clay,32,250,,20260518,19,236956.0,,WC,Yasmine Kabbaj,U,,MAR,22.3,334.0,195.0,213583.0,3.0,,Tatjana Maria,R,172.0,GER,38.7,52.0,1111.0,6-2 6-4,3,R16,75.0,1.0,2.0,52.0,47.0,31.0,1.0,9.0,4.0,7.0,3.0,1.0,54.0,35.0,18.0,6,9.0,2.0,8.0
2026-1005,Rabat,Clay,32,250,,20260518,20,213525.0,,,Jil Teichmann,L,170.0,SUI,28.8,207.0,352.0,219917.0,8.0,,Alycia Parks,R,185.0,USA,25.3,80.0,902.0,6-3 6-4,3,R16,99.0,0.0,3.0,66.0,42.0,24.0,17.0,10.0,5.0,7.0,4.0,4.0,66.0,32.0,23.0,11,9.0,5.0,9.0
2026-1005,Rabat,Clay,32,250,,20260518,21,214388.0,5.0,,Anna Bondar,R,,HUN,28.9,58.0,1023.0,215306.0,,,Emiliana Arango,R,,COL,25.4,98.0,813.0,7-6(6) 1-6 6-0,3,R16,132.0,5.0,1.0,104.0,69.0,46.0,14.0,12.0,10.0,13.0,1.0,3.0,79.0,58.0,42.0,5,13.0,2.0,6.0
2026-1005,Rabat,Clay,32,250,,20260518,22,211843.0,,,Anhelina Kalinina,R,179.0,UKR,29.2,84.0,873.0,263857.0,4.0,,Yuliia Starodubtseva,R,,UKR,26.2,54.0,1078.0,6-3 7-6(3),3,R16,132.0,0.0,4.0,81.0,58.0,27.0,13.0,11.0,7.0,13.0,0.0,2.0,79.0,57.0,24.0,9,10.0,8.0,15.0
2026-1005,Rabat,Clay,32,250,,20260518,23,215910.0,7.0,,Panna Udvardy,R,170.0,HUN,27.6,68.0,951.0,216367.0,,WC,Sada Nahimana,R,,BDI,25.0,231.0,309.0,6-4 6-1,3,R16,84.0,0.0,1.0,62.0,36.0,26.0,15.0,9.0,1.0,2.0,3.0,1.0,50.0,35.0,17.0,7,8.0,2.0,6.0
2026-1005,Rabat,Clay,32,250,,20260518,24,215785.0,,,Camila Osorio,R,162.0,COL,24.4,77.0,912.0,222145.0,1.0,,Janice Tjen,R,,INA,24.0,41.0,1292.0,6-3 3-6 6-0,3,R16,126.0,2.0,7.0,85.0,60.0,39.0,10.0,12.0,10.0,13.0,0.0,6.0,96.0,60.0,37.0,12,12.0,7.0,13.0
2026-1005,Rabat,Clay,32,250,,20260518,25,238075.0,6.0,,Petra Marcinko,U,,CRO,20.4,76.0,917.0,222601.0,2.0,,Jessica Bouzas Maneiro,R,,ESP,23.6,51.0,1200.0,6-3 6-4,3,QF,78.0,1.0,2.0,61.0,38.0,30.0,9.0,10.0,2.0,4.0,1.0,2.0,58.0,40.0,21.0,10,9.0,2.0,6.0
2026-1005,Rabat,Clay,32,250,,20260518,26,213525.0,,,Jil Teichmann,L,170.0,SUI,28.8,207.0,352.0,236956.0,,WC,Yasmine Kabbaj,U,,MAR,22.3,334.0,195.0,6-1 5-7 7-6(6),3,QF,187.0,0.0,5.0,97.0,68.0,40.0,17.0,15.0,5.0,11.0,0.0,3.0,117.0,83.0,37.0,19,16.0,10.0,18.0
2026-1005,Rabat,Clay,32,250,,20260518,27,211843.0,,,Anhelina Kalinina,R,179.0,UKR,29.2,84.0,873.0,214388.0,5.0,,Anna Bondar,R,,HUN,28.9,58.0,1023.0,6-4 7-5,3,QF,116.0,1.0,4.0,80.0,55.0,28.0,15.0,11.0,8.0,12.0,3.0,3.0,76.0,51.0,29.0,7,11.0,6.0,12.0
2026-1005,Rabat,Clay,32,250,,20260518,28,215910.0,7.0,,Panna Udvardy,R,170.0,HUN,27.6,68.0,951.0,215785.0,,,Camila Osorio,R,162.0,COL,24.4,77.0,912.0,7-5 6-3,3,QF,98.0,3.0,2.0,75.0,34.0,27.0,18.0,11.0,4.0,7.0,0.0,6.0,62.0,43.0,24.0,5,10.0,2.0,7.0
2026-1005,Rabat,Clay,32,250,,20260518,29,238075.0,6.0,,Petra Marcinko,U,,CRO,20.4,76.0,917.0,213525.0,,,Jil Teichmann,L,170.0,SUI,28.8,207.0,352.0,7-6(2) 6-3,3,SF,105.0,4.0,6.0,58.0,36.0,30.0,8.0,10.0,3.0,6.0,0.0,2.0,84.0,56.0,32.0,10,11.0,5.0,10.0
2026-1005,Rabat,Clay,32,250,,20260518,30,211843.0,,,Anhelina Kalinina,R,179.0,UKR,29.2,84.0,873.0,215910.0,7.0,,Panna Udvardy,R,170.0,HUN,27.6,68.0,951.0,6-0 6-3,3,SF,60.0,1.0,0.0,34.0,25.0,21.0,7.0,7.0,0.0,0.0,2.0,2.0,49.0,31.0,13.0,8,8.0,3.0,8.0
2026-1005,Rabat,Clay,32,250,,20260518,31,238075.0,6.0,,Petra Marcinko,U,,CRO,20.4,76.0,917.0,211843.0,,,Anhelina Kalinina,R,179.0,UKR,29.2,84.0,873.0,6-2 3-0 RET,3,F,46.0,1.0,2.0,38.0,25.0,17.0,7.0,6.0,3.0,4.0,1.0,1.0,29.0,21.0,8.0,3,5.0,3.0,7.0
2026-903,Roland Garros,Clay,128,G,,20260524,1,216146.0,15.0,,Marta Kostyuk,R,175.0,UKR,23.905,11.0,3925.0,221407.0,,,Oksana Selekhmeteva,L,175.0,RUS,23.36,97.0,786.0,6-2 6-3,3,R128,,1.0,5.0,55.0,27.0,16.0,17.0,6.0,4.0,7.0,0.0,12.0,60.0,37.0,17.0,8,2.0,7.0,13.0
2026-903,Roland Garros,Clay,128,G,,20260524,2,216083.0,,,Caty McNally,R,183.0,USA,24.507,73.0,954.0,201548.0,,,Ajla Tomljanovic,R,180.0,AUS,33.047,92.0,815.0,3-6 7-6(5) 6-3,3,R128,,2.0,5.0,78.0,53.0,31.0,9.0,7.0,4.0,11.0,1.0,10.0,113.0,62.0,37.0,20,8.0,11.0,19.0
2026-903,Roland Garros,Clay,128,G,,20260524,3,216133.0,32.0,,Xinyu Wang,R,182.0,CHN,24.658,42.0,1193.0,260172.0,,,Lilli Tagger,,,AUT,18.265,45.0,1160.0,6-3 3-6 6-4,3,R128,,1.0,5.0,87.0,46.0,31.0,14.0,8.0,5.0,11.0,3.0,6.0,83.0,49.0,31.0,14,7.0,3.0,10.0
2026-903,Roland Garros,Clay,128,G,,20260524,4,213631.0,27.0,,Marie Bouzkova,R,180.0,CZE,27.842,24.0,1829.0,214459.0,,,Lucia Bronzetti,R,,ITA,27.453,118.0,660.0,6-3 6-1,3,R128,,0.0,3.0,46.0,35.0,24.0,7.0,7.0,1.0,2.0,0.0,3.0,45.0,29.0,14.0,3,3.0,2.0,7.0
2026-903,Roland Garros,Clay,128,G,,20260524,5,202505.0,11.0,,Belinda Bencic,R,175.0,SUI,29.205,14.0,2845.0,221257.0,,,Sinja Kraus,R,180.0,AUT,24.069,80.0,907.0,6-2 6-3,3,R128,,1.0,5.0,54.0,32.0,25.0,11.0,8.0,4.0,5.0,0.0,5.0,69.0,41.0,24.0,12,4.0,4.0,8.0
2026-903,Roland Garros,Clay,128,G,,20260524,6,220465.0,,,Katie Volynets,R,163.0,USA,24.395,93.0,814.0,216262.0,,,Clara Burel,R,176.0,FRA,25.167,413.0,153.0,6-3 6-1,3,R128,,0.0,2.0,50.0,39.0,22.0,6.0,5.0,1.0,4.0,3.0,1.0,60.0,33.0,13.0,9,1.0,10.0,17.0
2026-903,Roland Garros,Clay,128,G,,20260524,7,263857.0,,,Yuliia Starodubtseva,R,,UKR,26.265,62.0,1008.0,215020.0,,,Anna Blinkova,R,179.0,RUS,27.702,104.0,749.0,6-3 6-1,3,R128,,1.0,1.0,62.0,35.0,20.0,16.0,6.0,7.0,9.0,1.0,4.0,60.0,31.0,16.0,10,2.0,4.0,10.0
2026-903,Roland Garros,Clay,128,G,,20260524,8,216016.0,,,Xiyu Wang,L,,CHN,25.156,94.0,808.0,203575.0,,,Danka Kovinic,R,169.0,MNE,31.513,906.0,30.0,6-3 6-1,3,R128,,0.0,2.0,52.0,36.0,21.0,10.0,6.0,1.0,3.0,2.0,2.0,53.0,35.0,16.0,4,2.0,2.0,8.0
2026-903,Roland Garros,Clay,128,G,,20260524,9,202663.0,,,Magda Linette,R,171.0,POL,34.279,65.0,1001.0,238184.0,,,Tereza Valentova,R,168.0,CZE,19.256,64.0,1003.0,5-7 6-4 7-6(9),3,R128,,1.0,2.0,132.0,88.0,54.0,20.0,10.0,9.0,16.0,3.0,2.0,104.0,71.0,38.0,16,10.0,4.0,11.0
2026-903,Roland Garros,Clay,128,G,,20260524,10,221024.0,26.0,,Hailey Baptiste,R,,USA,24.554,32.0,1372.0,206252.0,,,Barbora Krejcikova,R,178.0,CZE,30.432,25.0,1776.0,6-7(7) 7-6(6) 6-2,3,R128,,10.0,4.0,107.0,63.0,50.0,26.0,15.0,2.0,3.0,4.0,3.0,107.0,72.0,49.0,21,13.0,5.0,8.0
2026-903,Roland Garros,Clay,128,G,,20260524,11,211337.0,,,Tamara Korpatsch,R,170.0,GER,31.034,46.0,1134.0,204427.0,,,Sara Sorribes Tormo,R,176.0,ESP,29.624,214.0,357.0,6-4 6-2,3,R128,,0.0,1.0,62.0,45.0,27.0,10.0,7.0,7.0,9.0,0.0,2.0,48.0,36.0,18.0,5,4.0,3.0,8.0
2026-903,Roland Garros,Clay,128,G,,20260524,12,215936.0,,,Francesca Jones,R,,GBR,25.676,110.0,703.0,206242.0,,,Beatriz Haddad Maia,L,185.0,BRA,29.983,152.0,507.0,1-6 7-6(4) 6-2,3,R128,,3.0,8.0,105.0,76.0,44.0,9.0,6.0,7.0,15.0,1.0,11.0,92.0,54.0,31.0,12,6.0,6.0,13.0
2026-903,Roland Garros,Clay,128,G,,20260524,13,211684.0,,,Magdalena Frech,R,171.0,POL,28.439,48.0,1120.0,320408.0,,,Elena-Gabriela Ruse,,,ROU,,75.0,941.0,7-6(5) 2-1,3,R128,,0.0,0.0,51.0,29.0,19.0,10.0,4.0,4.0,7.0,2.0,1.0,63.0,36.0,18.0,13,4.0,1.0,5.0
2026-903,Roland Garros,Clay,128,G,,20260524,14,259799.0,8.0,,Mirra Andreeva,R,,RUS,19.07,5.0,5293.0,211539.0,,,Fiona Ferro,R,170.0,FRA,29.2,159.0,485.0,6-3 6-3,3,R128,,0.0,4.0,56.0,43.0,32.0,5.0,8.0,6.0,7.0,0.0,0.0,49.0,31.0,18.0,7,5.0,2.0,6.0
2026-903,Roland Garros,Clay,128,G,,20260524,15,221333.0,,,Solana Sierra,R,,ARG,21.933,86.0,867.0,221054.0,,,Emma Raducanu,R,175.0,GBR,23.527,49.0,1105.0,6-0 7-6(4),3,R128,,0.0,3.0,73.0,40.0,25.0,17.0,6.0,3.0,6.0,3.0,5.0,69.0,40.0,19.0,12,3.0,9.0,15.0
2026-903,Roland Garros,Clay,128,G,,20260524,16,220750.0,,,Daria Snigur,R,,UKR,24.159,43.0,1172.0,220704.0,21.0,,Clara Tauson,R,182.0,DEN,23.423,30.0,1564.0,3-6 7-5 6-2,3,R128,,3.0,5.0,100.0,84.0,50.0,9.0,10.0,7.0,11.0,6.0,4.0,103.0,84.0,49.0,7,9.0,11.0,17.0
2026-903,Roland Garros,Clay,128,G,,20260524,17,239383.0,,,Sara Bejlek,L,,CZE,20.31,38.0,1269.0,201585.0,,,Sloane Stephens,R,170.0,USA,33.178,307.0,225.0,6-3 6-2,3,R128,,1.0,2.0,65.0,43.0,31.0,13.0,9.0,4.0,4.0,0.0,4.0,55.0,34.0,16.0,12,5.0,2.0,5.0
2026-903,Roland Garros,Clay,128,G,,20260524,18,220548.0,,,Peyton Stearns,R,20011008.0,USA,24.625,58.0,1017.0,213550.0,,,Sofia Kenin,R,170.0,USA,27.524,116.0,684.0,6-3 6-3,3,R128,,6.0,2.0,56.0,27.0,19.0,17.0,8.0,2.0,3.0,1.0,4.0,56.0,40.0,24.0,7,5.0,5.0,9.0
2026-903,Roland Garros,Clay,128,G,,20260524,19,215453.0,,,Marina Bassols Ribera,R,165.0,ESP,26.445,130.0,579.0,215306.0,,,Emiliana Arango,R,,COL,25.484,95.0,808.0,6-3 6-4,3,R128,,0.0,6.0,69.0,52.0,33.0,8.0,8.0,5.0,7.0,0.0,1.0,60.0,40.0,23.0,9,5.0,4.0,8.0
2026-903,Roland Garros,Clay,128,G,,20260524,20,201514.0,18.0,,Sorana Cirstea,R,176.0,ROU,36.129,17.0,2502.0,334255.0,,,Ksenia Efremova,,,FRA,,590.0,81.0,6-3 6-1,3,R128,,2.0,2.0,44.0,26.0,24.0,6.0,7.0,1.0,2.0,0.0,4.0,60.0,36.0,19.0,8,3.0,6.0,11.0
2026-903,Roland Garros,Clay,128,G,,20260524,21,211148.0,13.0,,Jasmine Paolini,R,160.0,ITA,30.388,15.0,2783.0,215035.0,,,Dayana Yastremska,R,175.0,UKR,26.027,87.0,867.0,7-5 6-3,3,R128,,0.0,3.0,72.0,53.0,38.0,6.0,9.0,4.0,6.0,1.0,2.0,78.0,58.0,33.0,8,6.0,8.0,12.0
2026-903,Roland Garros,Clay,128,G,,20260524,22,213525.0,,,Jil Teichmann,L,170.0,SUI,28.86,163.0,466.0,214643.0,20.0,,Liudmila Samsonova,R,180.0,RUS,27.535,70.0,970.0,6-4 6-4,3,R128,,0.0,2.0,50.0,35.0,22.0,9.0,7.0,1.0,4.0,1.0,4.0,62.0,33.0,19.0,14,5.0,2.0,7.0
2026-903,Roland Garros,Clay,128,G,,20260524,23,214082.0,,,Daria Kasatkina,R,170.0,RUS,29.049,61.0,1009.0,220309.0,,,Zeynep Sonmez,R,,TUR,24.069,52.0,1074.0,6-4 6-4,3,R128,,1.0,10.0,78.0,55.0,34.0,6.0,6.0,7.0,11.0,0.0,2.0,61.0,34.0,18.0,9,4.0,3.0,9.0
2026-903,Roland Garros,Clay,128,G,,20260524,24,216081.0,,,Maja Chwalinska,L,,POL,24.619,21.0,1975.0,221012.0,,,Qinwen Zheng,R,,CHN,23.628,123.0,610.0,6-4 6-0,3,R128,,0.0,0.0,45.0,27.0,17.0,14.0,7.0,0.0,1.0,5.0,3.0,47.0,27.0,14.0,7,3.0,4.0,9.0
2026-903,Roland Garros,Clay,128,G,,20260524,25,214826.0,,,Susan Bandecchi,R,,SUI,27.899,164.0,464.0,213710.0,31.0,,Cristina Bucsa,R,,ESP,28.395,40.0,1244.0,6-4 2-6 6-4,3,R128,,4.0,3.0,97.0,75.0,40.0,12.0,9.0,8.0,13.0,2.0,7.0,93.0,56.0,36.0,17,9.0,1.0,6.0
2026-903,Roland Garros,Clay,128,G,,20260524,26,216347.0,3.0,,Iga Swiatek,R,176.0,POL,24.983,8.0,4539.0,263644.0,,,Emerson Jones,R,,AUS,17.881,139.0,557.0,6-1 6-2,3,R128,,1.0,1.0,41.0,29.0,21.0,8.0,6.0,2.0,4.0,0.0,2.0,42.0,21.0,9.0,4,1.0,4.0,10.0
2026-903,Roland Garros,Clay,128,G,,20260524,27,211814.0,,,Julia Grabher,R,170.0,AUT,29.895,109.0,708.0,211685.0,,,Rebecca Sramkova,R,,SVK,29.597,141.0,549.0,6-2 6-2,3,R128,,1.0,1.0,47.0,33.0,24.0,9.0,7.0,4.0,5.0,1.0,1.0,61.0,41.0,20.0,9,3.0,6.0,11.0
2026-903,Roland Garros,Clay,128,G,,20260524,28,220332.0,,,Eva Lys,R,165.0,GER,24.365,85.0,871.0,238075.0,,,Petra Marcinko,R,,CRO,20.471,53.0,1074.0,6-3 6-0,3,R128,,0.0,2.0,46.0,25.0,16.0,11.0,6.0,0.0,2.0,0.0,2.0,48.0,27.0,9.0,9,1.0,5.0,11.0
2026-903,Roland Garros,Clay,128,G,,20260524,29,210722.0,23.0,,Elise Mertens,R,179.0,BEL,30.519,23.0,1948.0,213583.0,,,Tatjana Maria,R,172.0,GER,38.796,79.0,913.0,7-5 6-0,3,R128,,3.0,2.0,55.0,39.0,28.0,6.0,6.0,5.0,8.0,2.0,2.0,54.0,35.0,15.0,6,2.0,3.0,10.0
2026-903,Roland Garros,Clay,128,G,,20260524,30,214981.0,2.0,,Elena Rybakina,R,184.0,KAZ,26.938,2.0,8056.0,220662.0,,,Veronika Erjavec,R,,SLO,26.402,100.0,775.0,6-2 6-2,3,R128,,2.0,1.0,56.0,25.0,21.0,16.0,8.0,4.0,4.0,0.0,1.0,53.0,23.0,12.0,16,4.0,1.0,5.0
2026-903,Roland Garros,Clay,128,G,,20260524,31,202494.0,7.0,,Elina Svitolina,R,174.0,UKR,31.699,10.0,4351.0,214388.0,,,Anna Bondar,R,,HUN,28.994,77.0,936.0,3-6 6-1 7-6(3),3,R128,,6.0,2.0,104.0,71.0,45.0,18.0,10.0,9.0,13.0,4.0,2.0,87.0,49.0,28.0,18,9.0,3.0,8.0
2026-903,Roland Garros,Clay,128,G,,20260524,32,215713.0,28.0,,Anastasia Potapova,R,175.0,RUS,25.153,27.0,1667.0,233741.0,,,Maya Joint,R,,AUS,20.107,76.0,936.0,6-1 6-2,3,R128,,1.0,5.0,52.0,23.0,16.0,13.0,5.0,3.0,5.0,0.0,4.0,46.0,29.0,10.0,4,1.0,3.0,10.0
2026-903,Roland Garros,Clay,128,G,,20260524,33,201709.0,,,Yulia Putintseva,R,163.0,KAZ,31.379,81.0,904.0,221883.0,,,Talia Gibson,R,,AUS,21.933,72.0,958.0,4-6 6-4 6-1,3,R128,,5.0,1.0,96.0,71.0,39.0,13.0,8.0,6.0,11.0,1.0,4.0,86.0,46.0,26.0,16,6.0,5.0,13.0
2026-903,Roland Garros,Clay,128,G,,20260524,34,269267.0,,,Kaitlin Quevedo,R,,USA,20.277,103.0,754.0,206417.0,,,Leolia Jeanjean,R,166.0,FRA,30.78,117.0,677.0,7-6(5) 7-6(2),3,R128,,6.0,2.0,76.0,46.0,35.0,16.0,10.0,1.0,3.0,3.0,5.0,79.0,54.0,38.0,10,10.0,0.0,2.0
2026-903,Roland Garros,Clay,128,G,,20260524,35,203530.0,,,Viktorija Golubic,R,169.0,SUI,33.605,51.0,1088.0,215910.0,,,Panna Udvardy,R,170.0,HUN,27.656,74.0,953.0,6-0 6-2,3,R128,,1.0,1.0,45.0,32.0,19.0,9.0,6.0,1.0,2.0,1.0,3.0,49.0,23.0,10.0,9,1.0,3.0,9.0
2026-903,Roland Garros,Clay,128,G,,20260524,36,216153.0,6.0,,Amanda Anisimova,R,180.0,USA,24.732,9.0,4353.0,330970.0,,,Tiantsoa Sarah Rakotomanga Rajaonah,,,FRA,,,,6-3 6-1,3,R128,,3.0,5.0,51.0,30.0,20.0,9.0,5.0,5.0,8.0,1.0,5.0,51.0,32.0,12.0,4,1.0,7.0,14.0
2026-903,Roland Garros,Clay,128,G,,20260524,37,215872.0,,,Kamilla Rakhimova,R,170.0,RUS,24.74,82.0,894.0,211713.0,,,Jaqueline Cristian,R,180.0,ROU,27.97,39.0,1256.0,6-3 4-6 6-4,3,R128,,0.0,10.0,111.0,65.0,40.0,18.0,9.0,10.0,16.0,7.0,7.0,95.0,58.0,35.0,12,7.0,3.0,10.0
2026-903,Roland Garros,Clay,128,G,,20260524,38,211533.0,29.0,,Jelena Ostapenko,R,177.0,LAT,28.962,29.0,1592.0,230870.0,,,Ella Seidel,R,,GER,21.274,102.0,767.0,6-4 6-4,3,R128,,4.0,7.0,70.0,33.0,26.0,18.0,8.0,2.0,4.0,2.0,5.0,71.0,42.0,30.0,9,6.0,3.0,7.0
2026-903,Roland Garros,Clay,128,G,,20260524,39,211107.0,,,Katie Boulter,R,180.0,GBR,29.813,69.0,987.0,259857.0,,,Akasha Urhobo,R,,USA,19.346,179.0,434.0,6-4 4-6 6-4,3,R128,,1.0,7.0,87.0,55.0,39.0,12.0,10.0,5.0,10.0,6.0,4.0,110.0,69.0,43.0,16,9.0,11.0,17.0
2026-903,Roland Garros,Clay,128,G,,20260524,40,215785.0,,,Camila Osorio,R,162.0,COL,24.422,56.0,1048.0,206420.0,14.0,,Ekaterina Alexandrova,R,175.0,RUS,31.524,19.0,2301.0,6-2 6-4,3,R128,,3.0,7.0,74.0,41.0,25.0,16.0,6.0,11.0,14.0,1.0,6.0,61.0,26.0,17.0,11,3.0,1.0,7.0
2026-903,Roland Garros,Clay,128,G,,20260524,41,220520.0,,,Mccartney Kessler,R,,USA,26.881,47.0,1125.0,215250.0,,,Hanyu Guo,R,,CHN,28.02,168.0,454.0,4-6 7-6(1) 7-5,3,R128,,1.0,3.0,119.0,71.0,46.0,22.0,11.0,15.0,21.0,0.0,8.0,121.0,81.0,45.0,18,11.0,15.0,21.0
2026-903,Roland Garros,Clay,128,G,,20260524,42,223670.0,25.0,,Diana Shnaider,L,,RUS,22.144,18.0,2458.0,213887.0,,,Renata Zarazua,R,,MEX,28.649,83.0,894.0,6-4 6-1,3,R128,,0.0,1.0,63.0,42.0,23.0,13.0,6.0,6.0,9.0,1.0,2.0,54.0,43.0,18.0,4,2.0,3.0,9.0
2026-903,Roland Garros,Clay,128,G,,20260524,43,219917.0,,,Alycia Parks,R,185.0,USA,25.397,68.0,989.0,220367.0,24.0,,Leylah Fernandez,L,168.0,CAN,23.716,34.0,1344.0,6-4 6-4,3,R128,,6.0,6.0,59.0,29.0,19.0,18.0,8.0,6.0,8.0,1.0,7.0,75.0,53.0,33.0,8,6.0,5.0,9.0
2026-903,Roland Garros,Clay,128,G,,20260524,44,214096.0,10.0,,Karolina Muchova,R,178.0,CZE,29.758,6.0,5168.0,220435.0,,,Anastasia Zakharova,R,170.0,RUS,24.348,101.0,768.0,7-5 6-2,3,R128,,2.0,7.0,56.0,34.0,26.0,9.0,8.0,3.0,5.0,0.0,6.0,61.0,39.0,22.0,8,5.0,5.0,10.0
2026-903,Roland Garros,Clay,128,G,,20260524,45,202499.0,,,Donna Vekic,R,179.0,CRO,29.909,35.0,1326.0,227490.0,,,Alice Tubello,,,FRA,,204.0,382.0,6-3 6-2,3,R128,,2.0,3.0,53.0,30.0,22.0,14.0,8.0,4.0,5.0,0.0,3.0,54.0,37.0,20.0,6,4.0,7.0,11.0
2026-903,Roland Garros,Clay,128,G,,20260524,46,215613.0,,,Emma Navarro,R,,USA,25.022,26.0,1674.0,222145.0,,,Janice Tjen,R,,INA,24.055,37.0,1282.0,6-4 6-3,3,R128,,5.0,3.0,75.0,43.0,28.0,17.0,8.0,6.0,8.0,4.0,4.0,62.0,38.0,22.0,11,5.0,5.0,9.0
2026-903,Roland Garros,Clay,128,G,,20260524,47,260300.0,17.0,,Iva Jovic,R,,USA,18.47,16.0,2636.0,223253.0,,,Alexandra Eala,L,173.0,PHI,21.008,28.0,1666.0,6-4 6-2,3,R128,,3.0,4.0,63.0,33.0,23.0,14.0,6.0,6.0,9.0,2.0,2.0,62.0,42.0,21.0,6,3.0,3.0,9.0
2026-903,Roland Garros,Clay,128,G,,20260524,48,214906.0,,,Claire Liu,R,170.0,USA,26.002,113.0,692.0,220416.0,,,Moyuka Uchijima,R,171.0,JPN,24.789,107.0,713.0,3-6 6-0 4-1,3,R128,,1.0,2.0,74.0,51.0,28.0,11.0,6.0,4.0,8.0,3.0,7.0,72.0,37.0,19.0,11,3.0,6.0,13.0
2026-903,Roland Garros,Clay,128,G,,20260524,49,214544.0,1.0,,Aryna Sabalenka,R,182.0,BLR,28.058,1.0,8550.0,222601.0,,,Jessica Bouzas Maneiro,R,,ESP,23.669,59.0,1014.0,6-4 6-2,3,R128,,0.0,0.0,52.0,34.0,23.0,8.0,6.0,2.0,5.0,1.0,5.0,60.0,31.0,19.0,10,3.0,3.0,9.0
2026-903,Roland Garros,Clay,128,G,,20260524,50,206289.0,,,Maria Sakkari,R,172.0,GRE,30.837,33.0,1355.0,222328.0,12.0,,Linda Noskova,R,,CZE,21.52,7.0,5016.0,7-5 7-6(3),3,R128,,7.0,3.0,81.0,48.0,35.0,18.0,9.0,6.0,9.0,5.0,9.0,78.0,45.0,31.0,12,8.0,4.0,8.0
2026-903,Roland Garros,Clay,128,G,,20260524,51,215983.0,30.0,,Ann Li,R,170.0,USA,25.914,31.0,1541.0,201533.0,,,Shuai Zhang,R,177.0,CHN,37.342,57.0,1020.0,6-4 6-2,3,R128,,3.0,0.0,45.0,32.0,24.0,9.0,8.0,0.0,1.0,1.0,3.0,67.0,50.0,28.0,7,5.0,5.0,9.0
2026-903,Roland Garros,Clay,128,G,,20260524,52,318711.0,,,Mayar Sherif Ahmed Abdelaziz,,,EGY,,,,213646.0,,,Dalma Galfi,R,178.0,HUN,27.784,156.0,500.0,7-5 6-4,3,R128,,2.0,2.0,65.0,51.0,36.0,10.0,10.0,3.0,4.0,6.0,3.0,82.0,52.0,31.0,15,8.0,6.0,9.0
2026-903,Roland Garros,Clay,128,G,,20260524,53,211768.0,16.0,,Naomi Osaka,R,180.0,JPN,28.608,13.0,3086.0,201696.0,,,Laura Siegemund,R,168.0,GER,38.227,88.0,852.0,6-3 7-6(3),3,R128,,4.0,2.0,73.0,40.0,30.0,19.0,10.0,4.0,5.0,0.0,4.0,77.0,50.0,32.0,12,8.0,5.0,7.0
2026-903,Roland Garros,Clay,128,G,,20260524,54,221103.0,4.0,,Coco Gauff,R,175.0,USA,22.202,4.0,5649.0,203501.0,,,Taylor Townsend,L,170.0,USA,30.109,105.0,748.0,6-4 6-0,3,R128,,1.0,5.0,62.0,38.0,25.0,12.0,6.0,7.0,9.0,1.0,2.0,49.0,25.0,10.0,10,2.0,6.0,12.0
2026-903,Roland Garros,Clay,128,G,,20260524,55,221039.0,,,Elsa Jacquemot,R,177.0,FRA,23.064,98.0,785.0,222258.0,,,Linda Fruhvirtova,R,,CZE,21.068,176.0,437.0,6-4 6-3,3,R128,,1.0,4.0,61.0,35.0,23.0,12.0,6.0,4.0,7.0,2.0,8.0,72.0,43.0,26.0,7,4.0,4.0,10.0
2026-903,Roland Garros,Clay,128,G,,20260524,56,222045.0,,,Antonia Ruzic,R,,CRO,23.346,55.0,1062.0,221909.0,,,Ashlyn Krueger,R,185.0,USA,22.051,67.0,997.0,3-6 6-2 6-2,3,R128,,0.0,3.0,93.0,59.0,38.0,18.0,10.0,6.0,9.0,3.0,7.0,83.0,52.0,34.0,11,7.0,9.0,14.0
2026-903,Roland Garros,Clay,128,G,,20260524,57,252499.0,,,Alina Korneeva,,,RUS,18.924,89.0,849.0,220714.0,,,Elisabetta Cocciaretto,R,,ITA,25.331,71.0,967.0,6-3 6-3,3,R128,,2.0,4.0,56.0,37.0,28.0,9.0,8.0,2.0,3.0,1.0,6.0,66.0,41.0,27.0,7,5.0,1.0,5.0
2026-903,Roland Garros,Clay,128,G,,20260524,58,220348.0,,,Diane Parry,R,170.0,FRA,23.732,60.0,1011.0,211843.0,,,Anhelina Kalinina,R,179.0,UKR,29.296,54.0,1072.0,0-6 6-2 6-4,3,R128,,2.0,4.0,90.0,50.0,34.0,15.0,7.0,5.0,10.0,0.0,3.0,76.0,40.0,26.0,16,7.0,6.0,11.0
2026-903,Roland Garros,Clay,128,G,,20260524,59,214939.0,22.0,,Anna Kalinskaya,R,175.0,RUS,27.48,20.0,2007.0,222391.0,,,Lois Boisson,R,,FRA,23.029,292.0,238.0,6-2 6-2,3,R128,,3.0,2.0,63.0,42.0,26.0,11.0,6.0,6.0,8.0,1.0,2.0,40.0,23.0,12.0,4,2.0,3.0,9.0
2026-903,Roland Garros,Clay,128,G,,20260524,60,211701.0,,,Katerina Siniakova,R,174.0,CZE,30.043,36.0,1285.0,215899.0,,,Simona Waltert,R,,SUI,25.449,90.0,846.0,6-4 7-6(4),3,R128,,2.0,9.0,99.0,55.0,41.0,19.0,9.0,10.0,12.0,3.0,4.0,74.0,40.0,25.0,19,8.0,2.0,5.0
2026-903,Roland Garros,Clay,128,G,,20260524,61,220716.0,,,Oleksandra Oliynykova,R,170.0,CRO,25.391,44.0,1171.0,239389.0,,,Elena Pridankina,R,,RUS,20.737,185.0,425.0,6-1 6-2,3,R128,,2.0,5.0,61.0,45.0,29.0,3.0,4.0,9.0,12.0,0.0,1.0,73.0,44.0,14.0,14,0.0,8.0,16.0
2026-903,Roland Garros,Clay,128,G,,20260524,62,201619.0,19.0,,Madison Keys,R,178.0,USA,31.27,22.0,1964.0,243420.0,,,Hanne Vandewinkel,,,BEL,22.013,91.0,833.0,6-3 6-0,3,R128,,1.0,1.0,55.0,40.0,31.0,8.0,8.0,7.0,7.0,1.0,2.0,47.0,33.0,17.0,4,3.0,3.0,7.0
2026-903,Roland Garros,Clay,128,G,,20260524,63,239475.0,9.0,,Victoria Mboko,R,,CAN,19.749,12.0,3520.0,223360.0,,,Nikola Bartunkova,R,,CZE,20.247,41.0,1231.0,6-1 6-2,3,R128,,3.0,2.0,47.0,28.0,18.0,11.0,6.0,1.0,2.0,0.0,4.0,52.0,25.0,9.0,12,2.0,4.0,10.0
2026-903,Roland Garros,Clay,128,G,,20260524,64,214040.0,,,Kimberly Birrell,R,170.0,AUS,28.074,66.0,999.0,202468.0,5.0,,Jessica Pegula,R,170.0,USA,32.25,3.0,6300.0,1-6 6-3 6-3,3,R128,,1.0,0.0,79.0,54.0,31.0,10.0,7.0,7.0,12.0,7.0,2.0,77.0,44.0,29.0,13,7.0,6.0,12.0
2026-903,Roland Garros,Clay,128,G,,20260524,65,202505.0,11.0,,Belinda Bencic,R,175.0,SUI,29.213,14.0,2845.0,216083.0,,,Caty McNally,R,183.0,USA,24.515,73.0,954.0,6-4 6-0,3,R64,,3.0,3.0,50.0,31.0,22.0,10.0,6.0,2.0,4.0,1.0,6.0,42.0,23.0,10.0,4,2.0,1.0,7.0
2026-903,Roland Garros,Clay,128,G,,20260524,66,211337.0,,,Tamara Korpatsch,R,170.0,GER,31.042,46.0,1134.0,216133.0,32.0,,Xinyu Wang,R,182.0,CHN,24.666,42.0,1193.0,6-2 2-6 6-3,3,R64,,1.0,3.0,106.0,67.0,42.0,18.0,9.0,11.0,15.0,2.0,0.0,80.0,50.0,25.0,17,7.0,3.0,8.0
2026-903,Roland Garros,Clay,128,G,,20260524,67,216347.0,3.0,,Iga Swiatek,R,176.0,POL,24.989,8.0,4539.0,239383.0,,,Sara Bejlek,L,,CZE,20.318,38.0,1269.0,6-2 6-3,3,R64,,0.0,6.0,63.0,38.0,27.0,7.0,5.0,1.0,5.0,0.0,4.0,50.0,33.0,14.0,5,1.0,4.0,11.0
2026-903,Roland Garros,Clay,128,G,,20260524,68,220548.0,,,Peyton Stearns,R,20011008.0,USA,24.633,58.0,1017.0,220750.0,,,Daria Snigur,R,,UKR,24.168,43.0,1172.0,6-4 6-0,3,R64,,5.0,1.0,68.0,47.0,30.0,10.0,6.0,3.0,5.0,0.0,5.0,46.0,26.0,15.0,5,2.0,5.0,11.0
2026-903,Roland Garros,Clay,128,G,,20260524,69,202663.0,,,Magda Linette,R,171.0,POL,34.287,65.0,1001.0,211533.0,29.0,,Jelena Ostapenko,R,177.0,LAT,28.967,29.0,1592.0,6-2 2-6 6-2,3,R64,,6.0,4.0,70.0,40.0,31.0,15.0,10.0,5.0,7.0,4.0,9.0,80.0,45.0,33.0,13,8.0,7.0,11.0
2026-903,Roland Garros,Clay,128,G,,20260524,70,203530.0,,,Viktorija Golubic,R,169.0,SUI,33.611,51.0,1088.0,219917.0,,,Alycia Parks,R,185.0,USA,25.402,68.0,989.0,6-2 6-2,3,R64,,0.0,3.0,39.0,22.0,18.0,7.0,6.0,0.0,2.0,4.0,11.0,51.0,23.0,15.0,7,2.0,6.0,12.0
2026-903,Roland Garros,Clay,128,G,,20260524,71,202494.0,7.0,,Elina Svitolina,R,174.0,UKR,31.705,10.0,4351.0,269267.0,,,Kaitlin Quevedo,R,,USA,20.282,103.0,754.0,6-0 6-4,3,R64,,4.0,3.0,61.0,38.0,27.0,11.0,7.0,3.0,4.0,0.0,1.0,54.0,31.0,17.0,10,3.0,2.0,7.0
2026-903,Roland Garros,Clay,128,G,,20260524,72,213631.0,27.0,,Marie Bouzkova,R,180.0,CZE,27.85,24.0,1829.0,215936.0,,,Francesca Jones,R,,GBR,25.684,110.0,703.0,6-0 7-6(3),3,R64,,1.0,5.0,60.0,36.0,26.0,11.0,6.0,2.0,5.0,1.0,3.0,56.0,34.0,19.0,5,3.0,4.0,10.0
2026-903,Roland Garros,Clay,128,G,,20260524,73,216146.0,15.0,,Marta Kostyuk,R,175.0,UKR,23.913,11.0,3925.0,220465.0,,,Katie Volynets,R,163.0,USA,24.403,93.0,814.0,6-7(4) 6-3 6-3,3,R64,,8.0,7.0,105.0,59.0,44.0,22.0,12.0,5.0,8.0,1.0,0.0,115.0,88.0,50.0,14,9.0,12.0,18.0
2026-903,Roland Garros,Clay,128,G,,20260524,74,263857.0,,,Yuliia Starodubtseva,R,,UKR,26.273,62.0,1008.0,214981.0,2.0,,Elena Rybakina,R,184.0,KAZ,26.944,2.0,8056.0,3-6 6-1 7-6(4),3,R64,,1.0,4.0,87.0,54.0,37.0,18.0,10.0,4.0,8.0,4.0,4.0,103.0,55.0,37.0,19,9.0,6.0,11.0
2026-903,Roland Garros,Clay,128,G,,20260524,75,213525.0,,,Jil Teichmann,L,170.0,SUI,28.866,163.0,466.0,211684.0,,,Magdalena Frech,R,171.0,POL,28.447,48.0,1120.0,7-5 6-4,3,R64,,2.0,7.0,75.0,44.0,28.0,16.0,8.0,5.0,8.0,1.0,2.0,68.0,44.0,25.0,12,6.0,6.0,11.0
2026-903,Roland Garros,Clay,128,G,,20260524,76,221333.0,,,Solana Sierra,R,,ARG,21.942,86.0,867.0,211148.0,13.0,,Jasmine Paolini,R,160.0,ITA,30.394,15.0,2783.0,3-6 6-4 6-3,3,R64,,3.0,5.0,88.0,53.0,38.0,17.0,11.0,7.0,10.0,0.0,2.0,96.0,64.0,38.0,17,10.0,5.0,9.0
2026-903,Roland Garros,Clay,128,G,,20260524,77,216016.0,,,Xiyu Wang,L,,CHN,25.164,94.0,808.0,221024.0,26.0,,Hailey Baptiste,R,,USA,24.562,32.0,1372.0,5-4,3,R64,,0.0,1.0,36.0,26.0,14.0,7.0,3.0,4.0,5.0,0.0,3.0,26.0,13.0,9.0,7,3.0,0.0,2.0
2026-903,Roland Garros,Clay,128,G,,20260524,78,201514.0,18.0,,Sorana Cirstea,R,176.0,ROU,36.138,17.0,2502.0,220332.0,,,Eva Lys,R,165.0,GER,24.37,85.0,871.0,6-3 6-0,3,R64,,4.0,1.0,43.0,29.0,20.0,6.0,5.0,1.0,3.0,0.0,2.0,49.0,33.0,10.0,6,1.0,3.0,10.0
2026-903,Roland Garros,Clay,128,G,,20260524,79,259799.0,8.0,,Mirra Andreeva,R,,RUS,19.078,5.0,5293.0,215453.0,,,Marina Bassols Ribera,R,165.0,ESP,26.454,130.0,579.0,3-6 6-1 6-1,3,R64,,2.0,4.0,81.0,39.0,29.0,21.0,9.0,4.0,6.0,0.0,3.0,66.0,51.0,28.0,7,6.0,4.0,10.0
2026-903,Roland Garros,Clay,128,G,,20260524,80,214096.0,10.0,,Karolina Muchova,R,178.0,CZE,29.764,6.0,5168.0,215872.0,,,Kamilla Rakhimova,R,170.0,RUS,24.745,82.0,894.0,6-2 6-2,3,R64,,5.0,2.0,58.0,40.0,28.0,8.0,6.0,2.0,4.0,0.0,3.0,51.0,35.0,17.0,3,2.0,2.0,8.0
2026-903,Roland Garros,Clay,128,G,,20260524,81,211768.0,16.0,,Naomi Osaka,R,180.0,JPN,28.614,13.0,3086.0,202499.0,,,Donna Vekic,R,179.0,CRO,29.914,35.0,1326.0,7-6(1) 6-4,3,R64,,5.0,3.0,78.0,48.0,34.0,11.0,8.0,7.0,10.0,2.0,5.0,76.0,39.0,23.0,17,7.0,7.0,11.0
2026-903,Roland Garros,Clay,128,G,,20260524,82,260300.0,17.0,,Iva Jovic,R,,USA,18.475,16.0,2636.0,215613.0,,,Emma Navarro,R,,USA,25.027,26.0,1674.0,6-0 6-3,3,R64,,1.0,3.0,44.0,25.0,19.0,11.0,7.0,1.0,2.0,4.0,3.0,57.0,28.0,17.0,8,2.0,7.0,12.0
2026-903,Roland Garros,Clay,128,G,,20260524,83,220716.0,,,Oleksandra Oliynykova,R,170.0,CRO,25.397,44.0,1171.0,214040.0,,,Kimberly Birrell,R,170.0,AUS,28.08,66.0,999.0,6-3 0-6 7-6(5),3,R64,,2.0,3.0,89.0,63.0,39.0,14.0,9.0,2.0,7.0,1.0,11.0,87.0,55.0,39.0,13,10.0,2.0,5.0
2026-903,Roland Garros,Clay,128,G,,20260524,84,223670.0,25.0,,Diana Shnaider,L,,RUS,22.152,18.0,2458.0,220520.0,,,Mccartney Kessler,R,,USA,26.889,47.0,1125.0,7-6(3) 6-1,3,R64,,2.0,1.0,62.0,43.0,23.0,11.0,6.0,3.0,6.0,0.0,2.0,74.0,48.0,22.0,11,4.0,4.0,10.0
2026-903,Roland Garros,Clay,128,G,,20260524,85,216081.0,,,Maja Chwalinska,L,,POL,24.627,21.0,1975.0,210722.0,23.0,,Elise Mertens,R,179.0,BEL,30.528,23.0,1948.0,6-4 6-0,3,R64,,0.0,2.0,58.0,47.0,30.0,5.0,6.0,4.0,6.0,3.0,5.0,63.0,45.0,24.0,4,2.0,3.0,9.0
2026-903,Roland Garros,Clay,128,G,,20260524,86,215785.0,,,Camila Osorio,R,162.0,COL,24.43,56.0,1048.0,201709.0,,,Yulia Putintseva,R,163.0,KAZ,31.387,81.0,904.0,7-5 6-7(6) 7-5,3,R64,,1.0,10.0,149.0,104.0,66.0,20.0,14.0,16.0,20.0,0.0,7.0,127.0,95.0,60.0,14,12.0,10.0,16.0
2026-903,Roland Garros,Clay,128,G,,20260524,87,214939.0,22.0,,Anna Kalinskaya,R,175.0,RUS,27.486,20.0,2007.0,252499.0,,,Alina Korneeva,,,RUS,18.93,89.0,849.0,7-6(2) 6-4,3,R64,,1.0,8.0,69.0,38.0,24.0,14.0,6.0,1.0,6.0,0.0,4.0,69.0,45.0,20.0,11,5.0,1.0,7.0
2026-903,Roland Garros,Clay,128,G,,20260524,88,206289.0,,,Maria Sakkari,R,172.0,GRE,30.843,33.0,1355.0,214906.0,,,Claire Liu,R,170.0,USA,26.007,113.0,692.0,6-7(7) 6-3 6-3,3,R64,,6.0,4.0,95.0,67.0,49.0,17.0,13.0,6.0,8.0,0.0,2.0,97.0,72.0,45.0,13,10.0,3.0,8.0
2026-903,Roland Garros,Clay,128,G,,20260524,89,214082.0,,,Daria Kasatkina,R,170.0,RUS,29.057,61.0,1009.0,214826.0,,,Susan Bandecchi,R,,SUI,27.907,164.0,464.0,7-5 7-6(11),3,R64,,3.0,5.0,82.0,68.0,44.0,4.0,8.0,4.0,8.0,1.0,2.0,88.0,64.0,36.0,10,7.0,5.0,10.0
2026-903,Roland Garros,Clay,128,G,,20260524,90,220348.0,,,Diane Parry,R,170.0,FRA,23.738,60.0,1011.0,215983.0,30.0,,Ann Li,R,170.0,USA,25.92,31.0,1541.0,6-3 6-4,3,R64,,2.0,1.0,60.0,35.0,30.0,11.0,9.0,4.0,5.0,4.0,3.0,67.0,45.0,29.0,9,6.0,8.0,11.0
2026-903,Roland Garros,Clay,128,G,,20260524,91,216153.0,6.0,,Amanda Anisimova,R,180.0,USA,24.74,9.0,4353.0,211814.0,,,Julia Grabher,R,170.0,AUT,29.903,109.0,708.0,6-0,3,R64,,1.0,0.0,14.0,10.0,10.0,2.0,3.0,0.0,0.0,0.0,1.0,16.0,8.0,3.0,1,0.0,1.0,4.0
2026-903,Roland Garros,Clay,128,G,,20260524,92,221103.0,4.0,,Coco Gauff,R,175.0,USA,22.207,4.0,5649.0,318711.0,,,Mayar Sherif Ahmed Abdelaziz,,,EGY,,,,6-3 6-2,3,R64,,2.0,3.0,54.0,36.0,25.0,5.0,5.0,5.0,9.0,0.0,2.0,68.0,57.0,20.0,7,1.0,9.0,16.0
2026-903,Roland Garros,Clay,128,G,,20260524,93,201619.0,19.0,,Madison Keys,R,178.0,USA,31.275,22.0,1964.0,222045.0,,,Antonia Ruzic,R,,CRO,23.352,55.0,1062.0,6-4 6-4,3,R64,,0.0,2.0,64.0,49.0,32.0,8.0,8.0,4.0,6.0,1.0,1.0,74.0,63.0,31.0,8,6.0,5.0,9.0
2026-903,Roland Garros,Clay,128,G,,20260524,94,214544.0,1.0,,Aryna Sabalenka,R,182.0,BLR,28.064,1.0,8550.0,221039.0,,,Elsa Jacquemot,R,177.0,FRA,23.07,98.0,785.0,7-5 6-2,3,R64,,2.0,0.0,62.0,34.0,23.0,15.0,8.0,5.0,7.0,3.0,3.0,67.0,43.0,25.0,7,5.0,5.0,10.0
2026-903,Roland Garros,Clay,128,G,,20260524,95,215713.0,28.0,,Anastasia Potapova,R,175.0,RUS,25.161,27.0,1667.0,211107.0,,,Katie Boulter,R,180.0,GBR,29.821,69.0,987.0,5-7 6-4 6-2,3,R64,,5.0,4.0,92.0,51.0,35.0,17.0,10.0,5.0,10.0,1.0,10.0,84.0,45.0,29.0,14,8.0,5.0,12.0
2026-903,Roland Garros,Clay,128,G,,20260524,96,239475.0,9.0,,Victoria Mboko,R,,CAN,19.754,12.0,3520.0,211701.0,,,Katerina Siniakova,R,174.0,CZE,30.049,36.0,1285.0,5-7 6-4 6-2,3,R64,,3.0,6.0,105.0,68.0,37.0,18.0,9.0,4.0,10.0,3.0,5.0,114.0,69.0,33.0,24,7.0,6.0,14.0
2026-903,Roland Garros,Clay,128,G,,20260524,97,216146.0,15.0,,Marta Kostyuk,R,175.0,UKR,23.918,11.0,3925.0,203530.0,,,Viktorija Golubic,R,169.0,SUI,33.616,51.0,1088.0,6-4 6-3,3,R32,,4.0,5.0,65.0,35.0,24.0,16.0,8.0,1.0,3.0,0.0,3.0,67.0,49.0,28.0,8,5.0,6.0,10.0
2026-903,Roland Garros,Clay,128,G,,20260524,98,216016.0,,,Xiyu Wang,L,,CHN,25.17,94.0,808.0,263857.0,,,Yuliia Starodubtseva,R,,UKR,26.278,62.0,1008.0,6-3 7-5,3,R32,,3.0,0.0,69.0,50.0,29.0,11.0,7.0,9.0,13.0,0.0,2.0,53.0,14.0,36.0,-35.9%,4.0,2.0,8.0
2026-903,Roland Garros,Clay,128,G,,20260524,99,216347.0,3.0,,Iga Swiatek,R,176.0,POL,24.994,8.0,4539.0,202663.0,,,Magda Linette,R,171.0,POL,34.292,65.0,1001.0,6-4 6-4,3,R32,,1.0,2.0,52.0,31.0,20.0,13.0,7.0,1.0,4.0,3.0,1.0,57.0,33.0,21.0,7,5.0,2.0,7.0
2026-903,Roland Garros,Clay,128,G,,20260524,100,259799.0,8.0,,Mirra Andreeva,R,,RUS,19.083,5.0,5293.0,213631.0,27.0,,Marie Bouzkova,R,180.0,CZE,27.855,24.0,1829.0,6-4 6-2,3,R32,,1.0,2.0,56.0,36.0,27.0,12.0,9.0,2.0,2.0,0.0,2.0,61.0,44.0,26.0,8,6.0,5.0,8.0
2026-903,Roland Garros,Clay,128,G,,20260524,101,213525.0,,,Jil Teichmann,L,170.0,SUI,28.871,163.0,466.0,214096.0,10.0,,Karolina Muchova,R,178.0,CZE,29.769,6.0,5168.0,6-1 7-5,3,R32,,1.0,2.0,67.0,48.0,32.0,10.0,8.0,7.0,9.0,2.0,1.0,70.0,44.0,23.0,11,4.0,7.0,12.0
2026-903,Roland Garros,Clay,128,G,,20260524,102,201514.0,18.0,,Sorana Cirstea,R,176.0,ROU,36.143,17.0,2502.0,221333.0,,,Solana Sierra,R,,ARG,21.947,86.0,867.0,6-0 6-0,3,R32,,3.0,1.0,30.0,22.0,18.0,6.0,6.0,0.0,0.0,0.0,5.0,50.0,32.0,13.0,6,0.0,13.0,19.0
2026-903,Roland Garros,Clay,128,G,,20260524,103,202494.0,7.0,,Elina Svitolina,R,174.0,UKR,31.71,10.0,4351.0,211337.0,,,Tamara Korpatsch,R,170.0,GER,31.048,46.0,1134.0,6-2 6-3,3,R32,,0.0,1.0,61.0,41.0,25.0,10.0,6.0,7.0,9.0,1.0,5.0,69.0,36.0,18.0,11,3.0,8.0,14.0
2026-903,Roland Garros,Clay,128,G,,20260524,104,202505.0,11.0,,Belinda Bencic,R,175.0,SUI,29.219,14.0,2845.0,220548.0,,,Peyton Stearns,R,20011008.0,USA,24.638,58.0,1017.0,6-3 6-3,3,R32,,1.0,3.0,47.0,27.0,21.0,13.0,8.0,2.0,3.0,2.0,3.0,59.0,34.0,22.0,10,5.0,4.0,8.0
2026-903,Roland Garros,Clay,128,G,,20260524,105,211768.0,16.0,,Naomi Osaka,R,180.0,JPN,28.619,13.0,3086.0,260300.0,17.0,,Iva Jovic,R,,USA,18.481,16.0,2636.0,7-6(5) 6-7(3) 6-4,3,R32,,12.0,2.0,110.0,70.0,55.0,20.0,15.0,1.0,3.0,4.0,4.0,114.0,68.0,52.0,23,14.0,3.0,6.0
2026-903,Roland Garros,Clay,128,G,,20260524,106,216081.0,,,Maja Chwalinska,L,,POL,24.633,21.0,1975.0,206289.0,,,Maria Sakkari,R,172.0,GRE,30.848,33.0,1355.0,1-6 6-3 6-2,3,R32,,3.0,1.0,69.0,47.0,31.0,13.0,9.0,6.0,9.0,3.0,4.0,71.0,46.0,30.0,12,8.0,5.0,9.0
2026-903,Roland Garros,Clay,128,G,,20260524,107,223670.0,25.0,,Diana Shnaider,L,,RUS,22.158,18.0,2458.0,220716.0,,,Oleksandra Oliynykova,R,170.0,CRO,25.402,44.0,1171.0,7-5 6-1,3,R32,,0.0,3.0,68.0,41.0,24.0,14.0,7.0,3.0,6.0,1.0,2.0,67.0,44.0,18.0,12,3.0,6.0,12.0
2026-903,Roland Garros,Clay,128,G,,20260524,108,220348.0,,,Diane Parry,R,170.0,FRA,23.743,60.0,1011.0,216153.0,6.0,,Amanda Anisimova,R,180.0,USA,24.745,9.0,4353.0,6-3 4-6 7-6(3),3,R32,,10.0,4.0,116.0,70.0,46.0,23.0,12.0,8.0,12.0,3.0,6.0,91.0,65.0,41.0,13,11.0,5.0,9.0
2026-903,Roland Garros,Clay,128,G,,20260524,109,214544.0,1.0,,Aryna Sabalenka,R,182.0,BLR,28.069,1.0,8550.0,214082.0,,,Daria Kasatkina,R,170.0,RUS,29.063,61.0,1009.0,6-0 7-5,3,R32,,1.0,2.0,56.0,40.0,29.0,8.0,8.0,1.0,2.0,1.0,4.0,63.0,47.0,26.0,6,4.0,5.0,10.0
2026-903,Roland Garros,Clay,128,G,,20260524,110,214939.0,22.0,,Anna Kalinskaya,R,175.0,RUS,27.491,20.0,2007.0,215785.0,,,Camila Osorio,R,162.0,COL,24.436,56.0,1048.0,6-3 0-6 6-2,3,R32,,1.0,5.0,83.0,54.0,32.0,12.0,7.0,4.0,8.0,1.0,4.0,85.0,55.0,31.0,17,7.0,6.0,11.0
2026-903,Roland Garros,Clay,128,G,,20260524,111,215713.0,28.0,,Anastasia Potapova,R,175.0,RUS,25.167,27.0,1667.0,221103.0,4.0,,Coco Gauff,R,175.0,USA,22.213,4.0,5649.0,4-6 7-6(1) 6-4,3,R32,,1.0,8.0,115.0,58.0,37.0,22.0,9.0,7.0,14.0,1.0,3.0,94.0,63.0,35.0,11,9.0,6.0,13.0
2026-903,Roland Garros,Clay,128,G,,20260524,112,201619.0,19.0,,Madison Keys,R,178.0,USA,31.281,22.0,1964.0,239475.0,9.0,,Victoria Mboko,R,,CAN,19.759,12.0,3520.0,6-3 5-7 7-5,3,R32,,0.0,6.0,114.0,72.0,42.0,24.0,12.0,9.0,13.0,3.0,4.0,107.0,69.0,47.0,13,11.0,7.0,13.0
2026-903,Roland Garros,Clay,128,G,,20260524,113,201514.0,18.0,,Sorana Cirstea,R,176.0,ROU,36.149,17.0,2502.0,216016.0,,,Xiyu Wang,L,,CHN,25.175,94.0,808.0,6-3 7-6(4),3,R16,,1.0,0.0,74.0,47.0,30.0,12.0,7.0,6.0,10.0,0.0,1.0,72.0,58.0,33.0,4,5.0,6.0,11.0
2026-903,Roland Garros,Clay,128,G,,20260524,114,216146.0,15.0,,Marta Kostyuk,R,175.0,UKR,23.924,11.0,3925.0,216347.0,3.0,,Iga Swiatek,R,176.0,POL,25.0,8.0,4539.0,7-5 6-1,3,R16,,5.0,4.0,78.0,51.0,33.0,12.0,7.0,6.0,9.0,0.0,5.0,58.0,38.0,17.0,7,3.0,3.0,9.0
2026-903,Roland Garros,Clay,128,G,,20260524,115,202494.0,7.0,,Elina Svitolina,R,174.0,UKR,31.716,10.0,4351.0,202505.0,11.0,,Belinda Bencic,R,175.0,SUI,29.224,14.0,2845.0,4-6 6-4 6-0,3,R16,,3.0,1.0,76.0,51.0,35.0,13.0,10.0,4.0,7.0,2.0,4.0,85.0,53.0,31.0,12,7.0,7.0,13.0
2026-903,Roland Garros,Clay,128,G,,20260524,116,259799.0,8.0,,Mirra Andreeva,R,,RUS,19.089,5.0,5293.0,213525.0,,,Jil Teichmann,L,170.0,SUI,28.877,163.0,466.0,6-3 6-2,3,R16,,1.0,2.0,50.0,34.0,21.0,10.0,6.0,2.0,4.0,1.0,2.0,60.0,42.0,19.0,6,3.0,5.0,11.0
2026-903,Roland Garros,Clay,128,G,,20260524,117,214939.0,22.0,,Anna Kalinskaya,R,175.0,RUS,27.497,20.0,2007.0,215713.0,28.0,,Anastasia Potapova,R,175.0,RUS,25.172,27.0,1667.0,6-4 2-6 7-6(7),3,R16,,0.0,4.0,122.0,85.0,44.0,13.0,6.0,5.0,14.0,1.0,8.0,107.0,53.0,25.0,22,7.0,4.0,12.0
2026-903,Roland Garros,Clay,128,G,,20260524,118,223670.0,25.0,,Diana Shnaider,L,,RUS,22.163,18.0,2458.0,201619.0,19.0,,Madison Keys,R,178.0,USA,31.286,22.0,1964.0,6-3 3-6 6-0,3,R16,,1.0,1.0,75.0,55.0,33.0,13.0,9.0,7.0,10.0,2.0,4.0,72.0,42.0,25.0,14,6.0,1.0,7.0
2026-903,Roland Garros,Clay,128,G,,20260524,119,216081.0,,,Maja Chwalinska,L,,POL,24.638,21.0,1975.0,220348.0,,,Diane Parry,R,170.0,FRA,23.749,60.0,1011.0,6-3 6-2,3,R16,,0.0,0.0,56.0,42.0,32.0,8.0,9.0,1.0,1.0,1.0,0.0,58.0,40.0,22.0,9,5.0,3.0,6.0
2026-903,Roland Garros,Clay,128,G,,20260524,120,214544.0,1.0,,Aryna Sabalenka,R,182.0,BLR,28.074,1.0,8550.0,211768.0,16.0,,Naomi Osaka,R,180.0,JPN,28.625,13.0,3086.0,7-5 6-3,3,R16,,12.0,3.0,55.0,35.0,29.0,11.0,9.0,0.0,1.0,2.0,4.0,75.0,40.0,26.0,14,7.0,1.0,5.0
2026-903,Roland Garros,Clay,128,G,,20260524,121,259799.0,8.0,,Mirra Andreeva,R,,RUS,19.094,5.0,5293.0,201514.0,18.0,,Sorana Cirstea,R,176.0,ROU,36.154,17.0,2502.0,6-0 6-3,3,QF,,3.0,1.0,40.0,31.0,23.0,5.0,6.0,1.0,2.0,0.0,1.0,43.0,27.0,13.0,2,2.0,0.0,6.0
2026-903,Roland Garros,Clay,128,G,,20260524,122,216146.0,15.0,,Marta Kostyuk,R,175.0,UKR,23.929,11.0,3925.0,202494.0,7.0,,Elina Svitolina,R,174.0,UKR,31.721,10.0,4351.0,6-3 2-6 6-2,3,QF,,4.0,3.0,88.0,57.0,40.0,10.0,8.0,3.0,8.0,0.0,3.0,71.0,40.0,24.0,13,6.0,5.0,11.0
2026-903,Roland Garros,Clay,128,G,,20260524,123,216081.0,,,Maja Chwalinska,L,,POL,24.644,21.0,1975.0,214939.0,22.0,,Anna Kalinskaya,R,175.0,RUS,27.502,20.0,2007.0,7-6(3) 6-3,3,QF,,0.0,1.0,76.0,61.0,31.0,8.0,5.0,6.0,11.0,1.0,6.0,75.0,51.0,26.0,6,4.0,1.0,8.0
2026-903,Roland Garros,Clay,128,G,,20260524,124,223670.0,25.0,,Diana Shnaider,L,,RUS,22.169,18.0,2458.0,214544.0,1.0,,Aryna Sabalenka,R,182.0,BLR,28.08,1.0,8550.0,3-6 7-5 6-0,3,QF,,1.0,1.0,75.0,56.0,31.0,13.0,9.0,1.0,5.0,2.0,3.0,112.0,81.0,46.0,11,7.0,13.0,20.0
2026-903,Roland Garros,Clay,128,G,,20260524,125,259799.0,8.0,,Mirra Andreeva,R,,RUS,19.1,5.0,5293.0,216146.0,15.0,,Marta Kostyuk,R,175.0,UKR,23.935,11.0,3925.0,6-1 6-3,3,SF,,2.0,3.0,52.0,38.0,25.0,8.0,7.0,4.0,5.0,1.0,4.0,65.0,33.0,19.0,11,3.0,8.0,13.0
2026-903,Roland Garros,Clay,128,G,,20260524,126,216081.0,,,Maja Chwalinska,L,,POL,24.647,21.0,1975.0,223670.0,25.0,,Diana Shnaider,L,,RUS,22.172,18.0,2458.0,7-6(4) 6-4,3,SF,,0.0,4.0,79.0,55.0,36.0,14.0,9.0,3.0,5.0,0.0,2.0,73.0,55.0,31.0,10,8.0,2.0,5.0
2026-903,Roland Garros,Clay,128,G,,20260524,127,259799.0,8.0,,Mirra Andreeva,R,,RUS,19.105,5.0,5293.0,216081.0,,,Maja Chwalinska,L,,POL,24.652,21.0,1975.0,6-3 6-2,3,F,,1.0,2.0,49.0,38.0,22.0,6.0,5.0,5.0,8.0,0.0,2.0,54.0,37.0,17.0,3,2.0,5.0,12.0
2026-1111,Queen's Club,Grass,28,500,,20260608,1,320319.0,,,Jaqueline Cristian,R,182.0,ROU,2808.0,40.0,1324.0,328120.0,,,Qinwen Zheng,R,178.0,CHN,23.666,160.0,466.0,6-4 7-6(4),3,R32,94.0,4.0,0.0,63.0,44.0,37.0,15.0,11.0,1.0,1.0,9.0,2.0,58.0,28.0,24.0,20,11.0,1.0,2.0
2026-1111,Queen's Club,Grass,28,500,,20260608,2,319125.0,,WC,Katie Boulter,R,182.0,GBR,29.851,56.0,1076.0,326735.0,8.0,,Leylah Fernandez,L,168.0,CAN,23.754,22.0,1844.0,3-6 7-6(4) 7-5,3,R32,165.0,3.0,9.0,101.0,58.0,48.0,20.0,16.0,5.0,8.0,2.0,4.0,100.0,61.0,46.0,21,17.0,3.0,6.0
2026-1111,Queen's Club,Grass,28,500,,20260608,3,313974.0,,,Karolina Pliskova,R,186.0,CZE,34.215,87.0,838.0,326678.0,,,McCartney Kessler,R,175.0,USA,26.919,44.0,1261.0,6-7(1) 6-3 6-4,3,R32,128.0,3.0,11.0,96.0,61.0,38.0,13.0,16.0,6.0,12.0,5.0,7.0,106.0,61.0,30.0,22,15.0,3.0,11.0
2026-1111,Queen's Club,Grass,28,500,,20260608,4,320983.0,,,Marie Bouzkova,R,180.0,CZE,27.882,27.0,1659.0,328897.0,,Q,Polina Kudermetova,R,,UZB,2312.0,115.0,678.0,6-0 6-3,3,R32,69.0,1.0,0.0,40.0,26.0,20.0,9.0,7.0,2.0,2.0,3.0,8.0,58.0,35.0,20.0,7,8.0,5.0,10.0
2026-1111,Queen's Club,Grass,28,500,,20260608,5,318516.0,,LL,Donna Vekic,R,179.0,CRO,29.944,33.0,1431.0,333132.0,,WC,Mika Stojsavljevic,R,185.0,GBR,17.478,263.0,270.0,6-2 6-3,3,R32,90.0,2.0,3.0,59.0,30.0,20.0,15.0,9.0,1.0,3.0,2.0,4.0,57.0,34.0,18.0,8,8.0,5.0,10.0
2026-1111,Queen's Club,Grass,28,500,,20260608,6,312469.0,7.0,,Sorana Cirstea,R,176.0,ROU,36.17,18.0,2415.0,321179.0,,Q,Maddison Inglis,R,171.0,AUS,28.397,148.0,516.0,6-4 5-7 6-2,3,R32,146.0,5.0,4.0,107.0,63.0,44.0,18.0,15.0,7.0,11.0,1.0,3.0,97.0,58.0,36.0,18,15.0,10.0,16.0
2026-1111,Queen's Club,Grass,28,500,,20260608,7,328366.0,,,Emma Raducanu,R,175.0,GBR,23.567,31.0,1458.0,324267.0,,Q,Anna Blinkova,R,179.0,RUS,27.743,106.0,728.0,6-0 6-3,3,R32,60.0,2.0,3.0,40.0,25.0,18.0,9.0,8.0,0.0,2.0,2.0,1.0,40.0,27.0,8.0,6,7.0,2.0,8.0
2026-1111,Queen's Club,Grass,28,500,,20260608,8,319489.0,,WC,Harriet Dart,R,175.0,GBR,29.862,152.0,512.0,322222.0,,,Liudmila Samsonova,R,180.0,RUS,27.573,37.0,1405.0,5-7 6-4 6-3,3,R32,165.0,4.0,6.0,96.0,57.0,41.0,18.0,15.0,4.0,8.0,2.0,7.0,120.0,75.0,47.0,20,16.0,16.0,22.0
2026-1111,Queen's Club,Grass,28,500,,20260608,9,332285.0,6.0,,Iva Jovic,R,170.0,USA,18.505,17.0,2436.0,329505.0,,Q,Antonia Ruzic,R,166.0,CRO,23.381,57.0,1071.0,6-3 6-4,3,R32,83.0,1.0,6.0,55.0,30.0,21.0,11.0,10.0,1.0,4.0,1.0,1.0,49.0,37.0,20.0,5,9.0,2.0,7.0
2026-1111,Queen's Club,Grass,28,500,,20260608,10,330332.0,,,Alexandra Eala,L,175.0,PHI,2143.0,35.0,1422.0,311779.0,,Q,Shuai Zhang,R,177.0,CHN,37.377,67.0,1015.0,6-3 6-2,3,R32,69.0,3.0,1.0,62.0,39.0,28.0,12.0,9.0,5.0,7.0,2.0,1.0,54.0,42.0,21.0,4,8.0,7.0,12.0
2026-1111,Queen's Club,Grass,28,500,,20260608,11,310926.0,,,Laura Siegemund,R,168.0,GER,38.261,42.0,1289.0,324479.0,,WC,Francesca Jones,R,173.0,GBR,25.717,99.0,776.0,6-2 6-3,3,R32,88.0,4.0,2.0,47.0,34.0,28.0,8.0,9.0,0.0,0.0,0.0,4.0,62.0,32.0,24.0,10,8.0,7.0,10.0
2026-1111,Queen's Club,Grass,28,500,,20260608,12,324166.0,1.0,,Elena Rybakina,R,184.0,KAZ,26.976,2.0,8143.0,310440.0,,Q,Tatjana Maria,R,172.0,GER,38.834,117.0,671.0,6-7(4) 7-5 6-0,3,R16,130.0,8.0,4.0,93.0,57.0,43.0,20.0,15.0,2.0,3.0,5.0,4.0,99.0,59.0,39.0,20,15.0,8.0,13.0
2026-1111,Queen's Club,Grass,28,500,,20260608,13,319125.0,,WC,Katie Boulter,R,182.0,GBR,29.851,56.0,1076.0,320319.0,,,Jaqueline Cristian,R,182.0,ROU,2808.0,40.0,1324.0,6-1 6-3,3,R16,67.0,2.0,5.0,45.0,29.0,23.0,7.0,8.0,0.0,1.0,4.0,2.0,45.0,27.0,14.0,6,8.0,0.0,5.0
2026-1111,Queen's Club,Grass,28,500,,20260608,14,313974.0,,,Karolina Pliskova,R,186.0,CZE,34.215,87.0,838.0,331006.0,3.0,,Victoria Mboko,R,180.0,CAN,19.784,9.0,3670.0,6-2 3-4 RET,3,R16,68.0,5.0,3.0,60.0,41.0,32.0,8.0,8.0,5.0,5.0,4.0,4.0,46.0,31.0,23.0,6,8.0,2.0,4.0
2026-1111,Queen's Club,Grass,28,500,,20260608,15,318516.0,,LL,Donna Vekic,R,179.0,CRO,29.944,33.0,1431.0,320983.0,,,Marie Bouzkova,R,180.0,CZE,27.882,27.0,1659.0,7-6(9) 6-3,3,R16,125.0,5.0,2.0,74.0,41.0,32.0,14.0,10.0,8.0,9.0,1.0,3.0,86.0,66.0,41.0,7,11.0,5.0,8.0
2026-1111,Queen's Club,Grass,28,500,,20260608,16,328366.0,,,Emma Raducanu,R,175.0,GBR,23.567,31.0,1458.0,312469.0,7.0,,Sorana Cirstea,R,176.0,ROU,36.17,18.0,2415.0,6-4 6-2,3,R16,87.0,3.0,1.0,61.0,41.0,30.0,9.0,9.0,3.0,4.0,2.0,2.0,54.0,31.0,13.0,14,9.0,1.0,5.0
2026-1111,Queen's Club,Grass,28,500,,20260608,17,325936.0,,LL,Kamilla Rakhimova,R,170.0,UZB,24.778,65.0,1023.0,319489.0,,WC,Harriet Dart,R,175.0,GBR,29.862,152.0,512.0,5-7 6-1 7-5,3,R16,171.0,1.0,5.0,111.0,61.0,38.0,23.0,16.0,1.0,7.0,5.0,8.0,92.0,54.0,31.0,14,15.0,7.0,15.0
2026-1111,Queen's Club,Grass,28,500,,20260608,18,332285.0,6.0,,Iva Jovic,R,170.0,USA,18.505,17.0,2436.0,330332.0,,,Alexandra Eala,L,175.0,PHI,2143.0,35.0,1422.0,6-2 6-2,3,R16,76.0,4.0,4.0,48.0,26.0,21.0,12.0,8.0,1.0,2.0,1.0,1.0,50.0,33.0,17.0,5,8.0,2.0,7.0
2026-1111,Queen's Club,Grass,28,500,,20260608,19,326384.0,2.0,,Amanda Anisimova,R,180.0,USA,24.769,6.0,5631.0,310926.0,,,Laura Siegemund,R,168.0,GER,38.261,42.0,1289.0,6-1 6-3,3,R16,65.0,2.0,0.0,42.0,31.0,27.0,6.0,8.0,1.0,1.0,0.0,1.0,50.0,45.0,24.0,1,8.0,3.0,7.0
2026-1111,Queen's Club,Grass,28,500,,20260608,20,319125.0,,WC,Katie Boulter,R,182.0,GBR,29.851,56.0,1076.0,324166.0,1.0,,Elena Rybakina,R,184.0,KAZ,26.976,2.0,8143.0,7-5 2-6 6-4,3,QF,159.0,2.0,9.0,131.0,80.0,58.0,21.0,15.0,11.0,13.0,9.0,6.0,98.0,51.0,39.0,26,15.0,5.0,7.0
2026-1111,Queen's Club,Grass,28,500,,20260608,21,318516.0,,LL,Donna Vekic,R,179.0,CRO,29.944,33.0,1431.0,313974.0,,,Karolina Pliskova,R,186.0,CZE,34.215,87.0,838.0,6-4 4-6 6-3,3,QF,124.0,4.0,3.0,89.0,51.0,38.0,21.0,15.0,1.0,4.0,8.0,5.0,93.0,68.0,45.0,9,14.0,6.0,10.0
2026-1111,Queen's Club,Grass,28,500,,20260608,22,328366.0,,,Emma Raducanu,R,175.0,GBR,23.567,31.0,1458.0,325936.0,,LL,Kamilla Rakhimova,R,170.0,UZB,24.778,65.0,1023.0,6-3 7-5,3,QF,114.0,2.0,5.0,64.0,43.0,34.0,7.0,11.0,5.0,8.0,0.0,5.0,58.0,30.0,19.0,11,10.0,2.0,7.0
2026-1111,Queen's Club,Grass,28,500,,20260608,23,332285.0,6.0,,Iva Jovic,R,170.0,USA,18.505,17.0,2436.0,326384.0,2.0,,Amanda Anisimova,R,180.0,USA,24.769,6.0,5631.0,6-2 3-6 6-3,3,QF,138.0,0.0,5.0,84.0,57.0,39.0,9.0,13.0,3.0,7.0,5.0,12.0,111.0,73.0,44.0,13,13.0,11.0,17.0
2026-1111,Queen's Club,Grass,28,500,,20260608,24,318516.0,,LL,Donna Vekic,R,179.0,CRO,29.944,33.0,1431.0,319125.0,,WC,Katie Boulter,R,182.0,GBR,29.851,56.0,1076.0,6-1 6-3,3,SF,66.0,2.0,1.0,39.0,25.0,23.0,10.0,8.0,0.0,0.0,1.0,7.0,53.0,35.0,25.0,3,8.0,4.0,8.0
2026-1111,Queen's Club,Grass,28,500,,20260608,25,328366.0,,,Emma Raducanu,R,175.0,GBR,23.567,31.0,1458.0,332285.0,6.0,,Iva Jovic,R,170.0,USA,18.505,17.0,2436.0,6-2 6-2,3,SF,91.0,0.0,2.0,54.0,36.0,26.0,7.0,8.0,4.0,5.0,0.0,1.0,48.0,28.0,16.0,6,8.0,3.0,8.0
2026-1111,Queen's Club,Grass,28,500,,20260608,26,318516.0,,LL,Donna Vekic,R,179.0,CRO,29.944,33.0,1431.0,328366.0,,,Emma Raducanu,R,175.0,GBR,23.567,31.0,1458.0,6-0 7-6(6),3,F,108.0,3.0,2.0,64.0,41.0,33.0,8.0,9.0,2.0,4.0,1.0,2.0,69.0,46.0,24.0,11,9.0,6.0,11.0
2026-822,'s-Hertogenbosch,Grass,32,250,,20260608,1,325956.0,,,Panna Udvardy,,,HUN,,68.0,1015.0,319007.0,1.0,,Ekaterina Alexandrova,R,175.0,RUS,31.562,19.0,2411.0,6-4 7-6(5),3,R32,98.0,5.0,7.0,76.0,38.0,27.0,18.0,11.0,4.0,6.0,5.0,6.0,74.0,50.0,34.0,10,11.0,3.0,6.0
2026-822,'s-Hertogenbosch,Grass,32,250,,20260608,2,327845.0,,,Daria Snigur,,173.0,UKR,,75.0,928.0,320124.0,,WC,Paula Badosa,R,180.0,ESP,28.561,142.0,546.0,6-1 7-6(2),3,R32,83.0,0.0,5.0,70.0,53.0,37.0,5.0,9.0,3.0,5.0,2.0,3.0,53.0,24.0,13.0,13,10.0,2.0,7.0
2026-822,'s-Hertogenbosch,Grass,32,250,,20260608,3,329408.0,,Q,Robin Montgomery,,178.0,USA,21.755,484.0,116.0,322082.0,,,Daria Kasatkina,R,170.0,AUS,2987.0,69.0,1009.0,5-7 6-0 6-4,3,R32,115.0,5.0,5.0,83.0,49.0,33.0,15.0,14.0,5.0,10.0,2.0,11.0,91.0,57.0,35.0,8,14.0,3.0,11.0
2026-822,'s-Hertogenbosch,Grass,32,250,,20260608,4,321454.0,,,Greet Minnen,,175.0,BEL,28.816,197.0,379.0,,7.0,,Janice Tjen,,,INA,,43.0,1267.0,7-6(4) 6-1,3,R32,107.0,2.0,1.0,67.0,47.0,34.0,13.0,10.0,4.0,4.0,1.0,1.0,74.0,42.0,26.0,16,9.0,8.0,10.0
2026-822,'s-Hertogenbosch,Grass,32,250,,20260608,5,325725.0,,,Caty McNally,R,181.0,USA,24.548,54.0,1095.0,325410.0,4.0,,Emma Navarro,,170.0,USA,,25.0,1681.0,4-6 6-0 6-4,3,R32,126.0,0.0,5.0,79.0,59.0,36.0,6.0,13.0,5.0,11.0,2.0,2.0,88.0,53.0,26.0,14,13.0,9.0,18.0
2026-822,'s-Hertogenbosch,Grass,32,250,,20260608,6,329081.0,,,Solana Sierra,R,172.0,ARG,21.974,58.0,1067.0,328884.0,,,Lois Boisson,R,175.0,FRA,2364.0,154.0,495.0,6-4 5-7 6-3,3,R32,123.0,6.0,11.0,106.0,70.0,47.0,17.0,15.0,12.0,15.0,6.0,7.0,92.0,59.0,45.0,9,16.0,7.0,12.0
2026-822,'s-Hertogenbosch,Grass,32,250,,20260608,7,315232.0,,,Ajla Tomljanovic,,180.0,AUS,3387.0,96.0,797.0,,,,Jessica Bouzas Maneiro,,,ESP,,55.0,1080.0,6-3 6-1,3,R32,69.0,0.0,3.0,50.0,37.0,24.0,8.0,8.0,4.0,5.0,0.0,3.0,60.0,40.0,22.0,5,8.0,5.0,10.0
2026-822,'s-Hertogenbosch,Grass,32,250,,20260608,8,324261.0,,,Dayana Yastremska,,175.0,UKR,2664.0,50.0,1126.0,,6.0,,Sara Bejlek,,,CZE,,47.0,1179.0,6-1 6-2,3,R32,78.0,1.0,4.0,61.0,40.0,26.0,12.0,8.0,5.0,6.0,0.0,1.0,47.0,37.0,18.0,3,7.0,5.0,10.0
2026-822,'s-Hertogenbosch,Grass,32,250,,20260608,9,318314.0,8.0,,Barbora Krejcikova,R,178.0,CZE,30.472,39.0,1373.0,320716.0,,,Renata Zarazua,R,160.0,MEX,28.687,77.0,925.0,6-1 6-2,3,R32,77.0,5.0,2.0,46.0,33.0,28.0,6.0,8.0,0.0,1.0,1.0,1.0,53.0,37.0,18.0,5,7.0,9.0,14.0
2026-822,'s-Hertogenbosch,Grass,32,250,,20260608,10,331102.0,,Q,Hanne Vandewinkel,,178.0,BEL,,98.0,784.0,330364.0,,,Nikola Bartunkova,,,CZE,,62.0,1041.0,4-6 7-6(5) 7-5,3,R32,172.0,3.0,6.0,129.0,88.0,58.0,19.0,17.0,10.0,14.0,5.0,8.0,104.0,46.0,35.0,30,17.0,7.0,11.0
2026-822,'s-Hertogenbosch,Grass,32,250,,20260608,11,,,,Elena-Gabriela Ruse,,,ROU,,105.0,731.0,319571.0,,,Tamara Korpatsch,,,GER,,78.0,919.0,6-4 7-6(5),3,R32,123.0,3.0,9.0,76.0,45.0,35.0,12.0,11.0,2.0,4.0,0.0,3.0,93.0,54.0,34.0,17,11.0,4.0,7.0
2026-822,'s-Hertogenbosch,Grass,32,250,,20260608,12,,3.0,,Elise Mertens,,,BEL,,24.0,1698.0,,,WC,Bianca Andreescu,,,CAN,,178.0,426.0,6-1 6-2,3,R32,65.0,1.0,3.0,40.0,22.0,20.0,12.0,8.0,0.0,0.0,0.0,2.0,44.0,23.0,14.0,8,7.0,3.0,7.0
2026-822,'s-Hertogenbosch,Grass,32,250,,20260608,13,,5.0,,Anastasia Potapova,,,AUT,,26.0,1669.0,324898.0,,WC,Suzan Lamens,,168.0,NED,,134.0,572.0,6-7(5) 6-4 6-4,3,R32,143.0,3.0,4.0,111.0,60.0,41.0,27.0,16.0,4.0,6.0,3.0,3.0,109.0,65.0,49.0,21,16.0,10.0,14.0
2026-822,'s-Hertogenbosch,Grass,32,250,,20260608,14,326907.0,,,Zeynep Sonmez,R,170.0,TUR,24.107,61.0,1042.0,327391.0,,Q,Katie Volynets,R,170.0,USA,,102.0,765.0,6-3 2-6 6-3,3,R32,113.0,0.0,4.0,81.0,51.0,35.0,13.0,13.0,5.0,9.0,3.0,3.0,75.0,48.0,29.0,13,13.0,3.0,8.0
2026-822,'s-Hertogenbosch,Grass,32,250,,20260608,15,315130.0,,,Magda Linette,R,171.0,POL,34.319,48.0,1139.0,,,,Kimberly Birrell,,,AUS,,73.0,939.0,2-6 6-1 6-2,3,R32,96.0,14.0,1.0,65.0,38.0,30.0,15.0,12.0,2.0,4.0,4.0,5.0,74.0,56.0,35.0,6,11.0,8.0,12.0
2026-822,'s-Hertogenbosch,Grass,32,250,,20260608,16,,,WC,Mia Pohankova,,,SVK,,253.0,283.0,,2.0,,Clara Tauson,,,DEN,,23.0,1800.0,6-4 6-4,3,R32,89.0,11.0,3.0,72.0,43.0,30.0,15.0,10.0,5.0,7.0,1.0,5.0,59.0,36.0,23.0,9,10.0,1.0,5.0
2026-822,'s-Hertogenbosch,Grass,32,250,,20260608,17,327845.0,,,Daria Snigur,,173.0,UKR,,75.0,928.0,325956.0,,,Panna Udvardy,,,HUN,,68.0,1015.0,6-4 3-6 6-4,3,R16,121.0,1.0,2.0,88.0,71.0,45.0,7.0,14.0,7.0,11.0,11.0,5.0,104.0,59.0,42.0,16,15.0,4.0,9.0
2026-822,'s-Hertogenbosch,Grass,32,250,,20260608,18,329408.0,,Q,Robin Montgomery,,178.0,USA,21.755,484.0,116.0,321454.0,,,Greet Minnen,,175.0,BEL,28.816,197.0,379.0,6-4 7-6(4),3,R16,89.0,6.0,2.0,65.0,46.0,34.0,7.0,11.0,2.0,5.0,2.0,4.0,66.0,42.0,27.0,10,11.0,0.0,4.0
2026-822,'s-Hertogenbosch,Grass,32,250,,20260608,19,325725.0,,,Caty McNally,R,181.0,USA,24.548,54.0,1095.0,329081.0,,,Solana Sierra,R,172.0,ARG,21.974,58.0,1067.0,6-4 6-3,3,R16,95.0,1.0,2.0,62.0,47.0,29.0,11.0,10.0,2.0,4.0,2.0,4.0,72.0,41.0,23.0,14,9.0,9.0,13.0
2026-822,'s-Hertogenbosch,Grass,32,250,,20260608,20,315232.0,,,Ajla Tomljanovic,,180.0,AUS,3387.0,96.0,797.0,324261.0,,,Dayana Yastremska,,175.0,UKR,2664.0,50.0,1126.0,4-6 6-4 7-5,3,R16,158.0,2.0,7.0,118.0,78.0,51.0,18.0,16.0,10.0,14.0,5.0,6.0,108.0,61.0,37.0,20,16.0,3.0,8.0
2026-822,'s-Hertogenbosch,Grass,32,250,,20260608,21,318314.0,8.0,,Barbora Krejcikova,R,178.0,CZE,30.472,39.0,1373.0,331102.0,,Q,Hanne Vandewinkel,,178.0,BEL,,98.0,784.0,6-1 6-4,3,R16,79.0,5.0,2.0,52.0,36.0,32.0,6.0,9.0,1.0,1.0,2.0,5.0,67.0,43.0,25.0,12,8.0,8.0,11.0
2026-822,'s-Hertogenbosch,Grass,32,250,,20260608,22,,,,Elena-Gabriela Ruse,,,ROU,,105.0,731.0,,3.0,,Elise Mertens,,,BEL,,24.0,1698.0,6-3 6-3,3,R16,90.0,4.0,5.0,60.0,34.0,26.0,16.0,9.0,8.0,9.0,2.0,2.0,60.0,34.0,19.0,13,9.0,4.0,8.0
2026-822,'s-Hertogenbosch,Grass,32,250,,20260608,23,326907.0,,,Zeynep Sonmez,R,170.0,TUR,24.107,61.0,1042.0,,5.0,,Anastasia Potapova,,,AUT,,26.0,1669.0,6-1 2-0 RET,3,R16,38.0,1.0,0.0,18.0,8.0,6.0,10.0,4.0,0.0,0.0,0.0,2.0,32.0,17.0,8.0,5,5.0,2.0,6.0
2026-822,'s-Hertogenbosch,Grass,32,250,,20260608,24,315130.0,,,Magda Linette,R,171.0,POL,34.319,48.0,1139.0,,,WC,Mia Pohankova,,,SVK,,253.0,283.0,6-2 6-2,3,R16,81.0,1.0,0.0,53.0,28.0,16.0,17.0,8.0,2.0,3.0,4.0,4.0,62.0,24.0,12.0,17,8.0,6.0,11.0
2026-822,'s-Hertogenbosch,Grass,32,250,,20260608,25,329408.0,,Q,Robin Montgomery,,178.0,USA,21.755,484.0,116.0,327845.0,,,Daria Snigur,,173.0,UKR,,75.0,928.0,6-4 6-4,3,QF,76.0,14.0,3.0,58.0,37.0,29.0,11.0,10.0,2.0,3.0,1.0,3.0,68.0,48.0,29.0,9,10.0,5.0,8.0
2026-822,'s-Hertogenbosch,Grass,32,250,,20260608,26,315232.0,,,Ajla Tomljanovic,,180.0,AUS,3387.0,96.0,797.0,325725.0,,,Caty McNally,R,181.0,USA,24.548,54.0,1095.0,6-4 6-4,3,QF,102.0,2.0,2.0,60.0,42.0,27.0,11.0,10.0,2.0,4.0,5.0,1.0,80.0,60.0,32.0,9,10.0,7.0,11.0
2026-822,'s-Hertogenbosch,Grass,32,250,,20260608,27,318314.0,8.0,,Barbora Krejcikova,R,178.0,CZE,30.472,39.0,1373.0,,,,Elena-Gabriela Ruse,,,ROU,,105.0,731.0,6-1 6-2,3,QF,61.0,6.0,3.0,42.0,29.0,22.0,6.0,8.0,0.0,1.0,1.0,3.0,45.0,33.0,17.0,2,7.0,4.0,9.0
2026-822,'s-Hertogenbosch,Grass,32,250,,20260608,28,315130.0,,,Magda Linette,R,171.0,POL,34.319,48.0,1139.0,326907.0,,,Zeynep Sonmez,R,170.0,TUR,24.107,61.0,1042.0,6-4 6-2,3,QF,71.0,9.0,0.0,53.0,37.0,29.0,7.0,9.0,0.0,1.0,0.0,1.0,52.0,39.0,23.0,6,9.0,2.0,6.0
2026-822,'s-Hertogenbosch,Grass,32,250,,20260608,29,329408.0,,Q,Robin Montgomery,,178.0,USA,21.755,484.0,116.0,315232.0,,,Ajla Tomljanovic,,180.0,AUS,33.087,96.0,797.0,6-4 6-2,3,SF,68.0,11.0,2.0,52.0,33.0,28.0,10.0,9.0,1.0,1.0,1.0,2.0,49.0,35.0,21.0,7,9.0,1.0,4.0
2026-822,'s-Hertogenbosch,Grass,32,250,,20260608,30,318314.0,8.0,,Barbora Krejcikova,R,178.0,CZE,30.472,39.0,1373.0,315130.0,,,Magda Linette,R,171.0,POL,34.319,48.0,1139.0,6-3 7-6(4),3,SF,124.0,4.0,4.0,76.0,42.0,34.0,15.0,11.0,5.0,7.0,1.0,4.0,84.0,49.0,30.0,15,10.0,10.0,13.0
2026-822,'s-Hertogenbosch,Grass,32,250,,20260608,31,329408.0,,Q,Robin Montgomery,,178.0,USA,21.755,484.0,116.0,318314.0,8.0,,Barbora Krejcikova,R,178.0,CZE,30.472,39.0,1373.0,W/O,3,F,0.0,,,,,,,,,,,,,,,,,,
2026-1080,Nottingham,Grass,32,250,,20260615,1,213583.0,,,Tatjana Maria,R,172.0,GER,38.853,117.0,671.0,222145.0,9.0,,Janice Tjen,R,,INA,24.11,40.0,1267.0,6-3 6-2,3,R32,62.0,10.0,0.0,54.0,41.0,32.0,8.0,9.0,4.0,4.0,0.0,1.0,44.0,31.0,,,,,
2026-1080,Nottingham,Grass,32,250,,20260615,2,213631.0,4.0,,Marie Bouzkova,R,180.0,CZE,27.901,27.0,1659.0,238184.0,,,Tereza Valentova,R,168.0,CZE,19.316,63.0,1040.0,6-3 6-3,3,R32,98.0,0.0,0.0,52.0,39.0,26.0,9.0,9.0,0.0,1.0,0.0,3.0,64.0,35.0,,,,,
2026-1080,Nottingham,Grass,32,250,,20260615,3,221012.0,,,Qinwen Zheng,R,,CHN,23.685,160.0,466.0,206289.0,6.0,,Maria Sakkari,R,172.0,GRE,30.891,41.0,1299.0,4-6 7-6(1) 6-4,3,R32,162.0,10.0,3.0,90.0,53.0,42.0,25.0,16.0,1.0,2.0,6.0,3.0,110.0,66.0,,,,,
2026-1080,Nottingham,Grass,32,250,,20260615,4,215613.0,3.0,,Emma Navarro,R,,USA,25.076,25.0,1681.0,214388.0,,Ll,Anna Bondar,R,,HUN,29.051,74.0,936.0,7-6(6) 3-6 2-6,3,R32,137.0,4.0,2.0,80.0,53.0,43.0,18.0,15.0,1.0,2.0,8.0,6.0,105.0,72.0,,,,,
2026-1080,Nottingham,Grass,32,250,,20260615,5,263857.0,,,Yuliia Starodubtseva,R,,UKR,26.324,59.0,1063.0,233741.0,,,Maya Joint,R,,AUS,20.164,53.0,1096.0,7-6(8) 5-7 4-6,3,R32,201.0,0.0,2.0,118.0,69.0,41.0,28.0,17.0,3.0,8.0,6.0,2.0,112.0,80.0,,,,,
2026-1080,Nottingham,Grass,32,250,,20260615,6,221883.0,,,Talia Gibson,R,,AUS,21.99,66.0,1023.0,215936.0,,Wc,Francesca Jones,R,,GBR,25.736,99.0,776.0,6-3 5-7 7-6(4),3,R32,191.0,11.0,7.0,103.0,64.0,47.0,18.0,17.0,5.0,10.0,15.0,4.0,134.0,101.0,,,,,
2026-1080,Nottingham,Grass,32,250,,20260615,7,222601.0,,,Jessica Bouzas Maneiro,R,,ESP,23.723,55.0,1080.0,221124.0,,Q,Himeno Sakatsume,R,,JPN,24.865,125.0,612.0,5-7 2-6,3,R32,87.0,3.0,0.0,50.0,36.0,25.0,10.0,10.0,1.0,3.0,1.0,1.0,72.0,51.0,,,,,
2026-1080,Nottingham,Grass,32,250,,20260615,8,223194.0,,Ll,Taylah Preston,R,,AUS,20.632,124.0,624.0,215020.0,,Q,Anna Blinkova,R,179.0,RUS,27.762,106.0,728.0,6-4 3-6 3-6,3,R32,128.0,2.0,4.0,92.0,56.0,32.0,19.0,14.0,7.0,12.0,1.0,3.0,87.0,57.0,,,,,
2026-1080,Nottingham,Grass,32,250,,20260615,9,215983.0,5.0,,Ann Li,R,170.0,USA,25.969,29.0,1601.0,214040.0,,Ll,Kimberly Birrell,R,170.0,AUS,28.129,73.0,939.0,4-6 7-6(3) 6-4,3,R32,139.0,14.0,4.0,100.0,67.0,50.0,11.0,16.0,3.0,6.0,3.0,4.0,98.0,65.0,,,,,
2026-1080,Nottingham,Grass,32,250,,20260615,10,220465.0,,Q,Katie Volynets,R,163.0,USA,24.454,102.0,765.0,220520.0,8.0,,Mccartney Kessler,R,,USA,26.938,44.0,1261.0,3-6 3-6,3,R32,86.0,2.0,1.0,67.0,50.0,35.0,10.0,9.0,3.0,3.0,1.0,2.0,53.0,36.0,,,,,
2026-1080,Nottingham,Grass,32,250,,20260615,11,220309.0,,Q,Zeynep Sonmez,R,,TUR,24.126,61.0,1042.0,220367.0,2.0,,Leylah Fernandez,L,168.0,CAN,23.773,22.0,1844.0,6-4 7-6(1),3,R32,111.0,3.0,0.0,63.0,40.0,27.0,15.0,11.0,3.0,5.0,7.0,4.0,87.0,61.0,,,,,
2026-1080,Nottingham,Grass,32,250,,20260615,12,215035.0,,,Dayana Yastremska,R,175.0,UKR,26.084,50.0,1126.0,,,Ll,Alicia Dudeney,,,GBR,,248.0,286.0,4-6 6-7(2),3,R32,97.0,2.0,1.0,63.0,42.0,34.0,11.0,11.0,2.0,4.0,2.0,6.0,82.0,51.0,,,,,
2026-1080,Nottingham,Grass,32,250,,20260615,13,216083.0,,SE,Caty McNally,R,183.0,USA,24.567,54.0,1095.0,222045.0,,Q,Antonia Ruzic,R,,CRO,23.4,57.0,1071.0,6-3 6-0,3,R32,72.0,6.0,3.0,49.0,33.0,24.0,6.0,7.0,3.0,4.0,0.0,1.0,48.0,36.0,,,,,
2026-1080,Nottingham,Grass,32,250,,20260615,14,263872.0,,Ll,Hannah Klugman,R,,GBR,17.32,509.0,107.0,211279.0,,Wc,Harriet Dart,R,175.0,GBR,29.881,152.0,512.0,2-6 4-6,3,R32,80.0,6.0,0.0,47.0,34.0,25.0,9.0,9.0,2.0,3.0,3.0,3.0,61.0,34.0,,,,,
2026-1080,Nottingham,Grass,32,250,,20260615,15,203530.0,,Q,Viktorija Golubic,R,169.0,SUI,33.662,76.0,927.0,213550.0,,Ll,Sofia Kenin,R,170.0,USA,27.584,104.0,747.0,6-2 4-6 6-3,3,R32,107.0,6.0,3.0,90.0,55.0,39.0,12.0,14.0,3.0,5.0,2.0,4.0,79.0,60.0,,,,,
2026-1080,Nottingham,Grass,32,250,,20260615,16,201662.0,,,Karolina Pliskova,R,184.0,CZE,34.234,87.0,838.0,239383.0,11.0,,Sara Bejlek,L,,CZE,20.37,47.0,1179.0,6-2 6-7(3) 2-6,3,R32,141.0,3.0,6.0,94.0,61.0,40.0,15.0,14.0,5.0,10.0,4.0,8.0,94.0,48.0,,,,,
2026-1080,Nottingham,Grass,32,250,,20260615,17,215613.0,3.0,,Emma Navarro,R,,USA,25.076,25.0,1681.0,263857.0,,,Yuliia Starodubtseva,R,,UKR,26.324,59.0,1063.0,4-6 7-6(3) 4-6,3,R16,179.0,9.0,3.0,114.0,71.0,46.0,16.0,16.0,6.0,12.0,2.0,2.0,109.0,65.0,,,,,
2026-1080,Nottingham,Grass,32,250,,20260615,18,222601.0,,,Jessica Bouzas Maneiro,R,,ESP,23.723,55.0,1080.0,220465.0,,Q,Katie Volynets,R,163.0,USA,24.454,102.0,765.0,5-7 0-1 RET,3,R16,68.0,0.0,0.0,43.0,27.0,15.0,10.0,6.0,4.0,6.0,1.0,1.0,41.0,29.0,,,,,
2026-1080,Nottingham,Grass,32,250,,20260615,19,213583.0,,,Tatjana Maria,R,172.0,GER,38.853,117.0,671.0,215035.0,,,Dayana Yastremska,R,175.0,UKR,26.084,50.0,1126.0,1-6 2-6,3,R16,56.0,4.0,2.0,37.0,20.0,16.0,10.0,7.0,0.0,1.0,0.0,4.0,48.0,29.0,,,,,
2026-1080,Nottingham,Grass,32,250,,20260615,20,221883.0,,,Talia Gibson,R,,AUS,21.99,66.0,1023.0,221012.0,,,Qinwen Zheng,R,,CHN,23.685,160.0,466.0,6-3 7-6(10),3,R16,117.0,4.0,5.0,78.0,56.0,40.0,12.0,11.0,2.0,4.0,13.0,6.0,69.0,32.0,,,,,
2026-1080,Nottingham,Grass,32,250,,20260615,21,203530.0,,Q,Viktorija Golubic,R,169.0,SUI,33.662,76.0,927.0,220309.0,,Q,Zeynep Sonmez,R,,TUR,24.126,61.0,1042.0,7-5 4-6 6-4,3,R16,164.0,3.0,1.0,118.0,81.0,46.0,21.0,16.0,16.0,22.0,3.0,3.0,115.0,82.0,,,,,
2026-1080,Nottingham,Grass,32,250,,20260615,22,201662.0,,,Karolina Pliskova,R,184.0,CZE,34.234,87.0,838.0,216083.0,,SE,Caty McNally,R,183.0,USA,24.567,54.0,1095.0,6-4 7-6(3),3,R16,125.0,3.0,5.0,77.0,53.0,29.0,13.0,11.0,4.0,9.0,5.0,6.0,89.0,59.0,,,,,
2026-1080,Nottingham,Grass,32,250,,20260615,23,213631.0,4.0,,Marie Bouzkova,R,180.0,CZE,27.901,27.0,1659.0,263872.0,,Ll,Hannah Klugman,R,,GBR,17.32,509.0,107.0,7-5 6-2,3,R16,100.0,4.0,2.0,54.0,38.0,31.0,10.0,10.0,4.0,5.0,4.0,9.0,73.0,51.0,,,,,
2026-1080,Nottingham,Grass,32,250,,20260615,24,215983.0,5.0,,Ann Li,R,170.0,USA,25.969,29.0,1601.0,223194.0,,Ll,Taylah Preston,R,,AUS,20.632,124.0,624.0,5-7 6-2 6-2,3,R16,118.0,9.0,4.0,98.0,60.0,41.0,16.0,14.0,11.0,15.0,3.0,8.0,86.0,50.0,,,,,
2026-1080,Nottingham,Grass,32,250,,20260615,25,213631.0,4.0,,Marie Bouzkova,R,180.0,CZE,27.901,27.0,1659.0,213583.0,,,Tatjana Maria,R,172.0,GER,38.853,117.0,671.0,7-5 6-0,3,QF,100.0,1.0,2.0,57.0,43.0,25.0,9.0,9.0,3.0,5.0,3.0,3.0,71.0,41.0,,,,,
2026-1080,Nottingham,Grass,32,250,,20260615,26,201662.0,,,Karolina Pliskova,R,184.0,CZE,34.234,87.0,838.0,221883.0,,,Talia Gibson,R,,AUS,21.99,66.0,1023.0,7-5 6-4,3,QF,92.0,4.0,6.0,61.0,32.0,27.0,15.0,11.0,0.0,1.0,8.0,8.0,65.0,35.0,,,,,
2026-1080,Nottingham,Grass,32,250,,20260615,27,215613.0,3.0,,Emma Navarro,R,,USA,25.076,25.0,1681.0,222601.0,,,Jessica Bouzas Maneiro,R,,ESP,23.723,55.0,1080.0,6-7(6) 2-6,3,QF,101.0,4.0,1.0,74.0,43.0,28.0,23.0,10.0,1.0,1.0,2.0,5.0,74.0,48.0,,,,,
2026-1080,Nottingham,Grass,32,250,,20260615,28,203530.0,,Q,Viktorija Golubic,R,169.0,SUI,33.662,76.0,927.0,215983.0,5.0,,Ann Li,R,170.0,USA,25.969,29.0,1601.0,3-6 6-2 3-6,3,QF,112.0,0.0,1.0,78.0,53.0,31.0,12.0,13.0,10.0,14.0,3.0,4.0,78.0,49.0,,,,,
2026-1080,Nottingham,Grass,32,250,,20260615,29,213631.0,4.0,,Marie Bouzkova,R,180.0,CZE,27.901,27.0,1659.0,201662.0,,,Karolina Pliskova,R,184.0,CZE,34.234,87.0,838.0,4-6 1-6,3,SF,79.0,1.0,4.0,49.0,34.0,26.0,5.0,9.0,2.0,3.0,2.0,7.0,57.0,36.0,,,,,
2026-1080,Nottingham,Grass,32,250,,20260615,30,215613.0,3.0,,Emma Navarro,R,,USA,25.076,25.0,1681.0,203530.0,,Q,Viktorija Golubic,R,169.0,SUI,33.662,76.0,927.0,7-6(5) 6-2,3,SF,119.0,3.0,2.0,71.0,43.0,27.0,13.0,10.0,2.0,6.0,3.0,4.0,87.0,55.0,,,,,
2026-1080,Nottingham,Grass,32,250,,20260615,31,213631.0,4.0,,Marie Bouzkova,R,180.0,CZE,27.901,27.0,1659.0,215613.0,3.0,,Emma Navarro,R,,USA,25.076,25.0,1681.0,7-6(5) 4-6 6-2,3,F,177.0,4.0,2.0,96.0,72.0,50.0,11.0,15.0,2.0,5.0,10.0,4.0,108.0,79.0,,,,,
2026-2012,Berlin,Grass,28,500,,20260615,1,206420.0,,,Ekaterina Alexandrova,R,175.0,RUS,31.581,19.0,2411.0,215713.0,,,Anastasia Potapova,R,175.0,RUS,25.21,26.0,1669.0,6-1 0-0 RET,3,R32,29.0,2.0,1.0,21.0,11.0,9.0,8.0,4.0,3.0,3.0,1.0,2.0,23.0,11.0,,,,,
2026-2012,Berlin,Grass,28,500,,20260615,2,223360.0,,Wc,Nikola Bartunkova,R,,CZE,20.301,62.0,1041.0,223670.0,9.0,,Diana Shnaider,L,,RUS,22.201,16.0,2458.0,6-2 6-7(2) 6-3,3,R32,133.0,9.0,6.0,94.0,54.0,41.0,16.0,15.0,4.0,8.0,2.0,4.0,102.0,64.0,,,,,
2026-2012,Berlin,Grass,28,500,,20260615,3,210722.0,,,Elise Mertens,R,179.0,BEL,30.576,24.0,1698.0,214643.0,,,Liudmila Samsonova,R,180.0,RUS,27.592,37.0,1405.0,1-6 6-3 6-0,3,R32,106.0,6.0,5.0,70.0,40.0,31.0,14.0,11.0,6.0,8.0,2.0,5.0,67.0,37.0,,,,,
2026-2012,Berlin,Grass,28,500,,20260615,4,201619.0,,,Madison Keys,R,178.0,USA,31.324,28.0,1642.0,216133.0,,,Xinyu Wang,R,182.0,CHN,24.717,32.0,1431.0,7-6(3) 6-1,3,R32,72.0,3.0,3.0,51.0,36.0,30.0,6.0,9.0,3.0,4.0,1.0,3.0,63.0,39.0,,,,,
2026-2012,Berlin,Grass,28,500,,20260615,5,220332.0,,Wc,Eva Lys,R,165.0,GER,24.422,80.0,901.0,211684.0,,Ll,Magdalena Frech,R,171.0,POL,28.498,45.0,1238.0,6-7(7) 3-6,3,R32,128.0,1.0,6.0,86.0,56.0,38.0,11.0,10.0,6.0,10.0,3.0,6.0,91.0,49.0,,,,,
2026-2012,Berlin,Grass,28,500,,20260615,6,222328.0,8.0,,Linda Noskova,R,,CZE,21.574,13.0,3054.0,213887.0,,Q,Renata Zarazua,R,,MEX,28.706,77.0,925.0,6-1 6-4,3,R32,75.0,9.0,1.0,50.0,31.0,28.0,12.0,9.0,3.0,3.0,1.0,3.0,54.0,37.0,,,,,
2026-2012,Berlin,Grass,28,500,,20260615,7,214096.0,7.0,,Karolina Muchova,R,178.0,CZE,29.815,10.0,3388.0,201533.0,,Q,Shuai Zhang,R,177.0,CHN,37.396,67.0,1015.0,1-6 3-6,3,R32,58.0,9.0,1.0,48.0,32.0,28.0,7.0,8.0,1.0,1.0,1.0,2.0,43.0,29.0,,,,,
2026-2012,Berlin,Grass,28,500,,20260615,8,211701.0,,Q,Katerina Siniakova,R,174.0,CZE,30.097,34.0,1422.0,214119.0,,Q,Rebeka Masarova,R,186.0,ESP,26.858,141.0,550.0,6-2 6-4,3,R32,74.0,2.0,3.0,56.0,34.0,30.0,10.0,9.0,2.0,2.0,6.0,1.0,49.0,33.0,,,,,
2026-2012,Berlin,Grass,28,500,,20260615,9,202494.0,6.0,,Elina Svitolina,R,174.0,UKR,31.756,8.0,4315.0,214939.0,,,Anna Kalinskaya,R,175.0,RUS,27.535,20.0,2212.0,6-1 4-1 RET,3,R32,50.0,4.0,2.0,31.0,19.0,15.0,7.0,6.0,1.0,2.0,1.0,4.0,34.0,16.0,,,,,
2026-2012,Berlin,Grass,28,500,,20260615,10,220348.0,,Q,Diane Parry,R,170.0,FRA,23.786,60.0,1045.0,220704.0,,,Clara Tauson,R,182.0,DEN,23.483,23.0,1800.0,3-6 4-6,3,R32,89.0,6.0,3.0,62.0,33.0,28.0,17.0,10.0,4.0,4.0,3.0,1.0,57.0,32.0,,,,,
2026-2012,Berlin,Grass,28,500,,20260615,11,211651.0,,Wc,Paula Badosa,R,180.0,ESP,28.58,142.0,546.0,215480.0,,Q,Suzan Lamens,R,,NED,26.946,134.0,572.0,3-6 2-6,3,R32,73.0,8.0,6.0,57.0,29.0,22.0,15.0,9.0,3.0,4.0,2.0,5.0,50.0,35.0,,,,,
2026-2012,Berlin,Grass,28,500,,20260615,12,223253.0,,Wc,Alexandra Eala,L,173.0,PHI,21.062,35.0,1422.0,202499.0,,SE,Donna Vekic,R,179.0,CRO,29.963,33.0,1431.0,5-7 4-6,3,R32,110.0,8.0,2.0,76.0,41.0,28.0,19.0,11.0,12.0,14.0,6.0,0.0,70.0,48.0,,,,,
2026-2012,Berlin,Grass,28,500,,20260615,13,223360.0,,Wc,Nikola Bartunkova,R,,CZE,20.301,62.0,1041.0,210722.0,,,Elise Mertens,R,179.0,BEL,30.576,24.0,1698.0,1-6 4-6,3,R16,90.0,2.0,5.0,65.0,34.0,25.0,17.0,9.0,5.0,6.0,4.0,7.0,63.0,33.0,,,,,
2026-2012,Berlin,Grass,28,500,,20260615,14,202468.0,3.0,,Jessica Pegula,R,170.0,USA,32.304,4.0,6056.0,211701.0,,Q,Katerina Siniakova,R,174.0,CZE,30.097,34.0,1422.0,6-2 6-4,3,R16,105.0,2.0,3.0,67.0,34.0,26.0,20.0,9.0,8.0,8.0,4.0,3.0,91.0,54.0,,,,,
2026-2012,Berlin,Grass,28,500,,20260615,15,211651.0,,Wc,Paula Badosa,R,180.0,ESP,28.58,142.0,546.0,221103.0,5.0,,Coco Gauff,R,175.0,USA,22.256,7.0,4879.0,1-6 6-3 6-2,3,R16,96.0,4.0,7.0,75.0,35.0,25.0,20.0,12.0,3.0,6.0,12.0,7.0,67.0,34.0,,,,,
2026-2012,Berlin,Grass,28,500,,20260615,16,214544.0,1.0,,Aryna Sabalenka,R,182.0,BLR,28.112,1.0,9090.0,206420.0,,,Ekaterina Alexandrova,R,175.0,RUS,31.581,19.0,2411.0,6-4 6-4,3,R16,81.0,3.0,3.0,59.0,36.0,29.0,13.0,10.0,4.0,5.0,7.0,4.0,69.0,39.0,,,,,
2026-2012,Berlin,Grass,28,500,,20260615,17,222328.0,8.0,,Linda Noskova,R,,CZE,21.574,13.0,3054.0,220348.0,,Q,Diane Parry,R,170.0,FRA,23.786,60.0,1045.0,6-2 6-2,3,R16,67.0,3.0,1.0,40.0,25.0,21.0,11.0,8.0,0.0,0.0,3.0,4.0,49.0,23.0,,,,,
2026-2012,Berlin,Grass,28,500,,20260615,18,202494.0,6.0,,Elina Svitolina,R,174.0,UKR,31.756,8.0,4315.0,220332.0,,Wc,Eva Lys,R,165.0,GER,24.422,80.0,901.0,6-3 6-2,3,R16,69.0,8.0,2.0,64.0,36.0,26.0,15.0,9.0,7.0,8.0,0.0,1.0,47.0,34.0,,,,,
2026-2012,Berlin,Grass,28,500,,20260615,19,201619.0,,,Madison Keys,R,178.0,USA,31.324,28.0,1642.0,214096.0,7.0,,Karolina Muchova,R,178.0,CZE,29.815,10.0,3388.0,6-4 7-5,3,R16,88.0,4.0,0.0,62.0,40.0,29.0,15.0,11.0,0.0,1.0,2.0,4.0,63.0,43.0,,,,,
2026-2012,Berlin,Grass,28,500,,20260615,20,223253.0,,Wc,Alexandra Eala,L,173.0,PHI,21.062,35.0,1422.0,214981.0,2.0,,Elena Rybakina,R,184.0,KAZ,26.995,2.0,8143.0,7-5 6-4,3,R16,92.0,4.0,3.0,67.0,46.0,33.0,12.0,11.0,1.0,2.0,13.0,4.0,69.0,42.0,,,,,
2026-2012,Berlin,Grass,28,500,,20260615,21,202468.0,3.0,,Jessica Pegula,R,170.0,USA,32.304,4.0,6056.0,201619.0,,,Madison Keys,R,178.0,USA,31.324,28.0,1642.0,7-6(5) 7-6(8),3,QF,106.0,5.0,1.0,90.0,56.0,40.0,18.0,12.0,5.0,7.0,10.0,0.0,79.0,46.0,,,,,
2026-2012,Berlin,Grass,28,500,,20260615,22,222328.0,8.0,,Linda Noskova,R,,CZE,21.574,13.0,3054.0,211651.0,,Wc,Paula Badosa,R,180.0,ESP,28.58,142.0,546.0,6-1 6-3,3,QF,68.0,8.0,4.0,57.0,41.0,30.0,9.0,8.0,7.0,7.0,1.0,7.0,50.0,25.0,,,,,
2026-2012,Berlin,Grass,28,500,,20260615,23,214544.0,1.0,,Aryna Sabalenka,R,182.0,BLR,28.112,1.0,9090.0,223360.0,,Wc,Nikola Bartunkova,R,,CZE,20.301,62.0,1041.0,2-6 7-6(2) 6-4,3,QF,143.0,10.0,8.0,100.0,67.0,43.0,16.0,15.0,11.0,17.0,8.0,7.0,95.0,51.0,,,,,
2026-2012,Berlin,Grass,28,500,,20260615,24,223253.0,,Wc,Alexandra Eala,L,173.0,PHI,21.062,35.0,1422.0,202494.0,6.0,,Elina Svitolina,R,174.0,UKR,31.756,8.0,4315.0,3-6 4-6,3,QF,83.0,3.0,2.0,57.0,29.0,23.0,9.0,10.0,3.0,6.0,4.0,7.0,67.0,40.0,,,,,
2026-2012,Berlin,Grass,28,500,,20260615,25,202468.0,3.0,,Jessica Pegula,R,170.0,USA,32.304,4.0,6056.0,214544.0,1.0,,Aryna Sabalenka,R,182.0,BLR,28.112,1.0,9090.0,4-6 7-6(4) 0-6,3,SF,133.0,5.0,1.0,92.0,61.0,44.0,17.0,14.0,6.0,7.0,9.0,5.0,106.0,67.0,,,,,
2026-2012,Berlin,Grass,28,500,,20260615,26,222328.0,8.0,,Linda Noskova,R,,CZE,21.574,13.0,3054.0,223253.0,,Wc,Alexandra Eala,L,173.0,PHI,21.062,35.0,1422.0,6-2 6-4,3,SF,69.0,9.0,4.0,54.0,35.0,29.0,7.0,9.0,4.0,6.0,2.0,3.0,49.0,25.0,,,,,
2026-2012,Berlin,Grass,28,500,,20260615,27,222328.0,8.0,,Linda Noskova,R,,CZE,21.574,13.0,3054.0,202468.0,3.0,,Jessica Pegula,R,170.0,USA,32.304,4.0,6056.0,4-6 6-4 3-6,3,F,119.0,11.0,8.0,98.0,53.0,43.0,20.0,15.0,5.0,7.0,14.0,1.0,92.0,58.0,,,,,
2026-2017,Bad Homburg,Grass,32,500,,20260621,1,,,,Emma Navarro,,,USA,,24.0,1916.0,,,WC,Eva Lys,,,GER,,77.0,1000.0,7-6(6) 6-3,3,R32,99.0,12.0,1.0,66.0,45.0,40.0,7.0,11.0,0.0,1.0,4.0,4.0,77.0,53.0,35.0,13,10.0,8.0,10.0
2026-2017,Bad Homburg,Grass,32,500,,20260621,2,,,,Anna Kalinskaya,,,RUS,,20.0,2250.0,,,Q,Sinja Kraus,,,AUT,,93.0,796.0,6-4 6-1,3,R32,72.0,4.0,1.0,45.0,25.0,19.0,14.0,8.0,2.0,3.0,2.0,1.0,57.0,30.0,18.0,10,9.0,4.0,9.0
2026-2017,Bad Homburg,Grass,32,500,,20260621,3,,,Q,Elena-Gabriela Ruse,,,ROU,,105.0,731.0,,5.0,,Linda Noskova,,,CZE,,10.0,3598.0,6-1 6-3,3,R32,61.0,13.0,4.0,47.0,28.0,23.0,11.0,8.0,2.0,2.0,3.0,2.0,47.0,30.0,19.0,3,8.0,4.0,8.0
2026-2017,Bad Homburg,Grass,32,500,,20260621,4,,,Q,Irina-Camelia Begu,,,ROU,,211.0,422.0,,,WC,Venus Williams,,,USA,,471.0,123.0,6-2 4-6 7-6(6),3,R32,177.0,3.0,5.0,110.0,75.0,49.0,17.0,15.0,7.0,10.0,7.0,11.0,122.0,80.0,58.0,13,15.0,12.0,16.0
2026-2017,Bad Homburg,Grass,32,500,,20260621,5,,,WC,Qinwen Zheng,,,CHN,,153.0,506.0,,,Q,Solana Sierra,,,ARG,,56.0,1312.0,7-5 4-6 6-4,3,R32,143.0,13.0,7.0,94.0,54.0,46.0,18.0,16.0,7.0,9.0,2.0,5.0,102.0,60.0,43.0,22,16.0,4.0,7.0
2026-2017,Bad Homburg,Grass,32,500,,20260621,6,,,,Clara Tauson,,,DEN,,25.0,1936.0,,7.0,,Diana Shnaider,,,RUS,,16.0,2527.0,6-4 6-4,3,R32,105.0,6.0,5.0,63.0,33.0,26.0,11.0,10.0,4.0,6.0,2.0,8.0,96.0,56.0,37.0,14,10.0,6.0,10.0
2026-2017,Bad Homburg,Grass,32,500,,20260621,7,,,,Xinyu Wang,,,CHN,,52.0,1151.0,,,LL,Renata Zarazua,,,MEX,,76.0,992.0,6-1 6-2,3,R32,63.0,15.0,0.0,44.0,34.0,30.0,4.0,8.0,0.0,0.0,0.0,2.0,41.0,26.0,13.0,7,7.0,3.0,7.0
2026-2017,Bad Homburg,Grass,32,500,,20260621,8,,,,Leylah Fernandez,,,CAN,,23.0,1854.0,,,WC,Katie Boulter,,,GBR,,59.0,1116.0,6-7(5) 6-3 6-3,3,R32,192.0,5.0,14.0,148.0,80.0,51.0,29.0,15.0,19.0,24.0,7.0,9.0,92.0,57.0,36.0,10,15.0,5.0,13.0
2026-2017,Bad Homburg,Grass,32,500,,20260621,9,,,,Liudmila Samsonova,,,RUS,,42.0,1640.0,,,,Katerina Siniakova,,,CZE,,34.0,1407.0,6-3 7-5,3,R32,104.0,10.0,4.0,77.0,46.0,32.0,16.0,10.0,4.0,5.0,3.0,7.0,63.0,39.0,27.0,9,11.0,0.0,4.0
2026-2017,Bad Homburg,Grass,32,500,,20260621,10,,6.0,,Naomi Osaka,,,JPN,,15.0,2651.0,,,,Magdalena Frech,,,POL,,43.0,1217.0,6-4 6-1,3,R32,94.0,1.0,2.0,61.0,26.0,16.0,21.0,9.0,4.0,6.0,1.0,3.0,63.0,35.0,23.0,6,8.0,5.0,10.0
2026-2017,Bad Homburg,Grass,32,500,,20260621,11,,,,Elise Mertens,,,BEL,,26.0,1938.0,,,,Alexandra Eala,,,PHI,,30.0,1445.0,6-3 6-3,3,R32,84.0,10.0,5.0,57.0,38.0,32.0,7.0,9.0,4.0,5.0,2.0,3.0,68.0,37.0,27.0,9,9.0,5.0,9.0
2026-2017,Bad Homburg,Grass,32,500,,20260621,12,,,,Ekaterina Alexandrova,,,RUS,,19.0,2543.0,,,,Ann Li,,,USA,,29.0,1694.0,6-1 6-7(5) 6-1,3,R32,137.0,11.0,4.0,110.0,67.0,51.0,19.0,14.0,2.0,3.0,11.0,3.0,92.0,53.0,33.0,17,12.0,3.0,8.0
2026-2017,Bad Homburg,Grass,32,500,,20260621,13,,,,Emma Navarro,,,USA,,24.0,1916.0,,1.0,,Iga Swiatek,,,POL,,3.0,8408.0,7-5 2-6 6-3,3,R16,125.0,5.0,4.0,90.0,48.0,36.0,20.0,15.0,5.0,9.0,6.0,9.0,75.0,38.0,28.0,20,14.0,3.0,7.0
2026-2017,Bad Homburg,Grass,32,500,,20260621,14,,,Q,Elena-Gabriela Ruse,,,ROU,,105.0,731.0,,,,Anna Kalinskaya,,,RUS,,20.0,2250.0,7-5 6-2,3,R16,100.0,9.0,6.0,60.0,29.0,23.0,17.0,10.0,1.0,2.0,4.0,8.0,68.0,38.0,29.0,8,10.0,4.0,8.0
2026-2017,Bad Homburg,Grass,32,500,,20260621,15,,4.0,,Karolina Muchova,,,CZE,,11.0,3388.0,,,Q,Irina-Camelia Begu,,,ROU,,211.0,422.0,6-1 6-1,3,R16,58.0,2.0,1.0,46.0,30.0,20.0,10.0,7.0,1.0,2.0,2.0,4.0,36.0,25.0,8.0,3,7.0,1.0,7.0
2026-2017,Bad Homburg,Grass,32,500,,20260621,16,,,,Clara Tauson,,,DEN,,25.0,1936.0,,,WC,Qinwen Zheng,,,CHN,,153.0,506.0,5-7 6-4 6-2,3,R16,133.0,12.0,3.0,87.0,55.0,46.0,14.0,15.0,3.0,4.0,10.0,12.0,89.0,47.0,36.0,22,15.0,3.0,6.0
2026-2017,Bad Homburg,Grass,32,500,,20260621,17,,,,Xinyu Wang,,,CHN,,52.0,1151.0,,,,Leylah Fernandez,,,CAN,,23.0,1854.0,6-3 6-4,3,R16,93.0,4.0,3.0,64.0,44.0,27.0,11.0,9.0,2.0,4.0,3.0,6.0,63.0,39.0,24.0,9,10.0,1.0,6.0
2026-2017,Bad Homburg,Grass,32,500,,20260621,18,,3.0,,Elina Svitolina,,,UKR,,8.0,4493.0,,,,Liudmila Samsonova,,,RUS,,42.0,1640.0,3-6 6-3 6-2,3,R16,132.0,4.0,3.0,99.0,61.0,38.0,16.0,13.0,12.0,17.0,6.0,6.0,79.0,45.0,23.0,15,13.0,4.0,11.0
2026-2017,Bad Homburg,Grass,32,500,,20260621,19,,6.0,,Naomi Osaka,,,JPN,,15.0,2651.0,,,,Elise Mertens,,,BEL,,26.0,1938.0,6-3 6-3,3,R16,67.0,7.0,2.0,48.0,29.0,25.0,9.0,9.0,0.0,1.0,5.0,6.0,49.0,26.0,17.0,8,9.0,5.0,9.0
2026-2017,Bad Homburg,Grass,32,500,,20260621,20,,,,Ekaterina Alexandrova,,,RUS,,19.0,2543.0,,2.0,,Mirra Andreeva,,,RUS,,5.0,6082.0,6-3 6-4,3,R16,88.0,1.0,2.0,65.0,31.0,23.0,20.0,10.0,2.0,3.0,4.0,2.0,70.0,37.0,25.0,14,9.0,8.0,11.0
2026-2017,Bad Homburg,Grass,32,500,,20260621,21,,,Q,Elena-Gabriela Ruse,,,ROU,,105.0,731.0,,,,Emma Navarro,,,USA,,24.0,1916.0,6-4 6-2,3,QF,75.0,4.0,1.0,52.0,28.0,23.0,15.0,9.0,0.0,0.0,2.0,3.0,51.0,27.0,22.0,10,9.0,2.0,5.0
2026-2017,Bad Homburg,Grass,32,500,,20260621,22,,4.0,,Karolina Muchova,,,CZE,,11.0,3388.0,,,,Clara Tauson,,,DEN,,25.0,1936.0,1-6 6-2 6-4,3,QF,123.0,3.0,3.0,81.0,43.0,31.0,14.0,13.0,4.0,9.0,9.0,5.0,80.0,45.0,33.0,13,12.0,6.0,11.0
2026-2017,Bad Homburg,Grass,32,500,,20260621,23,,,,Xinyu Wang,,,CHN,,52.0,1151.0,,3.0,,Elina Svitolina,,,UKR,,8.0,4493.0,W/O,3,QF,0.0,,,,,,,,,,,,,,,,,,
2026-2017,Bad Homburg,Grass,32,500,,20260621,24,,6.0,,Naomi Osaka,,,JPN,,15.0,2651.0,,,,Ekaterina Alexandrova,,,RUS,,19.0,2543.0,6-2 6-2,3,QF,59.0,7.0,0.0,38.0,17.0,16.0,14.0,8.0,1.0,2.0,0.0,4.0,47.0,25.0,13.0,6,8.0,2.0,7.0
2026-2017,Bad Homburg,Grass,32,500,,20260621,25,,4.0,,Karolina Muchova,,,CZE,,11.0,3388.0,,,Q,Elena-Gabriela Ruse,,,ROU,,105.0,731.0,6-4 6-4,3,SF,100.0,4.0,2.0,64.0,33.0,28.0,15.0,10.0,1.0,2.0,2.0,10.0,65.0,28.0,18.0,19,10.0,5.0,8.0
2026-2017,Bad Homburg,Grass,32,500,,20260621,26,,6.0,,Naomi Osaka,,,JPN,,15.0,2651.0,,,,Xinyu Wang,,,CHN,,52.0,1151.0,6-3 6-3,3,SF,70.0,8.0,1.0,53.0,29.0,23.0,12.0,9.0,0.0,1.0,1.0,3.0,57.0,42.0,26.0,4,9.0,4.0,8.0
2026-2017,Bad Homburg,Grass,32,500,,20260621,27,,4.0,,Karolina Muchova,,,CZE,,11.0,3388.0,,6.0,,Naomi Osaka,,,JPN,,15.0,2651.0,6-1 1-0 RET,3,F,46.0,0.0,2.0,26.0,16.0,14.0,5.0,4.0,0.0,0.0,3.0,1.0,30.0,16.0,8.0,5,4.0,1.0,4.0
2026-710,Eastbourne,Grass,32,250,,20260622,1,,,,Tatjana Maria,,,GER,,112.0,737.0,,1.0,,Jasmine Paolini,,,ITA,,14.0,2492.0,6-4 6-3,3,R32,90.0,8.0,1.0,45.0,28.0,24.0,7.0,9.0,2.0,4.0,0.0,3.0,80.0,50.0,31.0,9,10.0,11.0,16.0
2026-710,Eastbourne,Grass,32,250,,20260622,2,,,Q,Anastasia Zakharova,,,RUS,,91.0,911.0,,,,Yuliia Starodubtseva,,,UKR,,55.0,1146.0,6-4 3-6 6-3,3,R32,147.0,1.0,1.0,94.0,78.0,50.0,6.0,14.0,6.0,9.0,5.0,5.0,88.0,56.0,35.0,14,14.0,6.0,10.0
2026-710,Eastbourne,Grass,32,250,,20260622,3,,,,Tereza Valentova,,,CZE,,61.0,1070.0,,,WC,Hannah Klugman,,,GBR,,412.0,157.0,7-5 5-7 7-5,3,R32,182.0,0.0,10.0,122.0,67.0,38.0,24.0,18.0,9.0,17.0,4.0,13.0,119.0,58.0,33.0,25,18.0,10.0,19.0
2026-710,Eastbourne,Grass,32,250,,20260622,4,,,Q,Ajla Tomljanovic,,,AUS,,98.0,777.0,,8.0,,Elisabetta Cocciaretto,,,ITA,,44.0,1446.0,6-2 6-7(5) 7-5,3,R32,162.0,2.0,8.0,101.0,61.0,44.0,16.0,16.0,4.0,9.0,4.0,10.0,104.0,53.0,31.0,18,16.0,4.0,12.0
2026-710,Eastbourne,Grass,32,250,,20260622,5,,3.0,,Jelena Ostapenko,,,LAT,,35.0,1384.0,,,WC,Francesca Jones,,,GBR,,103.0,852.0,6-2 6-2,3,R32,64.0,4.0,5.0,44.0,29.0,25.0,9.0,8.0,1.0,1.0,1.0,1.0,45.0,28.0,14.0,8,8.0,2.0,6.0
2026-710,Eastbourne,Grass,32,250,,20260622,6,,,,Panna Udvardy,,,HUN,,71.0,971.0,,,,Anna Bondar,,,HUN,,75.0,945.0,7-6(4) 3-2 RET,3,R32,79.0,4.0,4.0,66.0,36.0,30.0,13.0,9.0,3.0,3.0,3.0,3.0,48.0,36.0,27.0,7,8.0,2.0,2.0
2026-710,Eastbourne,Grass,32,250,,20260622,7,,,Q,Zeynep Sonmez,,,TUR,,54.0,1192.0,,,WC,Harriet Dart,,,GBR,,151.0,521.0,4-6 6-2 7-5,3,R32,157.0,1.0,4.0,92.0,49.0,25.0,17.0,15.0,3.0,11.0,6.0,6.0,104.0,41.0,28.0,21,15.0,12.0,22.0
2026-710,Eastbourne,Grass,32,250,,20260622,8,,,,Sara Bejlek,,,CZE,,45.0,1179.0,,5.0,,Laura Siegemund,,,GER,,40.0,1701.0,3-6 7-6(2) 7-6(3),3,R32,202.0,2.0,3.0,120.0,80.0,48.0,18.0,17.0,7.0,14.0,0.0,3.0,112.0,87.0,50.0,15,16.0,3.0,8.0
2026-710,Eastbourne,Grass,32,250,,20260622,9,,,,Caty McNally,,,USA,,50.0,1277.0,,6.0,,Janice Tjen,,,INA,,41.0,1281.0,7-5 6-7(5) 6-3,3,R32,190.0,1.0,8.0,125.0,96.0,67.0,10.0,16.0,9.0,11.0,3.0,7.0,120.0,80.0,56.0,13,17.0,8.0,13.0
2026-710,Eastbourne,Grass,32,250,,20260622,10,,,Q,Emiliana Arango,,,COL,,101.0,770.0,,,,Maya Joint,,,AUS,,53.0,1096.0,7-6(2) 6-4,3,R32,91.0,0.0,4.0,64.0,36.0,25.0,14.0,11.0,2.0,6.0,1.0,4.0,70.0,47.0,22.0,13,11.0,3.0,8.0
2026-710,Eastbourne,Grass,32,250,,20260622,11,,,LL,Petra Marcinko,,,CRO,,51.0,1125.0,,,,Antonia Ruzic,,,CRO,,60.0,1091.0,7-6(6) 4-6 7-6(4),3,R32,209.0,4.0,16.0,130.0,67.0,40.0,29.0,17.0,10.0,17.0,2.0,13.0,136.0,92.0,58.0,15,17.0,12.0,18.0
2026-710,Eastbourne,Grass,32,250,,20260622,12,,,Q,Kimberly Birrell,,,AUS,,73.0,901.0,,4.0,,Barbora Krejcikova,,,CZE,,37.0,1449.0,6-3 7-6(6),3,R32,109.0,4.0,8.0,66.0,39.0,26.0,15.0,10.0,5.0,8.0,8.0,4.0,81.0,44.0,25.0,20,11.0,3.0,8.0
2026-710,Eastbourne,Grass,32,250,,20260622,13,,7.0,,McCartney Kessler,,,USA,,62.0,1021.0,,,,Daria Kasatkina,,,AUS,,68.0,1138.0,6-3 7-6(3),3,R32,101.0,4.0,0.0,78.0,53.0,35.0,13.0,11.0,4.0,7.0,2.0,6.0,78.0,51.0,29.0,15,10.0,7.0,11.0
2026-710,Eastbourne,Grass,32,250,,20260622,14,,,,Anhelina Kalinina,,,UKR,,70.0,978.0,,,Q,Daria Snigur,,,UKR,,78.0,930.0,7-6(1) 7-5,3,R32,113.0,2.0,7.0,79.0,47.0,33.0,13.0,12.0,4.0,8.0,3.0,5.0,84.0,58.0,34.0,11,12.0,7.0,12.0
2026-710,Eastbourne,Grass,32,250,,20260622,15,,,,Jessica Bouzas Maneiro,,,ESP,,48.0,1334.0,,,WC,Alicia Dudeney,,,GBR,,246.0,297.0,6-0 6-3,3,R32,71.0,1.0,2.0,52.0,34.0,22.0,11.0,7.0,2.0,3.0,3.0,4.0,50.0,23.0,15.0,6,8.0,2.0,8.0
2026-710,Eastbourne,Grass,32,250,,20260622,16,,2.0,,Madison Keys,,,USA,,27.0,1734.0,,,,Talia Gibson,,,AUS,,57.0,1122.0,6-4 6-4,3,R32,93.0,7.0,1.0,56.0,40.0,33.0,7.0,10.0,4.0,5.0,1.0,8.0,76.0,48.0,28.0,14,10.0,3.0,6.0
2026-710,Eastbourne,Grass,32,250,,20260622,17,,,,Tatjana Maria,,,GER,,112.0,737.0,,,Q,Anastasia Zakharova,,,RUS,,91.0,911.0,6-2 6-1,3,R16,69.0,7.0,0.0,53.0,33.0,25.0,14.0,8.0,1.0,1.0,0.0,3.0,40.0,29.0,15.0,3,7.0,4.0,8.0
2026-710,Eastbourne,Grass,32,250,,20260622,18,,,,Tereza Valentova,,,CZE,,61.0,1070.0,,,Q,Ajla Tomljanovic,,,AUS,,98.0,777.0,6-2 5-7 6-4,3,R16,148.0,4.0,4.0,92.0,46.0,33.0,20.0,15.0,4.0,9.0,3.0,7.0,103.0,68.0,42.0,9,15.0,5.0,12.0
2026-710,Eastbourne,Grass,32,250,,20260622,19,,3.0,,Jelena Ostapenko,,,LAT,,35.0,1384.0,,,,Panna Udvardy,,,HUN,,71.0,971.0,3-6 6-1 6-2,3,R16,99.0,7.0,8.0,64.0,40.0,29.0,12.0,12.0,3.0,6.0,6.0,3.0,70.0,42.0,24.0,11,12.0,2.0,8.0
2026-710,Eastbourne,Grass,32,250,,20260622,20,,,Q,Zeynep Sonmez,,,TUR,,54.0,1192.0,,,,Sara Bejlek,,,CZE,,45.0,1179.0,W/O,3,R16,0.0,,,,,,,,,,,,,,,,,,
2026-710,Eastbourne,Grass,32,250,,20260622,21,,,,Caty McNally,,,USA,,50.0,1277.0,,,Q,Emiliana Arango,,,COL,,101.0,770.0,6-3 6-0,3,R16,71.0,1.0,4.0,45.0,34.0,25.0,6.0,8.0,2.0,3.0,2.0,3.0,50.0,33.0,18.0,5,7.0,3.0,8.0
2026-710,Eastbourne,Grass,32,250,,20260622,22,,,LL,Petra Marcinko,,,CRO,,51.0,1125.0,,,Q,Kimberly Birrell,,,AUS,,73.0,901.0,6-1 6-4,3,R16,74.0,4.0,3.0,57.0,35.0,26.0,10.0,9.0,4.0,6.0,0.0,5.0,50.0,28.0,20.0,3,8.0,3.0,8.0
2026-710,Eastbourne,Grass,32,250,,20260622,23,,7.0,,McCartney Kessler,,,USA,,62.0,1021.0,,,,Anhelina Kalinina,,,UKR,,70.0,978.0,6-4 6-3,3,R16,99.0,3.0,4.0,61.0,33.0,23.0,13.0,9.0,3.0,5.0,2.0,7.0,75.0,42.0,28.0,9,10.0,8.0,13.0
2026-710,Eastbourne,Grass,32,250,,20260622,24,,2.0,,Madison Keys,,,USA,,27.0,1734.0,,,,Jessica Bouzas Maneiro,,,ESP,,48.0,1334.0,6-0 6-1,3,R16,52.0,2.0,2.0,37.0,24.0,22.0,4.0,6.0,2.0,2.0,0.0,3.0,47.0,28.0,14.0,3,7.0,6.0,12.0
2026-710,Eastbourne,Grass,32,250,,20260622,25,,,,Tatjana Maria,,,GER,,112.0,737.0,,,,Tereza Valentova,,,CZE,,61.0,1070.0,6-3 7-5,3,QF,98.0,8.0,3.0,65.0,44.0,33.0,9.0,11.0,0.0,2.0,3.0,6.0,71.0,44.0,27.0,13,10.0,7.0,11.0
2026-710,Eastbourne,Grass,32,250,,20260622,26,,3.0,,Jelena Ostapenko,,,LAT,,35.0,1384.0,,,Q,Zeynep Sonmez,,,TUR,,54.0,1192.0,6-3 6-0,3,QF,79.0,9.0,5.0,47.0,28.0,21.0,10.0,8.0,2.0,3.0,2.0,1.0,67.0,43.0,20.0,10,7.0,7.0,12.0
2026-710,Eastbourne,Grass,32,250,,20260622,27,,,LL,Petra Marcinko,,,CRO,,51.0,1125.0,,,,Caty McNally,,,USA,,50.0,1277.0,6-3 4-6 6-4,3,QF,136.0,4.0,5.0,83.0,51.0,35.0,18.0,15.0,4.0,7.0,3.0,8.0,102.0,71.0,44.0,13,14.0,6.0,10.0
2026-710,Eastbourne,Grass,32,250,,20260622,28,,2.0,,Madison Keys,,,USA,,27.0,1734.0,,7.0,,McCartney Kessler,,,USA,,62.0,1021.0,6-3 6-1,3,QF,72.0,2.0,0.0,43.0,30.0,27.0,6.0,8.0,0.0,0.0,0.0,4.0,61.0,32.0,20.0,11,8.0,6.0,10.0
2026-710,Eastbourne,Grass,32,250,,20260622,29,,,,Tatjana Maria,,,GER,,112.0,737.0,,3.0,,Jelena Ostapenko,,,LAT,,35.0,1384.0,6-1 1-2 RET,3,SF,51.0,3.0,2.0,34.0,20.0,16.0,6.0,5.0,6.0,7.0,2.0,5.0,32.0,17.0,12.0,3,5.0,2.0,5.0
2026-710,Eastbourne,Grass,32,250,,20260622,30,,2.0,,Madison Keys,,,USA,,27.0,1734.0,,,LL,Petra Marcinko,,,CRO,,51.0,1125.0,6-1 0-0 RET,3,SF,29.0,1.0,1.0,17.0,11.0,8.0,4.0,3.0,0.0,0.0,1.0,5.0,25.0,12.0,8.0,3,4.0,1.0,4.0
2026-710,Eastbourne,Grass,32,250,,20260622,31,,2.0,,Madison Keys,,,USA,,27.0,1734.0,,,,Tatjana Maria,,,GER,,112.0,737.0,7-5 6-4,3,F,93.0,3.0,4.0,59.0,35.0,31.0,14.0,11.0,0.0,1.0,2.0,2.0,78.0,58.0,35.0,11,11.0,3.0,6.0
2026-904,Wimbledon,Grass,128,G,,20260629,1,202505.0,11.0,,Belinda Bencic,R,175.0,SUI,29.304,14.0,2845.0,261963.0,,,Mika Stojsavljevic,R,,GBR,17.536,280.0,259.0,6-2 6-1,3,R128,,2.0,2.0,44.0,30.0,21.0,10.0,7.0,0.0,1.0,3.0,2.0,44.0,27.0,14.0,5,2.0,4.0,9.0
2026-904,Wimbledon,Grass,128,G,,20260629,2,260300.0,16.0,,Iva Jovic,R,,USA,18.563,16.0,2636.0,211713.0,,,Jaqueline Cristian,R,180.0,ROU,28.066,39.0,1256.0,7-6(1) 6-0,3,R128,,1.0,2.0,59.0,34.0,28.0,15.0,9.0,2.0,2.0,3.0,6.0,66.0,39.0,28.0,9,6.0,4.0,7.0
2026-904,Wimbledon,Grass,128,G,,20260629,3,204427.0,,,Sara Sorribes Tormo,R,176.0,ESP,29.723,214.0,357.0,223286.0,,,Victoria Jimenez Kasintseva,L,,AND,20.887,120.0,645.0,6-2 6-3,3,R128,,2.0,1.0,47.0,29.0,22.0,13.0,8.0,0.0,1.0,0.0,1.0,47.0,29.0,14.0,8,4.0,6.0,10.0
2026-904,Wimbledon,Grass,128,G,,20260629,4,202468.0,4.0,,Jessica Pegula,R,170.0,USA,32.343,3.0,6300.0,221307.0,,,Darja Vidmanova,R,,CZE,23.469,114.0,691.0,7-5 6-3,3,R128,,4.0,0.0,57.0,33.0,24.0,12.0,7.0,5.0,8.0,1.0,0.0,59.0,41.0,20.0,8,5.0,2.0,8.0
2026-904,Wimbledon,Grass,128,G,,20260629,5,216566.0,,,Mananchaya Sawangkaew,R,,THA,23.97,111.0,701.0,216081.0,20.0,,Maja Chwalinska,L,,POL,24.715,21.0,1975.0,2-6 7-5 6-2,3,R128,,4.0,5.0,108.0,78.0,46.0,15.0,9.0,7.0,12.0,2.0,3.0,91.0,63.0,39.0,9,8.0,10.0,16.0
2026-904,Wimbledon,Grass,128,G,,20260629,6,216133.0,,,Xinyu Wang,R,182.0,CHN,24.756,42.0,1193.0,220714.0,,,Elisabetta Cocciaretto,R,,ITA,25.424,71.0,967.0,6-3 2-6 6-2,3,R128,,3.0,5.0,83.0,56.0,43.0,13.0,11.0,7.0,9.0,1.0,6.0,76.0,37.0,26.0,21,9.0,3.0,6.0
2026-904,Wimbledon,Grass,128,G,,20260629,7,220309.0,,,Zeynep Sonmez,R,,TUR,24.165,52.0,1074.0,215983.0,28.0,,Ann Li,R,170.0,USA,26.007,31.0,1541.0,7-5 1-6 6-4,3,R128,,0.0,2.0,80.0,59.0,34.0,13.0,10.0,1.0,5.0,8.0,6.0,100.0,58.0,43.0,17,11.0,8.0,12.0
2026-904,Wimbledon,Grass,128,G,,20260629,8,211533.0,,,Jelena Ostapenko,R,177.0,LAT,29.057,29.0,1592.0,211279.0,,,Harriet Dart,R,175.0,GBR,29.92,143.0,541.0,6-3 3-6 6-4,3,R128,,5.0,13.0,89.0,49.0,34.0,16.0,9.0,4.0,9.0,3.0,3.0,102.0,61.0,35.0,17,8.0,9.0,15.0
2026-904,Wimbledon,Grass,128,G,,20260629,9,213583.0,,,Tatjana Maria,R,172.0,GER,38.892,79.0,913.0,201709.0,,,Yulia Putintseva,R,163.0,KAZ,31.475,81.0,904.0,6-4 6-4,3,R128,,3.0,1.0,60.0,43.0,32.0,6.0,8.0,5.0,7.0,1.0,4.0,71.0,52.0,26.0,11,6.0,7.0,11.0
2026-904,Wimbledon,Grass,128,G,,20260629,10,201533.0,,,Shuai Zhang,R,177.0,CHN,37.435,57.0,1020.0,215370.0,,,Bianca Andreescu,R,170.0,CAN,26.035,174.0,446.0,7-6(3) 7-6(6),3,R128,,2.0,1.0,90.0,64.0,42.0,17.0,10.0,6.0,8.0,8.0,3.0,95.0,68.0,41.0,13,10.0,8.0,10.0
2026-904,Wimbledon,Grass,128,G,,20260629,11,219917.0,,,Alycia Parks,R,185.0,USA,25.493,68.0,989.0,728507.0,,,Alicia Dudeney,,,GBR,,225.0,342.0,6-3 6-3,3,R128,,2.0,2.0,61.0,35.0,26.0,14.0,8.0,3.0,4.0,0.0,4.0,57.0,28.0,18.0,10,5.0,2.0,6.0
2026-904,Wimbledon,Grass,128,G,,20260629,12,222045.0,,,Antonia Ruzic,R,,CRO,23.439,55.0,1062.0,221985.0,,,Darja Semenistaja,L,,LAT,23.784,106.0,714.0,6-3 3-6 6-3,3,R128,,3.0,3.0,98.0,80.0,52.0,9.0,11.0,9.0,12.0,3.0,1.0,76.0,47.0,28.0,16,9.0,6.0,10.0
2026-904,Wimbledon,Grass,128,G,,20260629,13,214906.0,,,Claire Liu,R,170.0,USA,26.095,113.0,692.0,243420.0,,,Hanne Vandewinkel,,,BEL,22.106,91.0,833.0,4-6 6-3 6-4,3,R128,,0.0,4.0,90.0,63.0,41.0,16.0,11.0,3.0,7.0,4.0,1.0,84.0,57.0,40.0,8,9.0,2.0,7.0
2026-904,Wimbledon,Grass,128,G,,20260629,14,211768.0,14.0,,Naomi Osaka,R,180.0,JPN,28.701,13.0,3086.0,221039.0,,,Elsa Jacquemot,R,177.0,FRA,23.157,98.0,785.0,6-1 7-5,3,R128,,7.0,2.0,71.0,41.0,31.0,16.0,9.0,9.0,10.0,2.0,4.0,61.0,39.0,22.0,9,5.0,5.0,9.0
2026-904,Wimbledon,Grass,128,G,,20260629,15,222290.0,,,Lanlana Tararudee,R,,THA,21.977,78.0,916.0,260172.0,,,Lilli Tagger,,,AUT,18.363,45.0,1160.0,7-6(3) 5-7 6-4,3,R128,,3.0,3.0,111.0,66.0,48.0,29.0,15.0,4.0,6.0,8.0,2.0,110.0,83.0,59.0,16,15.0,2.0,4.0
2026-904,Wimbledon,Grass,128,G,,20260629,16,223360.0,,,Nikola Bartunkova,R,,CZE,20.34,41.0,1231.0,220548.0,,,Peyton Stearns,R,20011008.0,USA,24.723,58.0,1017.0,6-4 3-6 7-5,3,R128,,13.0,8.0,90.0,48.0,40.0,17.0,11.0,8.0,12.0,1.0,2.0,107.0,66.0,43.0,17,11.0,8.0,13.0
2026-904,Wimbledon,Grass,128,G,,20260629,17,222145.0,,,Janice Tjen,R,,INA,24.148,37.0,1282.0,220367.0,22.0,,Leylah Fernandez,L,168.0,CAN,23.812,34.0,1344.0,6-1 7-6(3),3,R128,,6.0,0.0,50.0,38.0,31.0,9.0,9.0,1.0,1.0,5.0,3.0,71.0,44.0,27.0,13,7.0,6.0,9.0
2026-904,Wimbledon,Grass,128,G,,20260629,18,214082.0,,,Daria Kasatkina,R,170.0,RUS,29.145,61.0,1009.0,259685.0,,,Mingge Xu,,,GBR,18.741,,,6-2 3-6 6-2,3,R128,,2.0,7.0,79.0,54.0,38.0,12.0,10.0,3.0,5.0,4.0,1.0,70.0,40.0,27.0,12,8.0,1.0,6.0
2026-904,Wimbledon,Grass,128,G,,20260629,19,206252.0,,,Barbora Krejcikova,R,178.0,CZE,30.53,25.0,1776.0,263872.0,,,Hannah Klugman,R,,GBR,17.358,374.0,168.0,6-1 6-4,3,R128,,1.0,3.0,77.0,51.0,36.0,11.0,8.0,10.0,11.0,4.0,1.0,39.0,25.0,13.0,6,4.0,1.0,5.0
2026-904,Wimbledon,Grass,128,G,,20260629,20,214939.0,19.0,,Anna Kalinskaya,R,175.0,RUS,27.573,20.0,2007.0,211684.0,,,Magdalena Frech,R,171.0,POL,28.537,48.0,1120.0,7-6(5) 6-4,3,R128,,5.0,1.0,63.0,39.0,26.0,19.0,9.0,1.0,3.0,5.0,6.0,88.0,55.0,36.0,15,8.0,5.0,8.0
2026-904,Wimbledon,Grass,128,G,,20260629,21,214544.0,1.0,,Aryna Sabalenka,R,182.0,BLR,28.151,1.0,8550.0,267020.0,,,Teodora Kostovic,,,SRB,19.004,146.0,529.0,6-2 6-3,3,R128,,5.0,1.0,40.0,29.0,24.0,6.0,7.0,1.0,2.0,4.0,1.0,59.0,37.0,22.0,7,4.0,6.0,11.0
2026-904,Wimbledon,Grass,128,G,,20260629,22,220520.0,,,Mccartney Kessler,R,,USA,26.977,47.0,1125.0,220716.0,,,Oleksandra Oliynykova,R,170.0,CRO,25.484,44.0,1171.0,6-0 6-0,3,R128,,0.0,0.0,30.0,17.0,16.0,8.0,6.0,0.0,0.0,1.0,2.0,40.0,27.0,10.0,3,0.0,6.0,12.0
2026-904,Wimbledon,Grass,128,G,,20260629,23,215035.0,,,Dayana Yastremska,R,175.0,UKR,26.122,87.0,867.0,256684.0,,,Aoi Ito,,,JPN,22.106,235.0,313.0,7-6(1) 4-6 7-5,3,R128,,3.0,5.0,103.0,54.0,34.0,22.0,10.0,7.0,14.0,3.0,4.0,129.0,86.0,44.0,25,10.0,14.0,21.0
2026-904,Wimbledon,Grass,128,G,,20260629,24,221333.0,,,Solana Sierra,R,,ARG,22.032,86.0,867.0,214388.0,,,Anna Bondar,R,,HUN,29.09,77.0,936.0,6-3 5-7 7-5,3,R128,,6.0,11.0,117.0,69.0,44.0,13.0,8.0,14.0,22.0,4.0,7.0,123.0,66.0,32.0,27,7.0,17.0,27.0
2026-904,Wimbledon,Grass,128,G,,20260629,25,211701.0,32.0,,Katerina Siniakova,R,174.0,CZE,30.136,36.0,1285.0,221012.0,,,Qinwen Zheng,R,,CHN,23.724,123.0,610.0,6-4 6-4,3,R128,,6.0,6.0,85.0,67.0,45.0,9.0,10.0,7.0,7.0,4.0,6.0,85.0,65.0,44.0,6,8.0,10.0,12.0
2026-904,Wimbledon,Grass,128,G,,20260629,26,259799.0,5.0,,Mirra Andreeva,R,,RUS,19.168,5.0,5293.0,202663.0,,,Magda Linette,R,171.0,POL,34.377,65.0,1001.0,7-5 6-4,3,R128,,8.0,7.0,83.0,56.0,38.0,12.0,9.0,6.0,8.0,2.0,2.0,76.0,48.0,29.0,14,7.0,6.0,10.0
2026-904,Wimbledon,Grass,128,G,,20260629,27,214096.0,10.0,,Karolina Muchova,R,178.0,CZE,29.854,6.0,5168.0,220435.0,,,Anastasia Zakharova,R,170.0,RUS,24.444,101.0,768.0,6-3 6-2,3,R128,,10.0,0.0,41.0,31.0,28.0,8.0,9.0,0.0,0.0,0.0,1.0,44.0,33.0,18.0,5,5.0,0.0,3.0
2026-904,Wimbledon,Grass,128,G,,20260629,28,206420.0,18.0,,Ekaterina Alexandrova,R,175.0,RUS,31.62,19.0,2301.0,215910.0,,,Panna Udvardy,R,170.0,HUN,27.751,74.0,953.0,6-4 6-2,3,R128,,5.0,4.0,61.0,40.0,31.0,9.0,8.0,6.0,7.0,5.0,5.0,67.0,41.0,24.0,11,5.0,6.0,10.0
2026-904,Wimbledon,Grass,128,G,,20260629,29,221103.0,7.0,,Coco Gauff,R,175.0,USA,22.295,4.0,5649.0,211337.0,,,Tamara Korpatsch,R,170.0,GER,31.133,46.0,1134.0,6-2 6-1,3,R128,,3.0,2.0,39.0,26.0,23.0,9.0,8.0,0.0,0.0,1.0,2.0,42.0,27.0,15.0,6,3.0,5.0,9.0
2026-904,Wimbledon,Grass,128,G,,20260629,30,222601.0,,,Jessica Bouzas Maneiro,R,,ESP,23.762,59.0,1014.0,215713.0,27.0,,Anastasia Potapova,R,175.0,RUS,25.249,27.0,1667.0,6-2 6-3,3,R128,,0.0,1.0,59.0,34.0,23.0,14.0,7.0,4.0,5.0,0.0,6.0,65.0,25.0,15.0,15,4.0,5.0,10.0
2026-904,Wimbledon,Grass,128,G,,20260629,31,214181.0,,,Anastasia Gasanova,R,,RUS,27.124,190.0,404.0,215306.0,,,Emiliana Arango,R,,COL,25.583,95.0,808.0,6-3 6-1,3,R128,,0.0,8.0,56.0,32.0,25.0,8.0,6.0,5.0,7.0,2.0,1.0,44.0,33.0,16.0,3,2.0,7.0,13.0
2026-904,Wimbledon,Grass,128,G,,20260629,32,220348.0,,,Diane Parry,R,170.0,FRA,23.825,60.0,1011.0,215936.0,,,Francesca Jones,R,,GBR,25.775,110.0,703.0,6-4 6-4,3,R128,,8.0,1.0,60.0,38.0,32.0,10.0,9.0,4.0,5.0,3.0,2.0,70.0,41.0,26.0,14,7.0,8.0,11.0
2026-904,Wimbledon,Grass,128,G,,20260629,33,213631.0,21.0,,Marie Bouzkova,R,180.0,CZE,27.943,24.0,1829.0,221883.0,,,Talia Gibson,R,,AUS,22.032,72.0,958.0,6-1 3-6 6-2,3,R128,,4.0,3.0,80.0,57.0,35.0,10.0,8.0,7.0,11.0,3.0,8.0,111.0,62.0,36.0,18,5.0,10.0,17.0
2026-904,Wimbledon,Grass,128,G,,20260629,34,261972.0,,,Tyra Caterina Grant,R,173.0,ITA,18.3,151.0,514.0,211107.0,,,Katie Boulter,R,180.0,GBR,29.912,69.0,987.0,6-4 6-2,3,R128,,7.0,6.0,47.0,25.0,19.0,17.0,9.0,0.0,0.0,4.0,8.0,48.0,29.0,23.0,6,6.0,2.0,5.0
2026-904,Wimbledon,Grass,128,G,,20260629,35,201619.0,26.0,,Madison Keys,R,178.0,USA,31.365,22.0,1964.0,215037.0,,,Kayla Day,L,173.0,USA,26.755,127.0,591.0,6-7(5) 6-4 6-3,3,R128,,3.0,7.0,105.0,63.0,50.0,20.0,14.0,7.0,8.0,3.0,5.0,119.0,86.0,58.0,14,12.0,5.0,9.0
2026-904,Wimbledon,Grass,128,G,,20260629,36,215042.0,,,Katie Swan,R,170.0,GBR,27.27,202.0,385.0,313169.0,,,Irina-Camelia Begu,,,ROU,,464.0,127.0,6-4 6-4,3,R128,,2.0,3.0,55.0,33.0,29.0,14.0,10.0,1.0,1.0,5.0,2.0,56.0,37.0,25.0,11,8.0,0.0,2.0
2026-904,Wimbledon,Grass,128,G,,20260629,37,213550.0,,,Sofia Kenin,R,170.0,USA,27.625,116.0,684.0,238075.0,,,Petra Marcinko,R,,CRO,20.57,53.0,1074.0,7-6(4) 6-4,3,R128,,2.0,2.0,74.0,51.0,36.0,10.0,8.0,8.0,11.0,4.0,12.0,74.0,43.0,30.0,7,7.0,1.0,5.0
2026-904,Wimbledon,Grass,128,G,,20260629,38,216153.0,6.0,,Amanda Anisimova,R,180.0,USA,24.83,9.0,4353.0,211227.0,,,Lina Gjorcheska,R,180.0,MKD,31.908,218.0,353.0,6-3 6-2,3,R128,,4.0,2.0,48.0,30.0,25.0,13.0,9.0,0.0,0.0,2.0,8.0,51.0,21.0,13.0,14,5.0,1.0,4.0
2026-904,Wimbledon,Grass,128,G,,20260629,39,201662.0,,,Karolina Pliskova,R,184.0,CZE,34.276,63.0,1006.0,238184.0,,,Tereza Valentova,R,168.0,CZE,19.357,64.0,1003.0,6-3 6-4,3,R128,,3.0,7.0,61.0,39.0,32.0,12.0,10.0,1.0,1.0,1.0,0.0,51.0,34.0,20.0,12,7.0,5.0,7.0
2026-904,Wimbledon,Grass,128,G,,20260629,40,206289.0,,,Maria Sakkari,R,172.0,GRE,30.933,33.0,1355.0,220704.0,24.0,,Clara Tauson,R,182.0,DEN,23.524,30.0,1564.0,6-3 6-3,3,R128,,4.0,5.0,59.0,35.0,28.0,12.0,9.0,5.0,5.0,7.0,3.0,48.0,31.0,21.0,7,6.0,0.0,3.0
2026-904,Wimbledon,Grass,128,G,,20260629,41,215872.0,,,Kamilla Rakhimova,R,170.0,RUS,24.838,82.0,894.0,211843.0,,,Anhelina Kalinina,R,179.0,UKR,29.391,54.0,1072.0,4-6 6-4 7-5,3,R128,,3.0,7.0,97.0,53.0,33.0,26.0,12.0,5.0,9.0,3.0,6.0,92.0,48.0,28.0,25,11.0,1.0,6.0
2026-904,Wimbledon,Grass,128,G,,20260629,42,211148.0,13.0,,Jasmine Paolini,R,160.0,ITA,30.487,15.0,2783.0,221905.0,,,Robin Montgomery,L,,USA,21.816,195.0,394.0,0-6 6-4 7-5,3,R128,,4.0,1.0,133.0,125.0,68.0,4.0,9.0,14.0,19.0,7.0,4.0,90.0,76.0,48.0,4,10.0,3.0,7.0
2026-904,Wimbledon,Grass,128,G,,20260629,43,203530.0,,,Viktorija Golubic,R,169.0,SUI,33.704,51.0,1088.0,213576.0,,,Iryna Shymanovich,R,,BLR,29.0,205.0,378.0,6-2 2-6 6-1,3,R128,,2.0,2.0,70.0,45.0,30.0,13.0,9.0,1.0,4.0,2.0,4.0,83.0,50.0,30.0,13,6.0,10.0,15.0
2026-904,Wimbledon,Grass,128,G,,20260629,44,216347.0,3.0,,Iga Swiatek,R,176.0,POL,25.082,8.0,4539.0,203501.0,,,Taylor Townsend,L,170.0,USA,30.205,105.0,748.0,6-1 2-6 6-3,3,R128,,2.0,9.0,85.0,61.0,42.0,10.0,9.0,9.0,12.0,3.0,2.0,76.0,49.0,25.0,15,7.0,2.0,7.0
2026-904,Wimbledon,Grass,128,G,,20260629,45,221237.0,,,Maria Timofeeva,R,,RUS,22.615,96.0,806.0,206242.0,,,Beatriz Haddad Maia,L,185.0,BRA,30.084,152.0,507.0,6-3 6-2,3,R128,,2.0,2.0,68.0,44.0,27.0,14.0,7.0,4.0,6.0,0.0,3.0,50.0,28.0,16.0,6,3.0,1.0,6.0
2026-904,Wimbledon,Grass,128,G,,20260629,46,214040.0,,,Kimberly Birrell,R,170.0,AUS,28.17,66.0,999.0,252499.0,,,Alina Korneeva,,,RUS,19.02,89.0,849.0,6-3 0-6 6-2,3,R128,,1.0,4.0,75.0,40.0,23.0,18.0,7.0,5.0,10.0,4.0,1.0,88.0,59.0,31.0,16,6.0,11.0,16.0
2026-904,Wimbledon,Grass,128,G,,20260629,47,206417.0,,,Leolia Jeanjean,R,166.0,FRA,30.878,117.0,677.0,220662.0,,,Veronika Erjavec,R,,SLO,26.5,100.0,775.0,6-4 4-6 7-6(6),3,R128,,4.0,5.0,109.0,64.0,43.0,21.0,11.0,4.0,9.0,2.0,1.0,128.0,93.0,48.0,21,11.0,11.0,16.0
2026-904,Wimbledon,Grass,128,G,,20260629,48,214981.0,2.0,,Elena Rybakina,R,184.0,KAZ,27.037,2.0,8056.0,222391.0,,,Lois Boisson,R,,FRA,23.124,292.0,238.0,6-4 1-6 6-3,3,R128,,6.0,3.0,78.0,43.0,34.0,18.0,11.0,6.0,8.0,3.0,5.0,83.0,49.0,37.0,16,11.0,8.0,10.0
2026-904,Wimbledon,Grass,128,G,,20260629,49,215020.0,,,Anna Blinkova,R,179.0,RUS,27.803,104.0,749.0,263857.0,,,Yuliia Starodubtseva,R,,UKR,26.366,62.0,1008.0,6-7(3) 6-4 6-1,3,R128,,2.0,3.0,106.0,65.0,47.0,16.0,11.0,11.0,14.0,3.0,3.0,102.0,65.0,38.0,16,8.0,4.0,11.0
2026-904,Wimbledon,Grass,128,G,,20260629,50,215613.0,23.0,,Emma Navarro,R,,USA,25.118,26.0,1674.0,211651.0,,,Paula Badosa,R,180.0,ESP,28.622,84.0,885.0,4-6 6-3 7-5,3,R128,,6.0,4.0,108.0,67.0,48.0,21.0,14.0,6.0,8.0,10.0,7.0,102.0,54.0,43.0,22,12.0,8.0,11.0
2026-904,Wimbledon,Grass,128,G,,20260629,51,216083.0,,,Caty McNally,R,183.0,USA,24.608,73.0,954.0,320408.0,,,Elena-Gabriela Ruse,,,ROU,,75.0,941.0,7-5 6-3,3,R128,,1.0,4.0,73.0,52.0,36.0,9.0,9.0,5.0,7.0,6.0,6.0,70.0,33.0,21.0,18,6.0,4.0,8.0
2026-904,Wimbledon,Grass,128,G,,20260629,52,210722.0,25.0,,Elise Mertens,R,179.0,BEL,30.618,23.0,1948.0,201696.0,,,Laura Siegemund,R,168.0,GER,38.322,88.0,852.0,6-2 6-4,3,R128,,8.0,6.0,57.0,40.0,29.0,6.0,7.0,5.0,7.0,0.0,3.0,52.0,39.0,18.0,7,4.0,1.0,6.0
2026-904,Wimbledon,Grass,128,G,,20260629,53,221407.0,,,Oksana Selekhmeteva,L,175.0,RUS,23.461,97.0,786.0,221257.0,,,Sinja Kraus,R,180.0,AUT,24.17,80.0,907.0,6-1 7-5,3,R128,,0.0,10.0,71.0,39.0,30.0,15.0,8.0,6.0,8.0,2.0,3.0,70.0,36.0,20.0,13,4.0,5.0,10.0
2026-904,Wimbledon,Grass,128,G,,20260629,54,220750.0,,,Daria Snigur,R,,UKR,24.261,43.0,1172.0,202494.0,8.0,,Elina Svitolina,R,174.0,UKR,31.798,10.0,4351.0,7-5 6-2,3,R128,,0.0,0.0,59.0,46.0,27.0,7.0,7.0,3.0,6.0,1.0,4.0,59.0,29.0,16.0,10,4.0,2.0,8.0
2026-904,Wimbledon,Grass,128,G,,20260629,55,213734.0,,,Mariam Bolkvadze,L,,GEO,28.493,420.0,148.0,201548.0,,,Ajla Tomljanovic,R,180.0,AUS,33.148,92.0,815.0,6-2 2-6 6-4,3,R128,,0.0,7.0,87.0,57.0,31.0,11.0,6.0,3.0,10.0,1.0,6.0,81.0,50.0,26.0,11,5.0,4.0,12.0
2026-904,Wimbledon,Grass,128,G,,20260629,56,223253.0,29.0,,Alexandra Eala,L,173.0,PHI,21.104,28.0,1666.0,213887.0,,,Renata Zarazua,R,,MEX,28.748,83.0,894.0,6-1 6-2,3,R128,,0.0,0.0,48.0,29.0,24.0,12.0,8.0,2.0,2.0,0.0,0.0,57.0,45.0,25.0,4,3.0,13.0,17.0
2026-904,Wimbledon,Grass,128,G,,20260629,57,201514.0,17.0,,Sorana Cirstea,R,176.0,ROU,36.231,17.0,2502.0,239383.0,,,Sara Bejlek,L,,CZE,20.411,38.0,1269.0,6-1 7-6(6),3,R128,,2.0,6.0,74.0,52.0,27.0,17.0,8.0,6.0,8.0,1.0,1.0,56.0,26.0,13.0,18,5.0,3.0,7.0
2026-904,Wimbledon,Grass,128,G,,20260629,58,221909.0,,,Ashlyn Krueger,R,185.0,USA,22.147,67.0,997.0,202499.0,31.0,,Donna Vekic,R,179.0,CRO,30.005,35.0,1326.0,3-6 7-6(3) 6-4,3,R128,,6.0,8.0,97.0,55.0,35.0,17.0,9.0,6.0,12.0,6.0,6.0,106.0,55.0,36.0,21,10.0,8.0,14.0
2026-904,Wimbledon,Grass,128,G,,20260629,59,214643.0,,,Liudmila Samsonova,R,180.0,RUS,27.634,70.0,970.0,221236.0,,,Polina Kudermetova,R,,RUS,23.072,108.0,708.0,6-3 6-3,3,R128,,5.0,1.0,56.0,32.0,25.0,14.0,8.0,4.0,5.0,2.0,3.0,51.0,34.0,19.0,7,5.0,3.0,7.0
2026-904,Wimbledon,Grass,128,G,,20260629,60,223670.0,15.0,,Diana Shnaider,L,,RUS,22.243,18.0,2458.0,220332.0,,,Eva Lys,R,165.0,GER,24.463,85.0,871.0,7-5 6-1,3,R128,,2.0,1.0,52.0,37.0,23.0,9.0,7.0,0.0,2.0,0.0,2.0,51.0,35.0,16.0,7,4.0,0.0,6.0
2026-904,Wimbledon,Grass,128,G,,20260629,61,222328.0,9.0,,Linda Noskova,R,,CZE,21.616,7.0,5016.0,230870.0,,,Ella Seidel,R,,GER,21.372,102.0,767.0,6-4 6-3,3,R128,,8.0,1.0,47.0,30.0,22.0,11.0,8.0,0.0,1.0,3.0,3.0,64.0,36.0,21.0,14,6.0,2.0,6.0
2026-904,Wimbledon,Grass,128,G,,20260629,62,216146.0,12.0,,Marta Kostyuk,R,175.0,UKR,24.006,11.0,3925.0,206408.0,,,Nadia Podoroska,R,170.0,ARG,29.383,531.0,101.0,6-1 6-2,3,R128,,6.0,3.0,48.0,27.0,23.0,11.0,8.0,2.0,2.0,0.0,4.0,39.0,22.0,13.0,6,3.0,3.0,7.0
2026-904,Wimbledon,Grass,128,G,,20260629,63,215785.0,,,Camila Osorio,R,162.0,COL,24.521,56.0,1048.0,215899.0,,,Simona Waltert,R,,SUI,25.545,90.0,846.0,6-2 6-1,3,R128,,1.0,1.0,39.0,22.0,18.0,12.0,7.0,1.0,2.0,0.0,3.0,48.0,23.0,11.0,8,2.0,7.0,12.0
2026-904,Wimbledon,Grass,128,G,,20260629,64,233741.0,,,Maya Joint,R,,AUS,20.206,76.0,936.0,200033.0,,,Serena Williams,R,175.0,USA,44.759,1227.0,10.0,6-3 6-7(6) 6-3,3,R128,,10.0,5.0,123.0,100.0,66.0,10.0,13.0,8.0,11.0,7.0,7.0,95.0,75.0,47.0,9,9.0,6.0,11.0
2026-904,Wimbledon,Grass,128,G,,20260629,65,211533.0,,,Jelena Ostapenko,R,177.0,LAT,29.063,29.0,1592.0,222045.0,,,Antonia Ruzic,R,,CRO,23.445,55.0,1062.0,6-2 6-0,3,R64,,8.0,5.0,47.0,24.0,20.0,11.0,6.0,5.0,6.0,1.0,0.0,38.0,27.0,8.0,4,1.0,2.0,8.0
2026-904,Wimbledon,Grass,128,G,,20260629,66,216566.0,,,Mananchaya Sawangkaew,R,,THA,23.976,111.0,701.0,219917.0,,,Alycia Parks,R,185.0,USA,25.498,68.0,989.0,7-5 6-0,3,R64,,3.0,5.0,60.0,50.0,35.0,3.0,8.0,2.0,3.0,5.0,6.0,55.0,37.0,18.0,9,4.0,3.0,8.0
2026-904,Wimbledon,Grass,128,G,,20260629,67,211768.0,14.0,,Naomi Osaka,R,180.0,JPN,28.707,13.0,3086.0,214181.0,,,Anastasia Gasanova,R,,RUS,27.13,190.0,404.0,6-3 6-2,3,R64,,8.0,2.0,47.0,33.0,26.0,10.0,9.0,0.0,0.0,1.0,3.0,59.0,44.0,26.0,10,5.0,3.0,6.0
2026-904,Wimbledon,Grass,128,G,,20260629,68,214082.0,,,Daria Kasatkina,R,170.0,RUS,29.15,61.0,1009.0,222145.0,,,Janice Tjen,R,,INA,24.154,37.0,1282.0,6-7(5) 6-1 6-4,3,R64,,4.0,9.0,121.0,90.0,63.0,12.0,13.0,8.0,10.0,2.0,4.0,94.0,57.0,34.0,18,9.0,3.0,8.0
2026-904,Wimbledon,Grass,128,G,,20260629,69,214906.0,,,Claire Liu,R,170.0,USA,26.1,113.0,692.0,220309.0,,,Zeynep Sonmez,R,,TUR,24.17,52.0,1074.0,7-5 6-3,3,R64,,3.0,3.0,70.0,52.0,35.0,11.0,10.0,0.0,1.0,0.0,2.0,57.0,42.0,28.0,7,7.0,4.0,7.0
2026-904,Wimbledon,Grass,128,G,,20260629,70,214544.0,1.0,,Aryna Sabalenka,R,182.0,BLR,28.157,1.0,8550.0,220520.0,,,Mccartney Kessler,R,,USA,26.982,47.0,1125.0,6-1 7-6(9),3,R64,,7.0,2.0,79.0,47.0,36.0,14.0,9.0,2.0,3.0,1.0,2.0,70.0,41.0,26.0,14,6.0,0.0,3.0
2026-904,Wimbledon,Grass,128,G,,20260629,71,222601.0,,,Jessica Bouzas Maneiro,R,,ESP,23.768,59.0,1014.0,215035.0,,,Dayana Yastremska,R,175.0,UKR,26.128,87.0,867.0,6-3 6-7(1) 6-2,3,R64,,4.0,2.0,92.0,51.0,32.0,20.0,9.0,2.0,7.0,3.0,2.0,100.0,66.0,32.0,17,6.0,3.0,12.0
2026-904,Wimbledon,Grass,128,G,,20260629,72,214096.0,10.0,,Karolina Muchova,R,178.0,CZE,29.86,6.0,5168.0,201533.0,,,Shuai Zhang,R,177.0,CHN,37.441,57.0,1020.0,6-3 6-2,3,R64,,9.0,4.0,59.0,35.0,30.0,12.0,9.0,6.0,6.0,3.0,2.0,47.0,30.0,19.0,6,5.0,3.0,6.0
2026-904,Wimbledon,Grass,128,G,,20260629,73,214939.0,19.0,,Anna Kalinskaya,R,175.0,RUS,27.579,20.0,2007.0,220348.0,,,Diane Parry,R,170.0,FRA,23.831,60.0,1011.0,6-4 3-6 7-6(8),3,R64,,6.0,8.0,97.0,62.0,43.0,18.0,11.0,2.0,6.0,9.0,6.0,131.0,79.0,56.0,23,12.0,17.0,21.0
2026-904,Wimbledon,Grass,128,G,,20260629,74,221103.0,7.0,,Coco Gauff,R,175.0,USA,22.3,4.0,5649.0,221333.0,,,Solana Sierra,R,,ARG,22.037,86.0,867.0,6-3 3-6 7-6(7),3,R64,,10.0,5.0,92.0,50.0,39.0,21.0,12.0,4.0,7.0,0.0,9.0,110.0,67.0,45.0,20,12.0,6.0,9.0
2026-904,Wimbledon,Grass,128,G,,20260629,75,223360.0,,,Nikola Bartunkova,R,,CZE,20.345,41.0,1231.0,211701.0,32.0,,Katerina Siniakova,R,174.0,CZE,30.142,36.0,1285.0,6-2 6-4,3,R64,,2.0,2.0,56.0,29.0,21.0,16.0,8.0,1.0,2.0,2.0,6.0,56.0,34.0,24.0,6,5.0,2.0,6.0
2026-904,Wimbledon,Grass,128,G,,20260629,76,206252.0,,,Barbora Krejcikova,R,178.0,CZE,30.536,25.0,1776.0,259799.0,5.0,,Mirra Andreeva,R,,RUS,19.174,5.0,5293.0,4-6 7-5 6-4,3,R64,,9.0,4.0,115.0,73.0,45.0,22.0,12.0,12.0,16.0,5.0,4.0,111.0,65.0,42.0,24,11.0,7.0,12.0
2026-904,Wimbledon,Grass,128,G,,20260629,77,202468.0,4.0,,Jessica Pegula,R,170.0,USA,32.348,3.0,6300.0,204427.0,,,Sara Sorribes Tormo,R,176.0,ESP,29.728,214.0,357.0,7-6(6) 6-1,3,R64,,5.0,0.0,62.0,39.0,26.0,11.0,6.0,2.0,6.0,0.0,1.0,58.0,42.0,20.0,5,3.0,3.0,9.0
2026-904,Wimbledon,Grass,128,G,,20260629,78,260300.0,16.0,,Iva Jovic,R,,USA,18.568,16.0,2636.0,213583.0,,,Tatjana Maria,R,172.0,GER,38.897,79.0,913.0,6-1 6-2,3,R64,,5.0,2.0,52.0,31.0,22.0,13.0,8.0,2.0,2.0,3.0,3.0,45.0,28.0,17.0,4,3.0,4.0,8.0
2026-904,Wimbledon,Grass,128,G,,20260629,79,202505.0,11.0,,Belinda Bencic,R,175.0,SUI,29.309,14.0,2845.0,216133.0,,,Xinyu Wang,R,182.0,CHN,24.762,42.0,1193.0,7-5 6-0,3,R64,,1.0,1.0,45.0,29.0,25.0,12.0,9.0,2.0,2.0,6.0,2.0,63.0,41.0,23.0,9,5.0,2.0,6.0
2026-904,Wimbledon,Grass,128,G,,20260629,80,206420.0,18.0,,Ekaterina Alexandrova,R,175.0,RUS,31.626,19.0,2301.0,222290.0,,,Lanlana Tararudee,R,,THA,21.983,78.0,916.0,7-5 7-5,3,R64,,7.0,1.0,81.0,50.0,32.0,17.0,9.0,6.0,9.0,1.0,2.0,74.0,45.0,29.0,12,7.0,6.0,11.0
2026-904,Wimbledon,Grass,128,G,,20260629,81,213631.0,21.0,,Marie Bouzkova,R,180.0,CZE,27.949,24.0,1829.0,261972.0,,,Tyra Caterina Grant,R,173.0,ITA,18.306,151.0,514.0,7-5 6-3,3,R64,,1.0,4.0,61.0,46.0,34.0,6.0,9.0,2.0,4.0,1.0,11.0,73.0,34.0,24.0,16,6.0,2.0,6.0
2026-904,Wimbledon,Grass,128,G,,20260629,82,214643.0,,,Liudmila Samsonova,R,180.0,RUS,27.639,70.0,970.0,223670.0,15.0,,Diana Shnaider,L,,RUS,22.248,18.0,2458.0,6-4 4-6 6-2,3,R64,,4.0,6.0,85.0,40.0,33.0,18.0,11.0,6.0,9.0,1.0,6.0,88.0,55.0,30.0,17,9.0,2.0,7.0
2026-904,Wimbledon,Grass,128,G,,20260629,83,220750.0,,,Daria Snigur,R,,UKR,24.266,43.0,1172.0,206417.0,,,Leolia Jeanjean,R,166.0,FRA,30.884,117.0,677.0,6-4 6-3,3,R64,,3.0,1.0,65.0,52.0,35.0,5.0,7.0,4.0,6.0,1.0,6.0,64.0,33.0,21.0,11,5.0,2.0,7.0
2026-904,Wimbledon,Grass,128,G,,20260629,84,215613.0,23.0,,Emma Navarro,R,,USA,25.123,26.0,1674.0,221407.0,,,Oksana Selekhmeteva,L,175.0,RUS,23.467,97.0,786.0,3-6 6-4 6-1,3,R64,,1.0,10.0,83.0,37.0,28.0,23.0,10.0,8.0,11.0,1.0,12.0,85.0,53.0,35.0,13,8.0,6.0,11.0
2026-904,Wimbledon,Grass,128,G,,20260629,85,221909.0,,,Ashlyn Krueger,R,185.0,USA,22.152,67.0,997.0,213734.0,,,Mariam Bolkvadze,L,,GEO,28.499,420.0,148.0,6-1 6-0,3,R64,,5.0,5.0,49.0,30.0,23.0,8.0,6.0,5.0,6.0,0.0,5.0,38.0,27.0,9.0,2,0.0,5.0,11.0
2026-904,Wimbledon,Grass,128,G,,20260629,86,201619.0,26.0,,Madison Keys,R,178.0,USA,31.371,22.0,1964.0,215042.0,,,Katie Swan,R,170.0,GBR,27.275,202.0,385.0,6-1 6-4,3,R64,,3.0,2.0,72.0,40.0,26.0,16.0,7.0,6.0,8.0,0.0,6.0,54.0,31.0,17.0,8,3.0,7.0,12.0
2026-904,Wimbledon,Grass,128,G,,20260629,87,223253.0,29.0,,Alexandra Eala,L,173.0,PHI,21.109,28.0,1666.0,233741.0,,,Maya Joint,R,,AUS,20.211,76.0,936.0,3-6 6-2 6-0,3,R64,,4.0,2.0,80.0,48.0,27.0,21.0,10.0,4.0,6.0,1.0,3.0,97.0,54.0,29.0,21,6.0,14.0,19.0
2026-904,Wimbledon,Grass,128,G,,20260629,88,216347.0,3.0,,Iga Swiatek,R,176.0,POL,25.087,8.0,4539.0,201662.0,,,Karolina Pliskova,R,184.0,CZE,34.281,63.0,1006.0,6-1 6-3,3,R64,,0.0,5.0,48.0,37.0,26.0,5.0,6.0,2.0,4.0,2.0,5.0,51.0,36.0,15.0,4,2.0,2.0,8.0
2026-904,Wimbledon,Grass,128,G,,20260629,89,216146.0,12.0,,Marta Kostyuk,R,175.0,UKR,24.011,11.0,3925.0,215020.0,,,Anna Blinkova,R,179.0,RUS,27.809,104.0,749.0,6-7(5) 6-3 6-3,3,R64,,5.0,11.0,124.0,67.0,48.0,23.0,11.0,10.0,14.0,0.0,8.0,120.0,69.0,39.0,21,8.0,12.0,19.0
2026-904,Wimbledon,Grass,128,G,,20260629,90,216153.0,6.0,,Amanda Anisimova,R,180.0,USA,24.836,9.0,4353.0,213550.0,,,Sofia Kenin,R,170.0,USA,27.631,116.0,684.0,6-2 4-6 7-6(3),3,R64,,20.0,6.0,105.0,78.0,53.0,14.0,11.0,6.0,10.0,0.0,6.0,90.0,59.0,41.0,12,10.0,5.0,10.0
2026-904,Wimbledon,Grass,128,G,,20260629,91,206289.0,,,Maria Sakkari,R,172.0,GRE,30.938,33.0,1355.0,215872.0,,,Kamilla Rakhimova,R,170.0,RUS,24.844,82.0,894.0,6-3 0-6 7-6(7),3,R64,,10.0,5.0,111.0,55.0,39.0,22.0,8.0,10.0,15.0,1.0,6.0,97.0,58.0,42.0,14,10.0,6.0,10.0
2026-904,Wimbledon,Grass,128,G,,20260629,92,210722.0,25.0,,Elise Mertens,R,179.0,BEL,30.623,23.0,1948.0,221237.0,,,Maria Timofeeva,R,,RUS,22.621,96.0,806.0,2-6 6-3 6-0,3,R64,,2.0,5.0,76.0,42.0,25.0,18.0,8.0,3.0,7.0,1.0,3.0,70.0,42.0,24.0,10,5.0,5.0,11.0
2026-904,Wimbledon,Grass,128,G,,20260629,93,201514.0,17.0,,Sorana Cirstea,R,176.0,ROU,36.236,17.0,2502.0,214040.0,,,Kimberly Birrell,R,170.0,AUS,28.176,66.0,999.0,6-3 6-4,3,R64,,6.0,1.0,54.0,36.0,27.0,10.0,9.0,0.0,1.0,2.0,6.0,56.0,33.0,22.0,11,6.0,3.0,6.0
2026-904,Wimbledon,Grass,128,G,,20260629,94,211148.0,13.0,,Jasmine Paolini,R,160.0,ITA,30.492,15.0,2783.0,203530.0,,,Viktorija Golubic,R,169.0,SUI,33.709,51.0,1088.0,7-6(0) 6-4,3,R64,,0.0,3.0,85.0,54.0,30.0,18.0,7.0,6.0,10.0,0.0,2.0,71.0,51.0,27.0,7,6.0,4.0,9.0
2026-904,Wimbledon,Grass,128,G,,20260629,95,214981.0,2.0,,Elena Rybakina,R,184.0,KAZ,27.042,2.0,8056.0,216083.0,,,Caty McNally,R,183.0,USA,24.614,73.0,954.0,6-1 6-2,3,R64,,1.0,3.0,55.0,30.0,24.0,14.0,8.0,3.0,3.0,1.0,4.0,49.0,37.0,17.0,7,3.0,6.0,10.0
2026-904,Wimbledon,Grass,128,G,,20260629,96,222328.0,9.0,,Linda Noskova,R,,CZE,21.621,7.0,5016.0,215785.0,,,Camila Osorio,R,162.0,COL,24.526,56.0,1048.0,6-3 4-6 6-2,3,R64,,9.0,5.0,95.0,57.0,43.0,19.0,12.0,3.0,5.0,3.0,6.0,86.0,57.0,37.0,12,9.0,5.0,9.0
2026-904,Wimbledon,Grass,128,G,,20260629,97,202505.0,11.0,,Belinda Bencic,R,175.0,SUI,29.315,14.0,2845.0,214939.0,19.0,,Anna Kalinskaya,R,175.0,RUS,27.584,20.0,2007.0,6-4 4-6 7-6(6),3,R32,,6.0,8.0,111.0,69.0,48.0,19.0,11.0,7.0,12.0,6.0,4.0,105.0,65.0,43.0,19,11.0,4.0,9.0
2026-904,Wimbledon,Grass,128,G,,20260629,98,211768.0,14.0,,Naomi Osaka,R,180.0,JPN,28.712,13.0,3086.0,214082.0,,,Daria Kasatkina,R,170.0,RUS,29.156,61.0,1009.0,6-1 6-3,3,R32,,5.0,0.0,44.0,27.0,22.0,8.0,7.0,0.0,1.0,1.0,5.0,60.0,39.0,21.0,7,3.0,7.0,12.0
2026-904,Wimbledon,Grass,128,G,,20260629,99,260300.0,16.0,,Iva Jovic,R,,USA,18.574,16.0,2636.0,206420.0,18.0,,Ekaterina Alexandrova,R,175.0,RUS,31.631,19.0,2301.0,6-3 3-6 6-4,3,R32,,2.0,2.0,107.0,62.0,35.0,26.0,10.0,14.0,18.0,6.0,2.0,100.0,64.0,37.0,18,9.0,4.0,9.0
2026-904,Wimbledon,Grass,128,G,,20260629,100,202468.0,4.0,,Jessica Pegula,R,170.0,USA,32.354,3.0,6300.0,222601.0,,,Jessica Bouzas Maneiro,R,,ESP,23.773,59.0,1014.0,6-1 6-3,3,R32,,2.0,2.0,46.0,29.0,23.0,9.0,7.0,1.0,2.0,0.0,3.0,45.0,26.0,12.0,7,3.0,3.0,8.0
2026-904,Wimbledon,Grass,128,G,,20260629,101,206252.0,,,Barbora Krejcikova,R,178.0,CZE,30.541,25.0,1776.0,223360.0,,,Nikola Bartunkova,R,,CZE,20.351,41.0,1231.0,6-3 7-5,3,R32,,2.0,7.0,86.0,55.0,34.0,14.0,7.0,9.0,13.0,5.0,5.0,74.0,37.0,20.0,14,4.0,6.0,12.0
2026-904,Wimbledon,Grass,128,G,,20260629,102,214544.0,1.0,,Aryna Sabalenka,R,182.0,BLR,28.162,1.0,8550.0,211533.0,,,Jelena Ostapenko,R,177.0,LAT,29.068,29.0,1592.0,6-4 6-4,3,R32,,9.0,2.0,58.0,38.0,27.0,10.0,8.0,2.0,4.0,4.0,4.0,70.0,40.0,25.0,14,6.0,7.0,11.0
2026-904,Wimbledon,Grass,128,G,,20260629,103,221103.0,7.0,,Coco Gauff,R,175.0,USA,22.306,4.0,5649.0,214906.0,,,Claire Liu,R,170.0,USA,26.106,113.0,692.0,6-3 6-7(5) 6-2,3,R32,,1.0,6.0,99.0,60.0,43.0,19.0,12.0,4.0,6.0,0.0,4.0,107.0,76.0,47.0,11,9.0,8.0,14.0
2026-904,Wimbledon,Grass,128,G,,20260629,104,214096.0,10.0,,Karolina Muchova,R,178.0,CZE,29.865,6.0,5168.0,216566.0,,,Mananchaya Sawangkaew,R,,THA,23.981,111.0,701.0,6-2 7-6(1),3,R32,,1.0,0.0,67.0,42.0,30.0,15.0,9.0,4.0,5.0,0.0,4.0,68.0,39.0,27.0,12,7.0,4.0,7.0
2026-904,Wimbledon,Grass,128,G,,20260629,105,216146.0,12.0,,Marta Kostyuk,R,175.0,UKR,24.017,11.0,3925.0,215613.0,23.0,,Emma Navarro,R,,USA,25.129,26.0,1674.0,6-2 4-6 6-1,3,R32,,2.0,2.0,81.0,51.0,37.0,19.0,12.0,4.0,5.0,1.0,5.0,80.0,44.0,34.0,10,8.0,5.0,9.0
2026-904,Wimbledon,Grass,128,G,,20260629,106,213631.0,21.0,,Marie Bouzkova,R,180.0,CZE,27.954,24.0,1829.0,214643.0,,,Liudmila Samsonova,R,180.0,RUS,27.645,70.0,970.0,4-6 7-6(3) 6-4,3,R32,,2.0,4.0,134.0,93.0,63.0,17.0,13.0,17.0,20.0,6.0,7.0,113.0,59.0,41.0,27,13.0,6.0,9.0
2026-904,Wimbledon,Grass,128,G,,20260629,107,221909.0,,,Ashlyn Krueger,R,185.0,USA,22.158,67.0,997.0,220750.0,,,Daria Snigur,R,,UKR,24.272,43.0,1172.0,6-3 6-2,3,R32,,5.0,8.0,58.0,37.0,31.0,9.0,9.0,4.0,4.0,0.0,1.0,53.0,40.0,21.0,8,5.0,3.0,6.0
2026-904,Wimbledon,Grass,128,G,,20260629,108,210722.0,25.0,,Elise Mertens,R,179.0,BEL,30.629,23.0,1948.0,214981.0,2.0,,Elena Rybakina,R,184.0,KAZ,27.048,2.0,8056.0,7-6(4) 6-1,3,R32,,4.0,10.0,78.0,50.0,39.0,9.0,8.0,8.0,10.0,2.0,6.0,57.0,24.0,18.0,12,5.0,6.0,10.0
2026-904,Wimbledon,Grass,128,G,,20260629,109,223253.0,29.0,,Alexandra Eala,L,173.0,PHI,21.115,28.0,1666.0,216347.0,3.0,,Iga Swiatek,R,176.0,POL,25.093,8.0,4539.0,7-6(9) 6-2,3,R32,,4.0,0.0,101.0,63.0,36.0,21.0,7.0,8.0,11.0,1.0,5.0,69.0,47.0,27.0,7,5.0,2.0,7.0
2026-904,Wimbledon,Grass,128,G,,20260629,110,211148.0,13.0,,Jasmine Paolini,R,160.0,ITA,30.498,15.0,2783.0,206289.0,,,Maria Sakkari,R,172.0,GRE,30.944,33.0,1355.0,6-1 6-2,3,R32,,1.0,0.0,45.0,32.0,27.0,7.0,8.0,2.0,2.0,1.0,4.0,50.0,28.0,14.0,10,3.0,6.0,10.0
2026-904,Wimbledon,Grass,128,G,,20260629,111,222328.0,9.0,,Linda Noskova,R,,CZE,21.627,7.0,5016.0,201514.0,17.0,,Sorana Cirstea,R,176.0,ROU,36.242,17.0,2502.0,2-6 6-3 7-6(9),3,R32,,4.0,6.0,107.0,68.0,45.0,18.0,10.0,3.0,8.0,12.0,1.0,103.0,67.0,40.0,19,10.0,5.0,9.0
2026-904,Wimbledon,Grass,128,G,,20260629,112,201619.0,26.0,,Madison Keys,R,178.0,USA,31.376,22.0,1964.0,216153.0,6.0,,Amanda Anisimova,R,180.0,USA,24.841,9.0,4353.0,3-6 6-2 6-3,3,R32,,4.0,2.0,72.0,51.0,39.0,12.0,12.0,1.0,2.0,2.0,7.0,89.0,59.0,37.0,16,10.0,2.0,5.0
2026-904,Wimbledon,Grass,128,G,,20260629,113,202468.0,4.0,,Jessica Pegula,R,170.0,USA,32.359,3.0,6300.0,260300.0,16.0,,Iva Jovic,R,,USA,18.579,16.0,2636.0,4-6 6-3 6-1,3,R16,,2.0,0.0,76.0,47.0,30.0,12.0,8.0,3.0,8.0,1.0,1.0,88.0,48.0,23.0,17,5.0,9.0,17.0
2026-904,Wimbledon,Grass,128,G,,20260629,114,214096.0,10.0,,Karolina Muchova,R,178.0,CZE,29.871,6.0,5168.0,206252.0,,,Barbora Krejcikova,R,178.0,CZE,30.547,25.0,1776.0,7-5 5-7 6-3,3,R16,,9.0,2.0,94.0,61.0,46.0,22.0,15.0,4.0,6.0,4.0,2.0,111.0,64.0,45.0,24,13.0,7.0,10.0
2026-904,Wimbledon,Grass,128,G,,20260629,115,211768.0,14.0,,Naomi Osaka,R,180.0,JPN,28.718,13.0,3086.0,214544.0,1.0,,Aryna Sabalenka,R,182.0,BLR,28.168,1.0,8550.0,6-2 7-6(2),3,R16,,8.0,1.0,61.0,38.0,33.0,14.0,10.0,2.0,2.0,5.0,1.0,66.0,36.0,25.0,18,8.0,2.0,4.0
2026-904,Wimbledon,Grass,128,G,,20260629,116,221103.0,7.0,,Coco Gauff,R,175.0,USA,22.311,4.0,5649.0,202505.0,11.0,,Belinda Bencic,R,175.0,SUI,29.32,14.0,2845.0,4-6 6-3 6-4,3,R16,,4.0,9.0,98.0,58.0,40.0,16.0,11.0,3.0,7.0,1.0,3.0,103.0,68.0,42.0,14,9.0,7.0,12.0
2026-904,Wimbledon,Grass,128,G,,20260629,117,216146.0,12.0,,Marta Kostyuk,R,175.0,UKR,24.022,11.0,3925.0,221909.0,,,Ashlyn Krueger,R,185.0,USA,22.163,67.0,997.0,6-4 6-4,3,R16,,2.0,1.0,58.0,30.0,20.0,18.0,8.0,0.0,2.0,1.0,6.0,74.0,50.0,29.0,11,6.0,6.0,10.0
2026-904,Wimbledon,Grass,128,G,,20260629,118,210722.0,25.0,,Elise Mertens,R,179.0,BEL,30.634,23.0,1948.0,213631.0,21.0,,Marie Bouzkova,R,180.0,CZE,27.96,24.0,1829.0,6-4 6-4,3,R16,,2.0,4.0,82.0,45.0,30.0,16.0,7.0,10.0,13.0,1.0,6.0,55.0,35.0,22.0,6,5.0,3.0,8.0
2026-904,Wimbledon,Grass,128,G,,20260629,119,211148.0,13.0,,Jasmine Paolini,R,160.0,ITA,30.503,15.0,2783.0,223253.0,29.0,,Alexandra Eala,L,173.0,PHI,21.12,28.0,1666.0,6-4 4-6 6-3,3,R16,,2.0,1.0,102.0,72.0,44.0,20.0,12.0,7.0,10.0,2.0,3.0,88.0,49.0,32.0,19,10.0,5.0,9.0
2026-904,Wimbledon,Grass,128,G,,20260629,120,222328.0,9.0,,Linda Noskova,R,,CZE,21.632,7.0,5016.0,201619.0,26.0,,Madison Keys,R,178.0,USA,31.382,22.0,1964.0,6-4 7-6(2),3,R16,,4.0,5.0,71.0,51.0,38.0,12.0,10.0,5.0,6.0,9.0,5.0,76.0,44.0,31.0,15,9.0,0.0,2.0
2026-904,Wimbledon,Grass,128,G,,20260629,121,221103.0,7.0,,Coco Gauff,R,175.0,USA,22.317,4.0,5649.0,202468.0,4.0,,Jessica Pegula,R,170.0,USA,32.365,3.0,6300.0,4-6 6-3 6-3,3,QF,,7.0,7.0,92.0,58.0,39.0,16.0,11.0,4.0,7.0,2.0,2.0,72.0,49.0,28.0,12,9.0,0.0,5.0
2026-904,Wimbledon,Grass,128,G,,20260629,122,214096.0,10.0,,Karolina Muchova,R,178.0,CZE,29.876,6.0,5168.0,211768.0,14.0,,Naomi Osaka,R,180.0,JPN,28.723,13.0,3086.0,7-6(4) 6-4,3,QF,,7.0,2.0,65.0,45.0,36.0,10.0,9.0,1.0,3.0,9.0,4.0,88.0,52.0,35.0,15,8.0,4.0,7.0
2026-904,Wimbledon,Grass,128,G,,20260629,123,222328.0,9.0,,Linda Noskova,R,,CZE,21.638,7.0,5016.0,210722.0,25.0,,Elise Mertens,R,179.0,BEL,30.64,23.0,1948.0,6-3 7-5,3,QF,,7.0,3.0,67.0,47.0,37.0,12.0,11.0,1.0,1.0,4.0,4.0,87.0,49.0,35.0,15,8.0,9.0,11.0
2026-904,Wimbledon,Grass,128,G,,20260629,124,216146.0,12.0,,Marta Kostyuk,R,175.0,UKR,24.028,11.0,3925.0,211148.0,13.0,,Jasmine Paolini,R,160.0,ITA,30.508,15.0,2783.0,6-3 6-2,3,QF,,3.0,3.0,42.0,21.0,19.0,14.0,8.0,0.0,0.0,0.0,1.0,65.0,43.0,26.0,9,5.0,4.0,8.0
2026-904,Wimbledon,Grass,128,G,,20260629,125,214096.0,10.0,,Karolina Muchova,R,178.0,CZE,29.882,6.0,5168.0,221103.0,7.0,,Coco Gauff,R,175.0,USA,22.322,4.0,5649.0,6-2 1-6 7-6(10),3,SF,,3.0,0.0,97.0,53.0,37.0,25.0,11.0,11.0,13.0,3.0,2.0,96.0,53.0,37.0,26,12.0,4.0,6.0
2026-904,Wimbledon,Grass,128,G,,20260629,126,222328.0,9.0,,Linda Noskova,R,,CZE,21.64,7.0,5016.0,216146.0,12.0,,Marta Kostyuk,R,175.0,UKR,24.031,11.0,3925.0,6-4 6-4,3,SF,,1.0,2.0,62.0,42.0,32.0,11.0,9.0,0.0,1.0,5.0,2.0,60.0,30.0,23.0,13,7.0,3.0,6.0
2026-904,Wimbledon,Grass,128,G,,20260629,127,222328.0,9.0,,Linda Noskova,R,,CZE,21.646,7.0,5016.0,214096.0,10.0,,Karolina Muchova,R,178.0,CZE,29.887,6.0,5168.0,6-2 5-7 6-3,3,F,,10.0,4.0,107.0,80.0,59.0,12.0,13.0,13.0,15.0,6.0,1.0,94.0,67.0,43.0,13,10.0,9.0,13.0
2026-1175,Athens,Hard,32,250,,20260713,1,215988.0,,,Mai Hontama,R,,JPN,26.87,189.0,412.0,202663.0,8.0,,Magda Linette,R,171.0,POL,34.415,65.0,1001.0,6-4 7-5,3,R32,106.0,0.0,3.0,69.0,42.0,25.0,13.0,11.0,4.0,8.0,3.0,0.0,74.0,45.0,22.0,15,11.0,3.0,9.0
2026-1175,Athens,Hard,32,250,,20260713,2,221012.0,,,Qinwen Zheng,R,,CHN,23.762,123.0,610.0,222601.0,6.0,,Jessica Bouzas Maneiro,R,,ESP,23.801,59.0,1014.0,7-5 6-1,3,R32,109.0,7.0,3.0,89.0,51.0,32.0,21.0,10.0,6.0,7.0,0.0,1.0,66.0,42.0,26.0,11,9.0,3.0,7.0
2026-1175,Athens,Hard,32,250,,20260713,3,260172.0,,Q,Lilli Tagger,,,AUT,18.401,45.0,1160.0,327469.0,,WC,Marianne Argyrokastriti,,,GRE,,,,6-1 6-1,3,R32,68.0,1.0,2.0,41.0,28.0,22.0,7.0,7.0,0.0,0.0,1.0,1.0,47.0,29.0,15.0,4,7.0,3.0,8.0
2026-1175,Athens,Hard,32,250,,20260713,4,239383.0,5.0,,Sara Bejlek,L,,CZE,20.447,38.0,1269.0,215077.0,,Q,Viktoria Morvayova,,,SVK,25.342,289.0,241.0,6-0 7-5,3,R32,89.0,1.0,4.0,69.0,39.0,24.0,16.0,9.0,4.0,7.0,0.0,5.0,58.0,35.0,19.0,4,9.0,2.0,9.0
2026-1175,Athens,Hard,32,250,,20260713,5,211279.0,,,Harriet Dart,R,175.0,GBR,29.958,143.0,541.0,326113.0,,Q,Mina Hodzic,,,GER,,296.0,236.0,6-3 3-6 7-6(4),3,R32,165.0,0.0,3.0,100.0,52.0,34.0,17.0,15.0,3.0,11.0,0.0,3.0,105.0,59.0,32.0,18,15.0,4.0,12.0
2026-1175,Athens,Hard,32,250,,20260713,6,206289.0,4.0,,Maria Sakkari,R,172.0,GRE,30.968,33.0,1355.0,221236.0,,,Polina Kudermetova,R,,RUS,23.108,108.0,708.0,6-0 7-6(1),3,R32,83.0,3.0,1.0,57.0,31.0,22.0,16.0,9.0,0.0,2.0,3.0,5.0,58.0,37.0,20.0,5,9.0,3.0,8.0
2026-1175,Athens,Hard,32,250,,20260713,7,330920.0,,Q,Elena Micic,,,AUS,,269.0,267.0,213657.0,,WC,Martha Matoula,R,,GRE,29.213,316.0,217.0,7-5 6-3,3,R32,112.0,2.0,6.0,77.0,51.0,28.0,10.0,11.0,7.0,12.0,0.0,9.0,83.0,40.0,22.0,16,10.0,10.0,17.0
2026-1175,Athens,Hard,32,250,,20260713,8,219917.0,,,Alycia Parks,R,185.0,USA,25.531,68.0,989.0,204394.0,,WC,Valentini Grammatikopoulou,,,GRE,29.422,557.0,91.0,7-6(3) 6-4,3,R32,119.0,5.0,13.0,87.0,43.0,30.0,15.0,11.0,6.0,11.0,0.0,7.0,76.0,41.0,22.0,14,11.0,4.0,10.0
2026-1175,Athens,Hard,32,250,,20260713,9,252499.0,,,Alina Korneeva,,,RUS,19.059,89.0,849.0,256684.0,,Q,Aoi Ito,,,JPN,22.147,235.0,313.0,6-2 6-1,3,R32,55.0,1.0,1.0,38.0,29.0,19.0,5.0,7.0,0.0,2.0,0.0,4.0,49.0,34.0,11.0,5,8.0,3.0,10.0
2026-1175,Athens,Hard,32,250,,20260713,10,206252.0,3.0,,Barbora Krejcikova,R,178.0,CZE,30.571,25.0,1776.0,202600.0,,,Viktoriya Tomova,R,170.0,BUL,31.382,234.0,314.0,6-3 6-3,3,R32,79.0,3.0,7.0,57.0,37.0,26.0,5.0,9.0,4.0,8.0,0.0,5.0,61.0,36.0,15.0,8,9.0,8.0,15.0
2026-1175,Athens,Hard,32,250,,20260713,11,220733.0,,,Carole Monnet,L,,FRA,24.617,200.0,386.0,214119.0,,,Rebeka Masarova,R,186.0,ESP,26.938,166.0,460.0,4-6 6-2 7-6(10),3,R32,164.0,1.0,8.0,116.0,81.0,55.0,13.0,15.0,7.0,12.0,4.0,8.0,107.0,70.0,43.0,16,15.0,3.0,9.0
2026-1175,Athens,Hard,32,250,,20260713,12,210847.0,,LL,Miriana Tona,,,ITA,31.511,358.0,178.0,327193.0,,WC,Sapfo Sakellaridi,,,GRE,,444.0,134.0,7-6(2) 5-7 6-2,3,R32,188.0,5.0,5.0,125.0,78.0,54.0,22.0,16.0,13.0,17.0,10.0,1.0,108.0,54.0,36.0,27,16.0,10.0,15.0
2026-1175,Athens,Hard,32,250,,20260713,13,220704.0,1.0,,Clara Tauson,R,182.0,DEN,23.562,30.0,1564.0,211702.0,,Q,Nao Hibino,R,163.0,JPN,31.626,226.0,340.0,7-5 6-4,3,R32,106.0,6.0,5.0,79.0,54.0,36.0,11.0,11.0,6.0,8.0,2.0,3.0,76.0,48.0,33.0,9,11.0,10.0,14.0
2026-1175,Athens,Hard,32,250,,20260713,14,205925.0,,,Aliaksandra Sasnovich,R,174.0,BLR,32.313,136.0,563.0,215020.0,,,Anna Blinkova,R,179.0,RUS,27.842,104.0,749.0,3-6 6-2 6-2,3,R32,121.0,2.0,4.0,94.0,66.0,44.0,10.0,13.0,14.0,18.0,1.0,4.0,58.0,37.0,20.0,10,12.0,0.0,6.0
2026-1175,Athens,Hard,32,250,,20260713,15,215983.0,2.0,,Ann Li,R,170.0,USA,26.048,31.0,1541.0,221237.0,,,Maria Timofeeva,R,,RUS,22.653,96.0,806.0,6-2 6-1,3,R32,79.0,3.0,1.0,50.0,24.0,20.0,13.0,7.0,3.0,3.0,0.0,4.0,64.0,40.0,18.0,12,8.0,7.0,12.0
2026-1175,Athens,Hard,32,250,,20260713,16,238184.0,7.0,,Tereza Valentova,R,168.0,CZE,19.395,64.0,1003.0,223321.0,,,Sofia Costoulas,,,BEL,21.282,158.0,486.0,6-1 6-2,3,R32,83.0,4.0,3.0,55.0,30.0,23.0,8.0,7.0,7.0,9.0,0.0,5.0,59.0,37.0,16.0,6,8.0,7.0,14.0
2026-1175,Athens,Hard,32,250,,20260713,17,221012.0,,,Qinwen Zheng,R,,CHN,23.768,123.0,610.0,330920.0,,Q,Elena Micic,,,AUS,,269.0,267.0,6-4 6-1,3,R16,75.0,13.0,1.0,54.0,27.0,21.0,15.0,8.0,0.0,0.0,1.0,2.0,59.0,37.0,24.0,7,9.0,2.0,6.0
2026-1175,Athens,Hard,32,250,,20260713,18,206289.0,4.0,,Maria Sakkari,R,172.0,GRE,30.974,33.0,1355.0,211279.0,,,Harriet Dart,R,175.0,GBR,29.964,143.0,541.0,6-1 6-2,3,R16,70.0,1.0,1.0,41.0,26.0,20.0,9.0,8.0,1.0,2.0,0.0,4.0,50.0,25.0,13.0,9,7.0,4.0,9.0
2026-1175,Athens,Hard,32,250,,20260713,19,219917.0,,,Alycia Parks,R,185.0,USA,25.536,68.0,989.0,215988.0,,,Mai Hontama,R,,JPN,26.875,189.0,412.0,6-7(4) 6-2 7-5,3,R16,143.0,10.0,14.0,109.0,60.0,44.0,19.0,16.0,7.0,12.0,1.0,7.0,104.0,73.0,43.0,12,16.0,0.0,8.0
2026-1175,Athens,Hard,32,250,,20260713,20,239383.0,5.0,,Sara Bejlek,L,,CZE,20.452,38.0,1269.0,260172.0,,Q,Lilli Tagger,,,AUT,18.407,45.0,1160.0,6-2 6-2,3,R16,70.0,1.0,1.0,45.0,35.0,21.0,5.0,8.0,0.0,3.0,0.0,4.0,51.0,39.0,14.0,3,8.0,1.0,8.0
2026-1175,Athens,Hard,32,250,,20260713,21,252499.0,,,Alina Korneeva,,,RUS,19.064,89.0,849.0,215983.0,2.0,,Ann Li,R,170.0,USA,26.054,31.0,1541.0,6-2 6-2,3,R16,66.0,2.0,2.0,40.0,30.0,22.0,5.0,8.0,0.0,2.0,0.0,2.0,60.0,38.0,18.0,7,8.0,6.0,12.0
2026-1175,Athens,Hard,32,250,,20260713,22,238184.0,7.0,,Tereza Valentova,R,168.0,CZE,19.401,64.0,1003.0,205925.0,,,Aliaksandra Sasnovich,R,174.0,BLR,32.318,136.0,563.0,6-3 6-2,3,R16,77.0,0.0,5.0,38.0,15.0,10.0,12.0,8.0,0.0,3.0,1.0,5.0,57.0,38.0,20.0,3,9.0,4.0,11.0
2026-1175,Athens,Hard,32,250,,20260713,23,206252.0,3.0,,Barbora Krejcikova,R,178.0,CZE,30.577,25.0,1776.0,220733.0,,,Carole Monnet,L,,FRA,24.622,200.0,386.0,6-0 6-2,3,R16,81.0,1.0,4.0,62.0,33.0,22.0,15.0,7.0,7.0,8.0,1.0,7.0,50.0,31.0,13.0,5,7.0,1.0,7.0
2026-1175,Athens,Hard,32,250,,20260713,24,220704.0,1.0,,Clara Tauson,R,182.0,DEN,23.568,30.0,1564.0,210847.0,,LL,Miriana Tona,,,ITA,31.516,358.0,178.0,6-4 6-0,3,R16,70.0,5.0,2.0,48.0,36.0,28.0,7.0,8.0,1.0,1.0,1.0,2.0,46.0,27.0,14.0,9,8.0,2.0,6.0
2026-1175,Athens,Hard,32,250,,20260713,25,252499.0,,,Alina Korneeva,,,RUS,19.067,89.0,849.0,238184.0,7.0,,Tereza Valentova,R,168.0,CZE,19.404,64.0,1003.0,7-5 6-3,3,QF,100.0,1.0,4.0,65.0,37.0,23.0,13.0,11.0,3.0,7.0,0.0,5.0,65.0,35.0,16.0,14,10.0,8.0,14.0
2026-1175,Athens,Hard,32,250,,20260713,26,206252.0,3.0,,Barbora Krejcikova,R,178.0,CZE,30.58,25.0,1776.0,221012.0,,,Qinwen Zheng,R,,CHN,23.773,123.0,610.0,6-4 6-4,3,QF,108.0,3.0,6.0,74.0,49.0,37.0,7.0,10.0,4.0,6.0,6.0,7.0,71.0,34.0,19.0,20,10.0,6.0,10.0
2026-1175,Athens,Hard,32,250,,20260713,27,206289.0,4.0,,Maria Sakkari,R,172.0,GRE,30.979,33.0,1355.0,219917.0,,,Alycia Parks,R,185.0,USA,25.542,68.0,989.0,6-4 6-3,3,QF,75.0,3.0,1.0,47.0,36.0,28.0,6.0,9.0,0.0,1.0,2.0,6.0,57.0,29.0,20.0,11,10.0,3.0,7.0
2026-1175,Athens,Hard,32,250,,20260713,28,220704.0,1.0,,Clara Tauson,R,182.0,DEN,23.571,30.0,1564.0,239383.0,5.0,,Sara Bejlek,L,,CZE,20.458,38.0,1269.0,6-2 6-3,3,QF,87.0,0.0,2.0,54.0,33.0,23.0,15.0,8.0,1.0,1.0,1.0,4.0,63.0,39.0,21.0,11,9.0,7.0,11.0
2026-1175,Athens,Hard,32,250,,20260713,29,206289.0,4.0,,Maria Sakkari,R,172.0,GRE,30.982,33.0,1355.0,252499.0,,,Alina Korneeva,,,RUS,19.07,89.0,849.0,6-1 7-5,3,SF,83.0,2.0,0.0,55.0,36.0,26.0,12.0,10.0,1.0,3.0,1.0,4.0,54.0,32.0,16.0,9,9.0,1.0,6.0
2026-1175,Athens,Hard,32,250,,20260713,30,206252.0,3.0,,Barbora Krejcikova,R,178.0,CZE,30.582,25.0,1776.0,220704.0,1.0,,Clara Tauson,R,182.0,DEN,23.573,30.0,1564.0,6-1 4-6 6-3,3,SF,165.0,4.0,9.0,89.0,53.0,35.0,15.0,13.0,6.0,10.0,3.0,7.0,122.0,79.0,47.0,13,13.0,11.0,18.0
2026-1175,Athens,Hard,32,250,,20260713,31,206252.0,3.0,,Barbora Krejcikova,R,178.0,CZE,30.585,25.0,1776.0,206289.0,4.0,,Maria Sakkari,R,172.0,GRE,30.985,33.0,1355.0,7-6(5) 6-3,3,F,103.0,2.0,2.0,67.0,45.0,32.0,12.0,11.0,0.0,2.0,5.0,2.0,57.0,28.0,19.0,18,10.0,0.0,3.0
2026-2063,Iasi,Clay,32,250,,20260713,1,221406.0,,,Alina Charaeva,R,,RUS,24.129,112.0,700.0,223286.0,,,Victoria Jimenez Kasintseva,L,,AND,20.926,120.0,645.0,6-0 6-1,3,R32,56.0,2.0,2.0,32.0,18.0,14.0,9.0,6.0,5.0,6.0,0.0,3.0,43.0,27.0,9.0,3,7.0,3.0,10.0
2026-2063,Iasi,Clay,32,250,,20260713,2,214388.0,7.0,,Anna Bondar,R,,HUN,29.129,77.0,936.0,204427.0,,WC,Sara Sorribes Tormo,R,176.0,ESP,29.761,214.0,357.0,7-5 6-4,3,R32,129.0,0.0,0.0,75.0,49.0,25.0,16.0,11.0,2.0,6.0,1.0,2.0,77.0,62.0,36.0,2,11.0,7.0,13.0
2026-2063,Iasi,Clay,32,250,,20260713,3,238075.0,2.0,,Petra Marcinko,R,,CRO,20.605,53.0,1074.0,206408.0,,WC,Nadia Podoroska,R,170.0,ARG,29.419,531.0,101.0,6-2 3-6 6-4,3,R32,134.0,0.0,8.0,120.0,68.0,42.0,27.0,14.0,16.0,19.0,3.0,8.0,83.0,51.0,36.0,11,13.0,4.0,8.0
2026-2063,Iasi,Clay,32,250,,20260713,4,216262.0,,WC,Clara Burel,R,176.0,FRA,25.304,413.0,153.0,201478.0,,LL,Varvara Lepchenko,L,180.0,USA,40.146,175.0,442.0,2-6 7-5 6-3,3,R32,131.0,1.0,3.0,97.0,49.0,34.0,21.0,15.0,7.0,12.0,2.0,1.0,95.0,64.0,38.0,15,14.0,3.0,8.0
2026-2063,Iasi,Clay,32,250,,20260713,5,214461.0,,,Tamara Zidansek,R,168.0,SLO,28.548,142.0,548.0,215306.0,,,Emiliana Arango,R,,COL,25.624,95.0,808.0,5-7 6-2 6-3,3,R32,146.0,1.0,5.0,91.0,56.0,33.0,14.0,15.0,3.0,9.0,0.0,3.0,90.0,67.0,34.0,11,14.0,9.0,17.0
2026-2063,Iasi,Clay,32,250,,20260713,6,269267.0,,,Kaitlin Quevedo,R,,USA,20.414,103.0,754.0,320408.0,6.0,,Elena-Gabriela Ruse,,,ROU,,75.0,941.0,6-3 6-1,3,R32,98.0,1.0,4.0,75.0,39.0,25.0,17.0,8.0,12.0,14.0,2.0,5.0,55.0,29.0,16.0,6,8.0,4.0,10.0
2026-2063,Iasi,Clay,32,250,,20260713,7,220589.0,,Q,Elina Avanesyan,R,,ARM,23.823,161.0,475.0,220416.0,,,Moyuka Uchijima,R,171.0,JPN,24.923,107.0,713.0,6-2 6-4,3,R32,87.0,0.0,5.0,67.0,46.0,29.0,9.0,9.0,5.0,8.0,0.0,4.0,55.0,26.0,13.0,11,9.0,3.0,9.0
2026-2063,Iasi,Clay,32,250,,20260713,8,210886.0,,,Mayar Sherif,R,180.0,EGY,30.191,50.0,1105.0,213646.0,,,Dalma Galfi,R,178.0,HUN,27.918,156.0,500.0,6-2 6-0,3,R32,75.0,1.0,1.0,49.0,38.0,25.0,5.0,7.0,2.0,3.0,1.0,3.0,53.0,32.0,13.0,8,7.0,2.0,8.0
2026-2063,Iasi,Clay,32,250,,20260713,9,201709.0,9.0,,Yulia Putintseva,R,163.0,KAZ,31.516,81.0,904.0,214906.0,,Q,Claire Liu,R,170.0,USA,26.136,113.0,692.0,7-5 6-2,3,R32,127.0,1.0,3.0,74.0,50.0,25.0,13.0,10.0,4.0,8.0,0.0,4.0,84.0,56.0,29.0,9,10.0,14.0,21.0
2026-2063,Iasi,Clay,32,250,,20260713,10,332575.0,,Q,Alevtina Ibragimova,,,RUS,,219.0,352.0,222966.0,,,Dominika Salkova,R,,CZE,22.043,121.0,632.0,6-2 7-5,3,R32,115.0,4.0,5.0,83.0,60.0,33.0,13.0,10.0,8.0,11.0,2.0,3.0,63.0,39.0,17.0,10,10.0,3.0,9.0
2026-2063,Iasi,Clay,32,250,,20260713,11,220716.0,3.0,,Oleksandra Oliynykova,R,170.0,CRO,25.526,44.0,1171.0,213998.0,,LL,Ipek Oz,,,TUR,27.018,402.0,156.0,7-6(1) 7-6(5),3,R32,148.0,0.0,5.0,91.0,67.0,40.0,13.0,12.0,9.0,12.0,2.0,0.0,81.0,63.0,36.0,11,12.0,2.0,5.0
2026-2063,Iasi,Clay,32,250,,20260713,12,239389.0,,Q,Elena Pridankina,R,,RUS,20.871,185.0,425.0,323119.0,,WC,Miriam Bulgaru,,,ROU,,248.0,296.0,7-5 6-1,3,R32,83.0,0.0,1.0,64.0,39.0,24.0,14.0,10.0,4.0,6.0,2.0,3.0,52.0,32.0,15.0,10,9.0,2.0,7.0
2026-2063,Iasi,Clay,32,250,,20260713,13,211651.0,,,Paula Badosa,R,180.0,ESP,28.66,84.0,885.0,211843.0,4.0,,Anhelina Kalinina,R,179.0,UKR,29.43,54.0,1072.0,6-3 6-1,3,R32,92.0,1.0,4.0,56.0,27.0,17.0,15.0,8.0,3.0,5.0,2.0,8.0,66.0,43.0,23.0,6,8.0,5.0,11.0
2026-2063,Iasi,Clay,32,250,,20260713,14,215910.0,5.0,,Panna Udvardy,R,170.0,HUN,27.792,74.0,953.0,220742.0,,Q,Leyre Romero Gormaz,L,,ESP,24.272,147.0,521.0,6-3 4-6 6-3,3,R32,130.0,2.0,2.0,76.0,41.0,30.0,22.0,14.0,2.0,4.0,5.0,1.0,93.0,45.0,27.0,26,14.0,8.0,12.0
2026-2063,Iasi,Clay,32,250,,20260713,15,221039.0,8.0,,Elsa Jacquemot,R,177.0,FRA,23.198,98.0,785.0,327490.0,,WC,Ilinca Amariei,,,ROU,,576.0,85.0,6-4 6-6,3,R32,189.0,2.0,4.0,69.0,37.0,21.0,15.0,11.0,2.0,7.0,0.0,0.0,86.0,72.0,38.0,3,11.0,7.0,13.0
2026-2063,Iasi,Clay,32,250,,20260713,16,203514.0,,,Katarzyna Kawa,R,178.0,POL,33.654,131.0,576.0,215899.0,,,Simona Waltert,R,,SUI,25.583,90.0,846.0,6-1 6-4,3,R32,81.0,2.0,4.0,60.0,38.0,20.0,11.0,9.0,5.0,9.0,1.0,4.0,57.0,33.0,14.0,8,8.0,2.0,9.0
2026-2063,Iasi,Clay,32,250,,20260713,17,201709.0,9.0,,Yulia Putintseva,R,163.0,KAZ,31.519,81.0,904.0,221406.0,,,Alina Charaeva,R,,RUS,24.135,112.0,700.0,6-3 6-3,3,R16,93.0,3.0,1.0,58.0,46.0,31.0,7.0,9.0,3.0,4.0,1.0,7.0,62.0,29.0,17.0,15,9.0,5.0,9.0
2026-2063,Iasi,Clay,32,250,,20260713,18,214461.0,,,Tamara Zidansek,R,168.0,SLO,28.551,142.0,548.0,214388.0,7.0,,Anna Bondar,R,,HUN,29.134,77.0,936.0,7-6(5) 6-7(5) 7-5,3,R16,211.0,7.0,6.0,127.0,77.0,54.0,23.0,18.0,7.0,12.0,2.0,4.0,149.0,93.0,57.0,27,18.0,11.0,17.0
2026-2063,Iasi,Clay,32,250,,20260713,19,216262.0,,WC,Clara Burel,R,176.0,FRA,25.309,413.0,153.0,221039.0,8.0,,Elsa Jacquemot,R,177.0,FRA,23.201,98.0,785.0,6-1 6-1,3,R16,61.0,0.0,3.0,45.0,28.0,20.0,6.0,7.0,1.0,3.0,0.0,5.0,40.0,18.0,6.0,4,7.0,0.0,7.0
2026-2063,Iasi,Clay,32,250,,20260713,20,238075.0,2.0,,Petra Marcinko,R,,CRO,20.611,53.0,1074.0,220589.0,,Q,Elina Avanesyan,R,,ARM,23.825,161.0,475.0,7-6(3) 7-6(5),3,R16,132.0,0.0,10.0,90.0,52.0,32.0,8.0,12.0,4.0,12.0,0.0,7.0,88.0,59.0,26.0,12,12.0,8.0,16.0
2026-2063,Iasi,Clay,32,250,,20260713,21,210886.0,,,Mayar Sherif,R,180.0,EGY,30.196,50.0,1105.0,269267.0,,,Kaitlin Quevedo,R,,USA,20.419,103.0,754.0,6-3 7-6(2),3,R16,119.0,0.0,1.0,74.0,61.0,39.0,5.0,10.0,7.0,10.0,0.0,4.0,69.0,38.0,23.0,12,11.0,3.0,8.0
2026-2063,Iasi,Clay,32,250,,20260713,22,220716.0,3.0,,Oleksandra Oliynykova,R,170.0,CRO,25.531,44.0,1171.0,239389.0,,Q,Elena Pridankina,R,,RUS,20.877,185.0,425.0,6-1 6-2,3,R16,78.0,1.0,1.0,45.0,32.0,22.0,5.0,7.0,4.0,6.0,0.0,6.0,51.0,33.0,14.0,5,8.0,7.0,14.0
2026-2063,Iasi,Clay,32,250,,20260713,23,211651.0,,,Paula Badosa,R,180.0,ESP,28.666,84.0,885.0,332575.0,,Q,Alevtina Ibragimova,,,RUS,,219.0,352.0,7-6(5) 1-6 6-4,3,R16,168.0,6.0,9.0,87.0,48.0,31.0,15.0,14.0,6.0,13.0,4.0,6.0,130.0,92.0,55.0,15,15.0,22.0,28.0
2026-2063,Iasi,Clay,32,250,,20260713,24,215910.0,5.0,,Panna Udvardy,R,170.0,HUN,27.798,74.0,953.0,203514.0,,,Katarzyna Kawa,R,178.0,POL,33.66,131.0,576.0,1-6 7-5 6-2,3,R16,110.0,0.0,6.0,76.0,44.0,27.0,11.0,14.0,3.0,10.0,4.0,5.0,78.0,44.0,26.0,11,13.0,7.0,14.0
2026-2063,Iasi,Clay,32,250,,20260713,25,210886.0,,,Mayar Sherif,R,180.0,EGY,30.199,50.0,1105.0,201709.0,9.0,,Yulia Putintseva,R,163.0,KAZ,31.524,81.0,904.0,6-2 3-6 7-6(5),3,QF,189.0,0.0,3.0,106.0,84.0,46.0,11.0,15.0,3.0,9.0,1.0,1.0,96.0,69.0,37.0,14,14.0,8.0,14.0
2026-2063,Iasi,Clay,32,250,,20260713,26,220716.0,3.0,,Oleksandra Oliynykova,R,170.0,CRO,25.534,44.0,1171.0,216262.0,,WC,Clara Burel,R,176.0,FRA,25.315,413.0,153.0,6-4 7-5,3,QF,112.0,0.0,4.0,70.0,52.0,25.0,6.0,11.0,5.0,12.0,0.0,2.0,85.0,52.0,19.0,14,11.0,6.0,15.0
2026-2063,Iasi,Clay,32,250,,20260713,27,211651.0,,,Paula Badosa,R,180.0,ESP,28.669,84.0,885.0,215910.0,5.0,,Panna Udvardy,R,170.0,HUN,27.801,74.0,953.0,6-4 7-6(2),3,QF,120.0,5.0,7.0,85.0,43.0,28.0,24.0,11.0,5.0,7.0,1.0,2.0,81.0,55.0,33.0,13,11.0,4.0,7.0
2026-2063,Iasi,Clay,32,250,,20260713,28,214461.0,,,Tamara Zidansek,R,168.0,SLO,28.556,142.0,548.0,238075.0,2.0,,Petra Marcinko,R,,CRO,20.616,53.0,1074.0,6-3 7-5,3,QF,107.0,1.0,7.0,81.0,47.0,26.0,19.0,10.0,4.0,7.0,1.0,6.0,80.0,55.0,33.0,6,11.0,4.0,10.0
2026-2063,Iasi,Clay,32,250,,20260713,29,210886.0,,,Mayar Sherif,R,180.0,EGY,30.202,50.0,1105.0,220716.0,3.0,,Oleksandra Oliynykova,R,170.0,CRO,25.536,44.0,1171.0,6-3 6-1,3,SF,88.0,0.0,0.0,51.0,42.0,24.0,9.0,8.0,1.0,2.0,0.0,2.0,52.0,44.0,22.0,3,8.0,5.0,10.0
2026-2063,Iasi,Clay,32,250,,20260713,30,211651.0,,,Paula Badosa,R,180.0,ESP,28.671,84.0,885.0,214461.0,,,Tamara Zidansek,R,168.0,SLO,28.559,142.0,548.0,3-6 7-5 7-6(1),3,SF,156.0,3.0,10.0,88.0,57.0,35.0,10.0,16.0,1.0,9.0,0.0,7.0,127.0,80.0,43.0,18,17.0,16.0,24.0
2026-2063,Iasi,Clay,32,250,,20260713,31,210886.0,,,Mayar Sherif,R,180.0,EGY,30.205,50.0,1105.0,211651.0,,,Paula Badosa,R,180.0,ESP,28.674,84.0,885.0,6-4 4-0,3,F,70.0,0.0,0.0,48.0,36.0,21.0,8.0,7.0,2.0,4.0,0.0,1.0,38.0,24.0,9.0,6,7.0,2.0,7.0
2026-1082,Prague,Hard,32,250,,20260720,1,206219.0,,,Oceane Dodin,R,,FRA,29.736,331.0,204.0,332718.0,,WC,Alisa Oktiabreva,,,CZE,,403.0,156.0,6-3 6-3,3,R32,72.0,2.0,5.0,58.0,30.0,21.0,14.0,9.0,4.0,6.0,4.0,2.0,47.0,34.0,18.0,7,9.0,4.0,9.0
2026-1082,Prague,Hard,32,250,,20260720,2,220750.0,8.0,,Daria Snigur,R,,UKR,24.315,43.0,1172.0,230870.0,,,Ella Seidel,R,,GER,21.427,102.0,767.0,7-5 3-6 6-3,3,R32,135.0,12.0,4.0,88.0,61.0,44.0,11.0,15.0,2.0,7.0,6.0,9.0,113.0,67.0,39.0,20,15.0,9.0,15.0
2026-1082,Prague,Hard,32,250,,20260720,3,213631.0,1.0,,Marie Bouzkova,R,180.0,CZE,27.998,24.0,1829.0,222601.0,,,Jessica Bouzas Maneiro,R,,ESP,23.82,59.0,1014.0,7-5 7-5,3,R32,123.0,2.0,3.0,75.0,47.0,30.0,19.0,12.0,6.0,8.0,2.0,9.0,93.0,57.0,37.0,13,12.0,10.0,14.0
2026-1082,Prague,Hard,32,250,,20260720,4,221803.0,,Q,Carol Young Suh Lee,,,POC,24.578,162.0,470.0,247669.0,,Q,Veronika Podrez,,,UKR,19.521,134.0,565.0,6-1 5-7 6-2,3,R32,137.0,1.0,5.0,88.0,59.0,38.0,14.0,14.0,7.0,11.0,2.0,4.0,97.0,64.0,38.0,9,13.0,8.0,15.0
2026-1082,Prague,Hard,32,250,,20260720,5,222980.0,,WC,Lucie Havlickova,R,,CZE,21.353,227.0,338.0,219917.0,,,Alycia Parks,R,185.0,USA,25.55,68.0,989.0,6-2 6-4,3,R32,92.0,3.0,6.0,83.0,49.0,35.0,16.0,9.0,6.0,6.0,3.0,5.0,46.0,26.0,19.0,6,9.0,0.0,3.0
2026-1082,Prague,Hard,32,250,,20260720,6,213767.0,,LL,Ayla Aksu,R,170.0,USA,30.013,198.0,388.0,223321.0,,Q,Sofia Costoulas,,,BEL,21.298,158.0,486.0,2-6 6-3 6-4,3,R32,116.0,3.0,4.0,80.0,51.0,38.0,17.0,14.0,5.0,7.0,2.0,2.0,82.0,44.0,28.0,23,13.0,7.0,9.0
2026-1082,Prague,Hard,32,250,,20260720,7,222966.0,,Q,Dominika Salkova,R,,CZE,22.059,121.0,632.0,222045.0,6.0,,Antonia Ruzic,R,,CRO,23.497,55.0,1062.0,7-6(2) 6-4,3,R32,98.0,3.0,2.0,71.0,47.0,28.0,13.0,11.0,6.0,10.0,0.0,2.0,67.0,42.0,23.0,9,11.0,6.0,11.0
2026-1082,Prague,Hard,32,250,,20260720,8,223360.0,4.0,,Nikola Bartunkova,R,,CZE,20.4,41.0,1231.0,206294.0,,,Yue Yuan,R,184.0,CHN,27.82,125.0,602.0,3-6 6-4 6-1,3,R32,127.0,9.0,1.0,71.0,39.0,27.0,20.0,13.0,4.0,7.0,2.0,3.0,86.0,60.0,39.0,10,13.0,5.0,10.0
2026-1082,Prague,Hard,32,250,,20260720,9,215988.0,,Q,Mai Hontama,R,,JPN,26.892,189.0,412.0,220348.0,7.0,,Diane Parry,R,170.0,FRA,23.886,60.0,1011.0,6-4 6-0,3,R32,75.0,0.0,2.0,55.0,46.0,31.0,5.0,8.0,1.0,2.0,2.0,3.0,51.0,31.0,19.0,4,8.0,3.0,8.0
2026-1082,Prague,Hard,32,250,,20260720,10,221237.0,,,Maria Timofeeva,R,,RUS,22.673,96.0,806.0,205925.0,,,Aliaksandra Sasnovich,R,174.0,BLR,32.332,136.0,563.0,6-3 6-4,3,R32,104.0,5.0,2.0,54.0,39.0,28.0,6.0,10.0,1.0,4.0,1.0,1.0,83.0,50.0,27.0,13,9.0,8.0,13.0
2026-1082,Prague,Hard,32,250,,20260720,11,233741.0,,,Maya Joint,R,,AUS,20.263,76.0,936.0,266671.0,,WC,Laura Samson,R,,CZE,18.363,153.0,503.0,6-4 3-6 6-2,3,R32,116.0,1.0,4.0,75.0,53.0,32.0,12.0,14.0,4.0,8.0,4.0,9.0,89.0,48.0,34.0,15,13.0,3.0,8.0
2026-1082,Prague,Hard,32,250,,20260720,12,260172.0,,,Lilli Tagger,,,AUT,18.423,45.0,1160.0,214386.0,,Q,Xinyu Gao,R,,CHN,28.663,246.0,298.0,6-2 6-4,3,R32,96.0,3.0,1.0,56.0,37.0,29.0,11.0,9.0,2.0,2.0,2.0,0.0,66.0,49.0,30.0,6,9.0,1.0,4.0
2026-1082,Prague,Hard,32,250,,20260720,13,238184.0,5.0,,Tereza Valentova,R,168.0,CZE,19.414,64.0,1003.0,211880.0,,LL,Priscilla Hon,R,171.0,AUS,28.198,157.0,488.0,6-3 6-1,3,R32,68.0,2.0,2.0,40.0,30.0,25.0,4.0,8.0,1.0,2.0,2.0,3.0,56.0,30.0,16.0,10,8.0,6.0,11.0
2026-1082,Prague,Hard,32,250,,20260720,14,222290.0,,,Lanlana Tararudee,R,,THA,22.037,78.0,916.0,335755.0,,WC,Jana Kovackova,,,CZE,,555.0,92.0,6-3 5-7 6-2,3,R32,112.0,2.0,5.0,79.0,42.0,31.0,21.0,15.0,2.0,6.0,2.0,5.0,104.0,56.0,36.0,20,14.0,7.0,13.0
2026-1082,Prague,Hard,32,250,,20260720,15,239383.0,3.0,,Sara Bejlek,L,,CZE,20.469,38.0,1269.0,215020.0,,,Anna Blinkova,R,179.0,RUS,27.861,104.0,749.0,7-6(9) 3-6 6-1,3,R32,171.0,1.0,0.0,111.0,71.0,36.0,21.0,14.0,13.0,20.0,1.0,2.0,105.0,59.0,30.0,24,14.0,8.0,16.0
2026-1082,Prague,Hard,32,250,,20260720,16,206252.0,2.0,,Barbora Krejcikova,R,178.0,CZE,30.591,25.0,1776.0,222258.0,,LL,Linda Fruhvirtova,R,,CZE,21.222,176.0,437.0,6-2 6-4,3,R32,78.0,2.0,2.0,50.0,26.0,19.0,12.0,9.0,1.0,4.0,2.0,2.0,47.0,30.0,16.0,4,9.0,2.0,8.0
2026-1082,Prague,Hard,32,250,,20260720,17,220750.0,8.0,,Daria Snigur,R,,UKR,24.321,43.0,1172.0,213767.0,,LL,Ayla Aksu,R,170.0,USA,30.018,198.0,388.0,6-3 6-2,3,R16,59.0,3.0,1.0,48.0,32.0,22.0,9.0,8.0,0.0,1.0,2.0,1.0,52.0,30.0,14.0,10,9.0,2.0,7.0
2026-1082,Prague,Hard,32,250,,20260720,18,213631.0,1.0,,Marie Bouzkova,R,180.0,CZE,28.003,24.0,1829.0,221803.0,,Q,Carol Young Suh Lee,,,POC,24.584,162.0,470.0,7-5 6-4,3,R16,117.0,3.0,2.0,69.0,49.0,36.0,9.0,11.0,2.0,4.0,1.0,2.0,75.0,55.0,31.0,9,11.0,5.0,9.0
2026-1082,Prague,Hard,32,250,,20260720,19,238184.0,5.0,,Tereza Valentova,R,168.0,CZE,19.417,64.0,1003.0,233741.0,,,Maya Joint,R,,AUS,20.266,76.0,936.0,1-6 6-0 6-3,3,R16,112.0,4.0,6.0,76.0,49.0,34.0,10.0,11.0,2.0,5.0,2.0,3.0,84.0,53.0,27.0,14,11.0,7.0,12.0
2026-1082,Prague,Hard,32,250,,20260720,20,222966.0,,Q,Dominika Salkova,R,,CZE,22.065,121.0,632.0,206219.0,,,Oceane Dodin,R,,FRA,29.742,331.0,204.0,6-1 6-1,3,R16,49.0,6.0,0.0,39.0,26.0,18.0,8.0,7.0,1.0,2.0,1.0,10.0,47.0,24.0,12.0,5,7.0,7.0,13.0
2026-1082,Prague,Hard,32,250,,20260720,21,222290.0,,,Lanlana Tararudee,R,,THA,22.043,78.0,916.0,223360.0,4.0,,Nikola Bartunkova,R,,CZE,20.406,41.0,1231.0,7-6(4) 3-6 7-6(6),3,R16,197.0,8.0,6.0,126.0,79.0,53.0,16.0,16.0,12.0,19.0,5.0,6.0,130.0,67.0,46.0,26,17.0,10.0,16.0
2026-1082,Prague,Hard,32,250,,20260720,22,260172.0,,,Lilli Tagger,,,AUT,18.429,45.0,1160.0,215988.0,,Q,Mai Hontama,R,,JPN,26.897,189.0,412.0,6-4 6-4,3,R16,98.0,6.0,1.0,64.0,49.0,33.0,9.0,10.0,3.0,4.0,0.0,1.0,73.0,52.0,30.0,10,10.0,5.0,8.0
2026-1082,Prague,Hard,32,250,,20260720,23,239383.0,3.0,,Sara Bejlek,L,,CZE,20.474,38.0,1269.0,221237.0,,,Maria Timofeeva,R,,RUS,22.678,96.0,806.0,6-1 6-1,3,R16,70.0,0.0,0.0,47.0,33.0,22.0,7.0,7.0,1.0,2.0,0.0,2.0,45.0,30.0,13.0,3,7.0,3.0,9.0
2026-1082,Prague,Hard,32,250,,20260720,24,206252.0,2.0,,Barbora Krejcikova,R,178.0,CZE,30.596,25.0,1776.0,222980.0,,WC,Lucie Havlickova,R,,CZE,21.361,227.0,338.0,6-4 6-2,3,R16,106.0,5.0,2.0,51.0,30.0,23.0,14.0,9.0,1.0,1.0,2.0,3.0,78.0,48.0,33.0,10,9.0,9.0,12.0
2026-1082,Prague,Hard,32,250,,20260720,25,220750.0,8.0,,Daria Snigur,R,,UKR,24.326,43.0,1172.0,222290.0,,,Lanlana Tararudee,R,,THA,22.046,78.0,916.0,6-0 6-3,3,QF,68.0,0.0,2.0,50.0,31.0,24.0,8.0,7.0,2.0,3.0,3.0,1.0,56.0,32.0,16.0,9,8.0,6.0,12.0
2026-1082,Prague,Hard,32,250,,20260720,26,238184.0,5.0,,Tereza Valentova,R,168.0,CZE,19.423,64.0,1003.0,213631.0,1.0,,Marie Bouzkova,R,180.0,CZE,28.009,24.0,1829.0,2-6 6-4 7-6(6),3,QF,164.0,0.0,3.0,92.0,66.0,39.0,9.0,15.0,5.0,11.0,4.0,6.0,99.0,68.0,47.0,11,15.0,6.0,11.0
2026-1082,Prague,Hard,32,250,,20260720,27,260172.0,,,Lilli Tagger,,,AUT,18.432,45.0,1160.0,239383.0,3.0,,Sara Bejlek,L,,CZE,20.477,38.0,1269.0,6-3 6-4,3,QF,98.0,1.0,3.0,64.0,43.0,27.0,10.0,9.0,8.0,10.0,0.0,1.0,64.0,41.0,19.0,13,10.0,5.0,10.0
2026-1082,Prague,Hard,32,250,,20260720,28,206252.0,2.0,,Barbora Krejcikova,R,178.0,CZE,30.599,25.0,1776.0,222966.0,,Q,Dominika Salkova,R,,CZE,22.07,121.0,632.0,6-3 6-3,3,QF,79.0,3.0,0.0,54.0,38.0,23.0,10.0,9.0,5.0,7.0,1.0,5.0,62.0,38.0,23.0,7,9.0,3.0,8.0
2026-1082,Prague,Hard,32,250,,20260720,29,220750.0,8.0,,Daria Snigur,R,,UKR,24.329,43.0,1172.0,238184.0,5.0,,Tereza Valentova,R,168.0,CZE,19.425,64.0,1003.0,7-6(4) 6-3,3,SF,110.0,0.0,3.0,87.0,53.0,32.0,16.0,11.0,7.0,10.0,2.0,6.0,77.0,47.0,26.0,14,10.0,5.0,9.0
2026-1082,Prague,Hard,32,250,,20260720,30,260172.0,,,Lilli Tagger,,,AUT,18.434,45.0,1160.0,206252.0,2.0,,Barbora Krejcikova,R,178.0,CZE,30.602,25.0,1776.0,6-7(5) 6-3 7-6(4),3,SF,170.0,12.0,2.0,101.0,62.0,47.0,27.0,17.0,1.0,3.0,7.0,9.0,104.0,62.0,46.0,23,16.0,6.0,9.0
2026-1082,Prague,Hard,32,250,,20260720,31,260172.0,,,Lilli Tagger,,,AUT,18.437,45.0,1160.0,220750.0,8.0,,Daria Snigur,R,,UKR,24.332,43.0,1172.0,7-6(3) 6-2,3,F,89.0,9.0,2.0,63.0,36.0,29.0,15.0,10.0,1.0,2.0,1.0,7.0,67.0,42.0,28.0,9,10.0,4.0,7.0
2026-2042,Hamburg,Clay,32,250,,20260720,1,211843.0,2.0,,Anhelina Kalinina,R,179.0,UKR,29.446,54.0,1072.0,269267.0,,,Kaitlin Quevedo,R,,USA,20.43,103.0,754.0,7-5 6-4,3,R32,118.0,0.0,9.0,74.0,48.0,27.0,8.0,11.0,6.0,12.0,1.0,3.0,72.0,41.0,20.0,10,11.0,9.0,17.0
2026-2042,Hamburg,Clay,32,250,,20260720,2,260847.0,,WC,Julia Stusek,R,,GER,18.073,375.0,168.0,206408.0,,,Nadia Podoroska,R,170.0,ARG,29.438,531.0,101.0,4-6 6-3 6-4,3,R32,150.0,1.0,7.0,118.0,73.0,49.0,20.0,15.0,9.0,13.0,2.0,3.0,95.0,53.0,28.0,25,14.0,8.0,13.0
2026-2042,Hamburg,Clay,32,250,,20260720,3,214388.0,4.0,,Anna Bondar,R,,HUN,29.148,77.0,936.0,220416.0,,,Moyuka Uchijima,R,171.0,JPN,24.94,107.0,713.0,7-5 6-4,3,R32,118.0,3.0,2.0,65.0,40.0,26.0,14.0,11.0,3.0,6.0,0.0,7.0,93.0,53.0,31.0,17,11.0,11.0,16.0
2026-2042,Hamburg,Clay,32,250,,20260720,4,215910.0,3.0,,Panna Udvardy,R,170.0,HUN,27.812,74.0,953.0,239389.0,,Q,Elena Pridankina,R,,RUS,20.89,185.0,425.0,6-4 6-2,3,R32,84.0,4.0,1.0,60.0,39.0,26.0,14.0,9.0,1.0,2.0,2.0,4.0,56.0,41.0,23.0,5,9.0,6.0,10.0
2026-2042,Hamburg,Clay,32,250,,20260720,5,221257.0,8.0,,Sinja Kraus,R,180.0,AUT,24.228,80.0,907.0,221985.0,,,Darja Semenistaja,L,,LAT,23.844,106.0,714.0,3-6 6-3 6-2,3,R32,114.0,1.0,1.0,95.0,62.0,31.0,17.0,13.0,10.0,16.0,1.0,2.0,74.0,54.0,23.0,9,13.0,5.0,13.0
2026-2042,Hamburg,Clay,32,250,,20260720,6,220742.0,,,Leyre Romero Gormaz,L,,ESP,24.291,147.0,521.0,220662.0,,,Veronika Erjavec,R,,SLO,26.558,100.0,775.0,6-2 6-2,3,R32,92.0,3.0,4.0,72.0,37.0,22.0,18.0,8.0,10.0,12.0,1.0,3.0,50.0,25.0,13.0,8,8.0,1.0,7.0
2026-2042,Hamburg,Clay,32,250,,20260720,7,201709.0,7.0,,Yulia Putintseva,R,163.0,KAZ,31.535,81.0,904.0,201621.0,,Q,Mona Barthel,R,185.0,GER,36.028,215.0,357.0,6-2 7-6(5),3,R32,116.0,2.0,4.0,105.0,66.0,43.0,13.0,10.0,5.0,9.0,1.0,12.0,73.0,43.0,27.0,7,10.0,4.0,10.0
2026-2042,Hamburg,Clay,32,250,,20260720,8,223333.0,,,Noma Noha Akugue,L,170.0,GER,22.634,137.0,561.0,260296.0,,WC,Valentina Steiner,,,GER,,538.0,97.0,6-3 2-6 6-2,3,R32,114.0,2.0,3.0,81.0,53.0,34.0,14.0,13.0,2.0,5.0,0.0,4.0,80.0,52.0,31.0,14,12.0,7.0,11.0
2026-2042,Hamburg,Clay,32,250,,20260720,9,214604.0,,Q,Maria Lourdes Carle,R,,ARG,26.443,211.0,363.0,215898.0,,WC,Jule Niemeier,R,178.0,GER,26.941,525.0,104.0,7-5 6-2,3,R32,136.0,0.0,7.0,81.0,53.0,35.0,8.0,10.0,6.0,10.0,0.0,12.0,77.0,41.0,20.0,15,10.0,7.0,14.0
2026-2042,Hamburg,Clay,32,250,,20260720,10,221406.0,,,Alina Charaeva,R,,RUS,24.151,112.0,700.0,204427.0,,,Sara Sorribes Tormo,R,176.0,ESP,29.783,214.0,357.0,3-6 7-5 6-1,3,R32,180.0,0.0,8.0,105.0,65.0,36.0,12.0,14.0,12.0,20.0,2.0,3.0,87.0,56.0,26.0,10,14.0,9.0,19.0
2026-2042,Hamburg,Clay,32,250,,20260720,11,211337.0,5.0,,Tamara Korpatsch,R,170.0,GER,31.193,46.0,1134.0,223286.0,,,Victoria Jimenez Kasintseva,L,,AND,20.948,120.0,645.0,4-6 7-5 1-0,3,R32,133.0,1.0,1.0,68.0,41.0,28.0,19.0,12.0,6.0,8.0,0.0,9.0,79.0,53.0,32.0,13,12.0,4.0,6.0
2026-2042,Hamburg,Clay,32,250,,20260720,12,220589.0,,Q,Elina Avanesyan,R,,ARM,23.842,161.0,475.0,201551.0,,Q,Arantxa Rus,L,180.0,NED,35.604,184.0,428.0,6-2 6-1,3,R32,71.0,0.0,4.0,40.0,24.0,18.0,10.0,7.0,1.0,2.0,0.0,2.0,56.0,37.0,16.0,6,8.0,2.0,8.0
2026-2042,Hamburg,Clay,32,250,,20260720,13,220716.0,1.0,,Oleksandra Oliynykova,R,170.0,CRO,25.545,44.0,1171.0,221768.0,,WC,Nastasja Schunk,,,GER,22.927,421.0,148.0,6-2 3-6 7-5,3,R32,161.0,2.0,5.0,137.0,101.0,59.0,14.0,15.0,16.0,22.0,1.0,6.0,100.0,71.0,38.0,12,14.0,6.0,13.0
2026-2042,Hamburg,Clay,32,250,,20260720,14,211843.0,2.0,,Anhelina Kalinina,R,179.0,UKR,29.452,54.0,1072.0,214604.0,,Q,Maria Lourdes Carle,R,,ARG,26.445,211.0,363.0,6-1 6-3,3,R16,84.0,0.0,1.0,52.0,42.0,27.0,3.0,8.0,3.0,5.0,0.0,2.0,53.0,34.0,16.0,7,8.0,4.0,10.0
2026-2042,Hamburg,Clay,32,250,,20260720,15,210886.0,,,Mayar Sherif,R,180.0,EGY,30.213,50.0,1105.0,215899.0,6.0,,Simona Waltert,R,,SUI,25.605,90.0,846.0,5-7 6-4 7-6(3),3,R32,197.0,0.0,0.0,101.0,76.0,47.0,15.0,17.0,3.0,8.0,2.0,3.0,126.0,77.0,47.0,27,17.0,7.0,12.0
2026-2042,Hamburg,Clay,32,250,,20260720,16,221039.0,,,Elsa Jacquemot,R,177.0,FRA,23.22,98.0,785.0,332562.0,,WC,Tessa Johanna Brockmann,,,GER,,267.0,270.0,7-5 6-1,3,R32,86.0,2.0,4.0,59.0,42.0,24.0,13.0,9.0,6.0,8.0,1.0,2.0,61.0,41.0,17.0,9,10.0,3.0,9.0
2026-2042,Hamburg,Clay,32,250,,20260720,17,211651.0,,,Paula Badosa,R,180.0,ESP,28.682,84.0,885.0,203514.0,,,Katarzyna Kawa,R,178.0,POL,33.676,131.0,576.0,7-5 6-4,3,R32,109.0,3.0,4.0,89.0,51.0,36.0,20.0,11.0,12.0,13.0,1.0,4.0,68.0,30.0,20.0,22,11.0,3.0,6.0
2026-2042,Hamburg,Clay,32,250,,20260720,18,221406.0,,,Alina Charaeva,R,,RUS,24.154,112.0,700.0,221257.0,8.0,,Sinja Kraus,R,180.0,AUT,24.23,80.0,907.0,5-7 7-5 7-5,3,R16,177.0,8.0,4.0,116.0,78.0,43.0,15.0,18.0,1.0,10.0,1.0,0.0,125.0,87.0,46.0,16,18.0,14.0,24.0
2026-2042,Hamburg,Clay,32,250,,20260720,19,211337.0,5.0,,Tamara Korpatsch,R,170.0,GER,31.196,46.0,1134.0,260847.0,,WC,Julia Stusek,R,,GER,18.078,375.0,168.0,6-0 3-6 6-3,3,R16,121.0,0.0,3.0,73.0,50.0,31.0,10.0,12.0,5.0,10.0,0.0,2.0,82.0,49.0,27.0,8,12.0,4.0,12.0
2026-2042,Hamburg,Clay,32,250,,20260720,20,214388.0,4.0,,Anna Bondar,R,,HUN,29.153,77.0,936.0,223333.0,,,Noma Noha Akugue,L,170.0,GER,22.637,137.0,561.0,6-1 3-6 7-5,3,R16,161.0,0.0,1.0,72.0,42.0,26.0,14.0,14.0,3.0,9.0,0.0,1.0,80.0,52.0,27.0,9,14.0,4.0,12.0
2026-2042,Hamburg,Clay,32,250,,20260720,21,210886.0,,,Mayar Sherif,R,180.0,EGY,30.216,50.0,1105.0,221039.0,,,Elsa Jacquemot,R,177.0,FRA,23.223,98.0,785.0,6-2 6-3,3,R16,93.0,0.0,0.0,51.0,34.0,20.0,12.0,9.0,1.0,3.0,3.0,4.0,64.0,43.0,27.0,2,8.0,9.0,14.0
2026-2042,Hamburg,Clay,32,250,,20260720,22,220716.0,1.0,,Oleksandra Oliynykova,R,170.0,CRO,25.55,44.0,1171.0,220742.0,,,Leyre Romero Gormaz,L,,ESP,24.296,147.0,521.0,7-6(3) 3-6 6-2,3,R16,159.0,0.0,4.0,104.0,77.0,39.0,15.0,15.0,4.0,11.0,1.0,4.0,119.0,70.0,42.0,17,14.0,12.0,19.0
2026-2042,Hamburg,Clay,32,250,,20260720,23,211651.0,,,Paula Badosa,R,180.0,ESP,28.685,84.0,885.0,215910.0,3.0,,Panna Udvardy,R,170.0,HUN,27.817,74.0,953.0,6-4 6-1,3,R16,74.0,3.0,6.0,49.0,26.0,19.0,11.0,9.0,0.0,3.0,1.0,2.0,53.0,34.0,15.0,8,8.0,5.0,11.0
2026-2042,Hamburg,Clay,32,250,,20260720,24,220589.0,,Q,Elina Avanesyan,R,,ARM,23.847,161.0,475.0,201709.0,7.0,,Yulia Putintseva,R,163.0,KAZ,31.541,81.0,904.0,6-3 2-6 6-2,3,R16,131.0,0.0,4.0,77.0,57.0,30.0,6.0,13.0,3.0,11.0,2.0,3.0,87.0,59.0,27.0,9,12.0,2.0,11.0
2026-2042,Hamburg,Clay,32,250,,20260720,25,214388.0,4.0,,Anna Bondar,R,,HUN,29.159,77.0,936.0,221406.0,,,Alina Charaeva,R,,RUS,24.159,112.0,700.0,6-1 7-6(3),3,QF,108.0,2.0,0.0,68.0,44.0,28.0,14.0,10.0,4.0,6.0,0.0,2.0,64.0,39.0,20.0,12,9.0,7.0,11.0
2026-2042,Hamburg,Clay,32,250,,20260720,26,210886.0,,,Mayar Sherif,R,180.0,EGY,30.218,50.0,1105.0,211651.0,,,Paula Badosa,R,180.0,ESP,28.688,84.0,885.0,7-6(4) 6-7(2) 6-4,3,QF,206.0,1.0,3.0,143.0,112.0,61.0,12.0,17.0,11.0,18.0,2.0,12.0,121.0,75.0,46.0,17,17.0,8.0,16.0
2026-2042,Hamburg,Clay,32,250,,20260720,27,220589.0,,Q,Elina Avanesyan,R,,ARM,23.85,161.0,475.0,220716.0,1.0,,Oleksandra Oliynykova,R,170.0,CRO,25.553,44.0,1171.0,,3,QF,0.0,,,,,,,,,,,,,,,,,,
2026-2042,Hamburg,Clay,32,250,,20260720,28,211337.0,5.0,,Tamara Korpatsch,R,170.0,GER,31.201,46.0,1134.0,211843.0,2.0,,Anhelina Kalinina,R,179.0,UKR,29.457,54.0,1072.0,6-3 1-6 6-1,3,QF,116.0,2.0,3.0,70.0,43.0,26.0,12.0,12.0,5.0,10.0,0.0,4.0,70.0,58.0,31.0,2,11.0,5.0,11.0
2026-2042,Hamburg,Clay,32,250,,20260720,29,214388.0,4.0,,Anna Bondar,R,,HUN,29.161,77.0,936.0,220589.0,,Q,Elina Avanesyan,R,,ARM,23.853,161.0,475.0,7-6(3) 4-6 7-6(2),3,SF,209.0,5.0,4.0,147.0,94.0,59.0,23.0,17.0,13.0,19.0,0.0,2.0,114.0,83.0,57.0,11,17.0,3.0,8.0
2026-2042,Hamburg,Clay,32,250,,20260720,30,211337.0,5.0,,Tamara Korpatsch,R,170.0,GER,31.204,46.0,1134.0,210886.0,,,Mayar Sherif,R,180.0,EGY,30.221,50.0,1105.0,6-1 2-0,3,SF,44.0,0.0,1.0,32.0,14.0,8.0,14.0,5.0,0.0,0.0,1.0,2.0,22.0,14.0,5.0,2,5.0,0.0,3.0
2026-2042,Hamburg,Clay,32,250,,20260720,31,211337.0,5.0,,Tamara Korpatsch,R,170.0,GER,31.207,46.0,1134.0,214388.0,4.0,,Anna Bondar,R,,HUN,29.164,77.0,936.0,6-3 6-3,3,F,87.0,2.0,1.0,55.0,42.0,30.0,7.0,9.0,2.0,3.0,0.0,0.0,58.0,38.0,24.0,8,9.0,3.0,7.0
2026-1167,Memphis,Hard,32,250,O,20260727,1,220465.0,,,Katie Volynets,R,163.0,USA,24.569,93.0,814.0,203530.0,3.0,,Viktorija Golubic,R,169.0,SUI,33.777,51.0,1088.0,7-5 2-6 7-6(3),3,R32,197.0,2.0,3.0,120.0,79.0,45.0,20.0,16.0,9.0,16.0,0.0,8.0,123.0,85.0,50.0,19,16.0,9.0,15.0
2026-1167,Memphis,Hard,32,250,O,20260727,2,220435.0,,,Anastasia Zakharova,R,170.0,RUS,24.52,101.0,768.0,222258.0,,,Linda Fruhvirtova,R,,CZE,21.238,176.0,437.0,7-6(6) 6-1,3,R32,115.0,0.0,3.0,79.0,58.0,36.0,13.0,10.0,6.0,7.0,3.0,1.0,60.0,34.0,20.0,10,9.0,2.0,5.0
2026-1167,Memphis,Hard,32,250,O,20260727,3,233741.0,,,Maya Joint,R,,AUS,20.279,76.0,936.0,215992.0,,Wc,Whitney Osuigwe,R,168.0,USA,24.277,197.0,388.0,6-4 6-1,3,R32,89.0,0.0,3.0,68.0,43.0,28.0,11.0,8.0,5.0,7.0,0.0,4.0,54.0,38.0,21.0,3,9.0,6.0,12.0
2026-1167,Memphis,Hard,32,250,O,20260727,4,213583.0,,,Tatjana Maria,R,172.0,GER,38.968,79.0,913.0,221883.0,,,Talia Gibson,R,,AUS,22.105,72.0,958.0,6-0 6-3,3,R32,67.0,10.0,2.0,45.0,28.0,23.0,9.0,7.0,1.0,1.0,0.0,5.0,51.0,27.0,15.0,9,8.0,4.0,9.0
2026-1167,Memphis,Hard,32,250,O,20260727,5,213576.0,,Q,Iryna Shymanovich,R,,BLR,29.073,205.0,378.0,329512.0,,Wc,Reese Brantmeier,,,USA,21.807,486.0,118.0,6-4 6-3,3,R32,107.0,0.0,3.0,72.0,37.0,26.0,19.0,10.0,6.0,7.0,5.0,3.0,61.0,36.0,23.0,11,9.0,4.0,7.0
2026-1167,Memphis,Hard,32,250,O,20260727,6,236955.0,,Q,Tatiana Prozorova,,,RUS,22.795,181.0,433.0,221333.0,,,Solana Sierra,R,,ARG,22.108,86.0,867.0,6-1 5-7 6-2,3,R32,137.0,3.0,4.0,92.0,57.0,41.0,19.0,14.0,2.0,4.0,1.0,7.0,96.0,51.0,32.0,22,13.0,6.0,11.0
2026-1167,Memphis,Hard,32,250,O,20260727,7,215785.0,5.0,,Camila Osorio,R,162.0,COL,24.594,56.0,1048.0,204411.0,,Q,Storm Hunter,L,166.0,AUS,31.959,180.0,433.0,7-5 7-5,3,R32,102.0,5.0,3.0,70.0,34.0,26.0,21.0,12.0,0.0,1.0,3.0,3.0,76.0,48.0,31.0,16,12.0,5.0,8.0
2026-1167,Memphis,Hard,32,250,O,20260727,8,220722.0,,,Elvina Kalieva,R,178.0,USA,23.001,132.0,568.0,214684.0,,Q,Katherine Sebov,R,173.0,CAN,27.556,231.0,331.0,6-1 7-6(3),3,R32,91.0,4.0,4.0,51.0,31.0,24.0,11.0,9.0,3.0,5.0,0.0,5.0,74.0,50.0,26.0,9,10.0,3.0,8.0
2026-1167,Memphis,Hard,32,250,O,20260727,9,335303.0,,Q,Kristina Liutova,,,RUS,16.479,229.0,336.0,206420.0,1.0,,Ekaterina Alexandrova,R,175.0,RUS,31.696,19.0,2301.0,7-6(2) 4-6 5-4 RET,3,R32,191.0,0.0,6.0,97.0,73.0,43.0,13.0,16.0,5.0,11.0,9.0,15.0,143.0,76.0,50.0,27,16.0,16.0,21.0
2026-1167,Memphis,Hard,32,250,O,20260727,10,220309.0,4.0,,Zeynep Sonmez,R,,TUR,24.241,52.0,1074.0,223335.0,,Wc,Cadence Brace,R,,CAN,21.415,254.0,286.0,6-4 3-6 6-3,3,R32,116.0,2.0,5.0,87.0,58.0,40.0,12.0,14.0,5.0,9.0,2.0,7.0,75.0,44.0,30.0,15,14.0,3.0,8.0
2026-1167,Memphis,Hard,32,250,O,20260727,11,216083.0,6.0,,Caty McNally,R,183.0,USA,24.682,73.0,954.0,216016.0,,,Xiyu Wang,L,,CHN,25.331,94.0,808.0,4-6 6-3 7-6(5),3,R32,191.0,1.0,9.0,96.0,61.0,33.0,14.0,16.0,4.0,12.0,1.0,6.0,102.0,61.0,31.0,15,15.0,5.0,13.0
2026-1167,Memphis,Hard,32,250,O,20260727,12,220548.0,7.0,,Peyton Stearns,R,,USA,24.799,58.0,1017.0,269265.0,,,Mary Stoiana,,,USA,23.225,124.0,603.0,6-7(5) 6-0 6-4,3,R32,160.0,5.0,10.0,96.0,58.0,41.0,18.0,14.0,7.0,9.0,3.0,4.0,101.0,60.0,36.0,18,14.0,6.0,12.0
2026-1167,Memphis,Hard,32,250,O,20260727,13,201585.0,,Wc,Sloane Stephens,R,170.0,USA,33.352,320.0,213.0,263857.0,8.0,,Yuliia Starodubtseva,R,,UKR,26.439,62.0,1008.0,6-4 5-7 6-2,3,R32,179.0,2.0,3.0,106.0,60.0,39.0,22.0,15.0,7.0,12.0,3.0,4.0,101.0,61.0,38.0,14,15.0,8.0,15.0
2026-1167,Memphis,Hard,32,250,O,20260727,14,221307.0,,,Darja Vidmanova,R,,CZE,23.546,114.0,691.0,215453.0,,,Marina Bassols Ribera,R,165.0,ESP,26.62,130.0,579.0,6-2 3-6 6-4,3,R32,135.0,9.0,6.0,78.0,39.0,28.0,22.0,14.0,1.0,4.0,0.0,13.0,79.0,52.0,37.0,9,13.0,2.0,6.0
2026-1167,Memphis,Hard,32,250,O,20260727,15,215946.0,,Q,Ye Xin Ma,,,CHN,27.129,194.0,395.0,214040.0,,,Kimberly Birrell,R,170.0,AUS,28.244,66.0,999.0,7-6(2) 6-4,3,R32,106.0,3.0,3.0,70.0,42.0,27.0,17.0,11.0,1.0,5.0,1.0,4.0,73.0,46.0,26.0,13,11.0,3.0,8.0
2026-1167,Memphis,Hard,32,250,O,20260727,16,213887.0,,,Renata Zarazua,R,,MEX,28.821,83.0,894.0,220520.0,2.0,,Mccartney Kessler,R,,USA,27.053,47.0,1125.0,6-4 6-1,3,R32,84.0,0.0,1.0,55.0,44.0,26.0,7.0,8.0,3.0,5.0,4.0,4.0,60.0,40.0,19.0,6,9.0,5.0,11.0
2026-1167,Memphis,Hard,32,250,O,20260727,17,335303.0,,Q,Kristina Liutova,,,RUS,16.479,229.0,336.0,233741.0,,,Maya Joint,R,,AUS,20.279,76.0,936.0,3-6 6-3 6-3,3,R16,143.0,3.0,3.0,93.0,69.0,39.0,16.0,13.0,5.0,8.0,4.0,8.0,96.0,59.0,33.0,19,14.0,5.0,10.0
2026-1167,Memphis,Hard,32,250,O,20260727,18,216083.0,6.0,,Caty McNally,R,183.0,USA,24.682,73.0,954.0,215946.0,,Q,Ye Xin Ma,,,CHN,27.129,194.0,395.0,6-2 6-3,3,R16,87.0,0.0,4.0,44.0,32.0,22.0,4.0,8.0,1.0,4.0,1.0,1.0,64.0,33.0,13.0,15,9.0,10.0,17.0
2026-1167,Memphis,Hard,32,250,O,20260727,19,220722.0,,,Elvina Kalieva,R,178.0,USA,23.001,132.0,568.0,220309.0,4.0,,Zeynep Sonmez,R,,TUR,24.241,52.0,1074.0,3-6 7-5 7-5,3,R16,197.0,5.0,8.0,114.0,67.0,41.0,20.0,16.0,6.0,13.0,3.0,4.0,135.0,84.0,46.0,21,17.0,10.0,18.0
2026-1167,Memphis,Hard,32,250,O,20260727,20,220548.0,7.0,,Peyton Stearns,R,,USA,24.799,58.0,1017.0,236955.0,,Q,Tatiana Prozorova,,,RUS,22.795,181.0,433.0,6-1 6-2,3,R16,94.0,2.0,2.0,51.0,28.0,18.0,12.0,7.0,4.0,6.0,3.0,6.0,71.0,43.0,19.0,9,8.0,5.0,12.0
2026-1167,Memphis,Hard,32,250,O,20260727,21,221307.0,,,Darja Vidmanova,R,,CZE,23.546,114.0,691.0,201585.0,,Wc,Sloane Stephens,R,170.0,USA,33.352,320.0,213.0,6-2 6-4,3,R16,94.0,2.0,1.0,66.0,46.0,29.0,12.0,9.0,6.0,7.0,1.0,2.0,63.0,39.0,22.0,13,9.0,5.0,9.0
2026-1167,Memphis,Hard,32,250,O,20260727,22,220465.0,,,Katie Volynets,R,163.0,USA,24.569,93.0,814.0,213576.0,,Q,Iryna Shymanovich,R,,BLR,29.073,205.0,378.0,6-4 6-2,3,R16,87.0,5.0,1.0,52.0,42.0,28.0,3.0,9.0,0.0,3.0,0.0,8.0,61.0,34.0,18.0,8,9.0,4.0,10.0
2026-1167,Memphis,Hard,32,250,O,20260727,23,220435.0,,,Anastasia Zakharova,R,170.0,RUS,24.52,101.0,768.0,215785.0,5.0,,Camila Osorio,R,162.0,COL,24.594,56.0,1048.0,6-4 6-3,3,R16,104.0,0.0,0.0,52.0,37.0,24.0,8.0,9.0,2.0,4.0,3.0,9.0,78.0,47.0,27.0,12,10.0,7.0,12.0
2026-1167,Memphis,Hard,32,250,O,20260727,24,213887.0,,,Renata Zarazua,R,,MEX,28.821,83.0,894.0,213583.0,,,Tatjana Maria,R,172.0,GER,38.968,79.0,913.0,6-4 6-4,3,R16,102.0,0.0,0.0,59.0,51.0,33.0,5.0,10.0,1.0,3.0,5.0,0.0,63.0,36.0,21.0,14,10.0,4.0,8.0
2026-1167,Memphis,Hard,32,250,O,20260727,25,335303.0,,Q,Kristina Liutova,,,RUS,16.479,229.0,336.0,216083.0,6.0,,Caty McNally,R,183.0,USA,24.682,73.0,954.0,6-3 6-4,3,QF,93.0,0.0,0.0,56.0,43.0,29.0,8.0,10.0,2.0,5.0,0.0,3.0,50.0,35.0,18.0,5,9.0,2.0,7.0
2026-1167,Memphis,Hard,32,250,O,20260727,26,220722.0,,,Elvina Kalieva,R,178.0,USA,23.001,132.0,568.0,220548.0,7.0,,Peyton Stearns,R,,USA,24.799,58.0,1017.0,6-1 2-6 6-3,3,QF,139.0,8.0,2.0,87.0,48.0,34.0,19.0,12.0,5.0,8.0,2.0,3.0,83.0,41.0,22.0,21,12.0,4.0,9.0
2026-1167,Memphis,Hard,32,250,O,20260727,27,221307.0,,,Darja Vidmanova,R,,CZE,23.546,114.0,691.0,220465.0,,,Katie Volynets,R,163.0,USA,24.569,93.0,814.0,6-4 6-7(5) 6-1,3,QF,152.0,6.0,3.0,97.0,73.0,54.0,12.0,15.0,3.0,4.0,4.0,4.0,89.0,71.0,49.0,7,14.0,2.0,6.0
2026-1167,Memphis,Hard,32,250,O,20260727,28,213887.0,,,Renata Zarazua,R,,MEX,28.821,83.0,894.0,220435.0,,,Anastasia Zakharova,R,170.0,RUS,24.52,101.0,768.0,6-4 6-0,3,QF,81.0,0.0,1.0,54.0,38.0,26.0,7.0,8.0,4.0,6.0,1.0,2.0,47.0,33.0,12.0,8,8.0,2.0,8.0
2026-1167,Memphis,Hard,32,250,O,20260727,29,335303.0,,Q,Kristina Liutova,,,RUS,16.479,229.0,336.0,220722.0,,,Elvina Kalieva,R,178.0,USA,23.001,132.0,568.0,7-5 6-1,3,SF,98.0,0.0,1.0,55.0,47.0,30.0,5.0,9.0,1.0,2.0,4.0,9.0,65.0,38.0,22.0,12,10.0,2.0,7.0
2026-1167,Memphis,Hard,32,250,O,20260727,30,221307.0,,,Darja Vidmanova,R,,CZE,23.546,114.0,691.0,213887.0,,,Renata Zarazua,R,,MEX,28.821,83.0,894.0,6-3 6-3,3,SF,91.0,5.0,1.0,54.0,34.0,26.0,11.0,9.0,5.0,6.0,1.0,1.0,59.0,45.0,28.0,5,9.0,5.0,9.0
2026-1167,Memphis,Hard,32,250,O,20260727,31,335303.0,,Q,Kristina Liutova,,,RUS,16.479,229.0,336.0,221307.0,,,Darja Vidmanova,R,,CZE,23.546,114.0,691.0,1-6 6-1 6-3,3,F,121.0,0.0,2.0,74.0,55.0,27.0,12.0,11.0,5.0,10.0,3.0,1.0,69.0,43.0,22.0,9,12.0,3.0,10.0
2026-1045,Washington,Hard,28,500,O,20260727,1,220367.0,7.0,,Leylah Fernandez,L,168.0,CAN,23.888,34.0,1344.0,202663.0,,,Magda Linette,R,171.0,POL,34.453,65.0,1001.0,6-1 6-4,3,R32,79.0,2.0,3.0,44.0,31.0,23.0,9.0,8.0,2.0,3.0,0.0,2.0,60.0,29.0,15.0,14,9.0,4.0,9.0
2026-1045,Washington,Hard,28,500,O,20260727,2,220714.0,,,Elisabetta Cocciaretto,R,,ITA,25.5,71.0,967.0,220704.0,,,Clara Tauson,R,182.0,DEN,23.598,30.0,1564.0,4-6 7-6(2) 7-6(2),3,R32,185.0,0.0,5.0,100.0,62.0,43.0,22.0,17.0,1.0,5.0,8.0,10.0,143.0,85.0,60.0,24,17.0,11.0,14.0
2026-1045,Washington,Hard,28,500,O,20260727,3,215613.0,8.0,,Emma Navarro,R,,USA,25.191,26.0,1674.0,213550.0,,Wc,Sofia Kenin,R,170.0,USA,27.699,116.0,684.0,6-0 7-5,3,R32,99.0,18.0,9.0,89.0,52.0,36.0,14.0,9.0,10.0,12.0,3.0,4.0,63.0,38.0,21.0,6,9.0,4.0,10.0
2026-1045,Washington,Hard,28,500,O,20260727,4,214643.0,,,Liudmila Samsonova,R,180.0,RUS,27.707,70.0,970.0,201619.0,6.0,,Madison Keys,R,178.0,USA,31.439,22.0,1964.0,3-6 6-4 6-4,3,R32,144.0,5.0,14.0,97.0,44.0,35.0,24.0,15.0,3.0,6.0,10.0,7.0,97.0,58.0,43.0,18,14.0,9.0,12.0
2026-1045,Washington,Hard,28,500,O,20260727,5,222145.0,,,Janice Tjen,R,,INA,24.225,37.0,1282.0,211685.0,,Q,Rebecca Sramkova,R,,SVK,29.769,141.0,549.0,6-4 6-2,3,R32,81.0,4.0,3.0,54.0,26.0,20.0,13.0,9.0,1.0,3.0,4.0,6.0,64.0,26.0,15.0,14,9.0,4.0,9.0
2026-1045,Washington,Hard,28,500,O,20260727,6,221909.0,,Wc,Ashlyn Krueger,R,185.0,USA,22.22,67.0,997.0,211107.0,,,Katie Boulter,R,180.0,GBR,29.985,69.0,987.0,3-6 6-2 6-2,3,R32,112.0,6.0,10.0,82.0,45.0,34.0,16.0,13.0,8.0,12.0,1.0,9.0,71.0,35.0,24.0,10,12.0,2.0,8.0
2026-1045,Washington,Hard,28,500,O,20260727,7,221236.0,,Q,Polina Kudermetova,R,,UZB,23.146,108.0,708.0,213710.0,,,Cristina Bucsa,R,,ESP,28.567,40.0,1244.0,5-7 7-6(4) 6-0,3,R32,142.0,4.0,10.0,106.0,53.0,34.0,28.0,15.0,6.0,10.0,1.0,10.0,119.0,74.0,44.0,20,15.0,13.0,19.0
2026-1045,Washington,Hard,28,500,O,20260727,8,216133.0,,,Xinyu Wang,R,182.0,CHN,24.832,42.0,1193.0,264075.0,,Q,Julieta Pareja,R,,USA,17.435,308.0,224.0,7-6(3) 6-3,3,R32,110.0,8.0,4.0,82.0,52.0,36.0,14.0,11.0,9.0,12.0,2.0,6.0,75.0,44.0,24.0,14,10.0,5.0,9.0
2026-1045,Washington,Hard,28,500,O,20260727,9,223253.0,,,Alexandra Eala,L,173.0,PHI,21.177,28.0,1666.0,221012.0,,Wc,Qinwen Zheng,R,,CHN,23.8,123.0,610.0,4-6 6-4 6-1,3,R32,146.0,4.0,5.0,84.0,48.0,32.0,17.0,14.0,7.0,11.0,14.0,6.0,92.0,44.0,29.0,17,13.0,2.0,8.0
2026-1045,Washington,Hard,28,500,O,20260727,10,214939.0,5.0,,Anna Kalinskaya,R,175.0,RUS,27.65,20.0,2007.0,214082.0,,Q,Daria Kasatkina,R,170.0,AUS,29.221,61.0,1009.0,6-4 6-1,3,R32,65.0,2.0,5.0,52.0,32.0,22.0,8.0,8.0,2.0,4.0,1.0,8.0,46.0,24.0,14.0,4,9.0,1.0,7.0
2026-1045,Washington,Hard,28,500,O,20260727,11,211684.0,,,Magdalena Frech,R,171.0,POL,28.613,48.0,1120.0,215983.0,,,Ann Li,R,170.0,USA,26.084,31.0,1541.0,6-4 6-3,3,R32,93.0,1.0,2.0,55.0,37.0,26.0,9.0,9.0,4.0,6.0,4.0,3.0,75.0,37.0,21.0,18,10.0,8.0,13.0
2026-1045,Washington,Hard,28,500,O,20260727,12,215713.0,,,Anastasia Potapova,R,175.0,AUT,25.325,27.0,1667.0,200748.0,,Wc,Venus Williams,R,185.0,USA,46.108,469.0,124.0,6-3 6-3,3,R32,75.0,2.0,3.0,45.0,20.0,19.0,17.0,9.0,0.0,0.0,1.0,2.0,66.0,37.0,29.0,7,9.0,5.0,8.0
2026-1045,Washington,Hard,28,500,O,20260727,13,202468.0,1.0,,Jessica Pegula,R,170.0,USA,32.419,3.0,6300.0,211684.0,,,Magdalena Frech,R,171.0,POL,28.613,48.0,1120.0,3-6 6-3 6-0,3,R16,113.0,9.0,4.0,78.0,43.0,31.0,19.0,12.0,5.0,7.0,6.0,1.0,78.0,47.0,28.0,13,12.0,7.0,12.0
2026-1045,Washington,Hard,28,500,O,20260727,14,214939.0,5.0,,Anna Kalinskaya,R,175.0,RUS,27.65,20.0,2007.0,222145.0,,,Janice Tjen,R,,INA,24.225,37.0,1282.0,1-6 6-3 7-6(7),3,R16,137.0,6.0,13.0,94.0,41.0,30.0,26.0,14.0,6.0,10.0,12.0,3.0,98.0,57.0,40.0,18,14.0,3.0,6.0
2026-1045,Washington,Hard,28,500,O,20260727,15,223670.0,4.0,,Diana Shnaider,L,,RUS,22.316,18.0,2458.0,215713.0,,,Anastasia Potapova,R,175.0,AUT,25.325,27.0,1667.0,6-1 6-2,3,R16,55.0,0.0,0.0,40.0,27.0,16.0,9.0,8.0,0.0,2.0,2.0,8.0,38.0,17.0,9.0,2,7.0,2.0,8.0
2026-1045,Washington,Hard,28,500,O,20260727,16,214643.0,,,Liudmila Samsonova,R,180.0,RUS,27.707,70.0,970.0,216133.0,,,Xinyu Wang,R,182.0,CHN,24.832,42.0,1193.0,6-2 6-2,3,R16,70.0,7.0,4.0,53.0,33.0,28.0,10.0,8.0,6.0,6.0,2.0,4.0,44.0,32.0,20.0,4,8.0,3.0,7.0
2026-1045,Washington,Hard,28,500,O,20260727,17,220714.0,,,Elisabetta Cocciaretto,R,,ITA,25.5,71.0,967.0,215613.0,8.0,,Emma Navarro,R,,USA,25.191,26.0,1674.0,6-3 4-6 6-3,3,R16,135.0,1.0,4.0,95.0,65.0,41.0,14.0,14.0,11.0,15.0,4.0,10.0,87.0,48.0,30.0,15,14.0,7.0,13.0
2026-1045,Washington,Hard,28,500,O,20260727,18,211768.0,3.0,,Naomi Osaka,R,180.0,JPN,28.778,13.0,3086.0,221909.0,,Wc,Ashlyn Krueger,R,185.0,USA,22.22,67.0,997.0,6-3 3-1 RET,3,R16,54.0,4.0,2.0,40.0,15.0,12.0,18.0,7.0,0.0,0.0,3.0,3.0,32.0,19.0,16.0,3,6.0,3.0,5.0
2026-1045,Washington,Hard,28,500,O,20260727,19,223253.0,,,Alexandra Eala,L,173.0,PHI,21.177,28.0,1666.0,220367.0,7.0,,Leylah Fernandez,L,168.0,CAN,23.888,34.0,1344.0,6-2 7-6(1),3,R16,113.0,0.0,2.0,66.0,40.0,27.0,16.0,10.0,4.0,6.0,4.0,4.0,74.0,44.0,27.0,11,10.0,5.0,9.0
2026-1045,Washington,Hard,28,500,O,20260727,20,202494.0,2.0,,Elina Svitolina,R,174.0,UKR,31.871,10.0,4351.0,221236.0,,Q,Polina Kudermetova,R,,UZB,23.146,108.0,708.0,7-6(4) 6-4,3,R16,87.0,4.0,9.0,79.0,45.0,32.0,15.0,11.0,6.0,9.0,4.0,12.0,78.0,45.0,32.0,10,11.0,4.0,8.0
2026-1045,Washington,Hard,28,500,O,20260727,21,202468.0,1.0,,Jessica Pegula,R,170.0,USA,32.419,3.0,6300.0,214939.0,5.0,,Anna Kalinskaya,R,175.0,RUS,27.65,20.0,2007.0,6-3 7-5,3,QF,75.0,6.0,1.0,60.0,35.0,28.0,16.0,11.0,3.0,4.0,3.0,5.0,58.0,34.0,22.0,12,10.0,4.0,7.0
2026-1045,Washington,Hard,28,500,O,20260727,22,223670.0,4.0,,Diana Shnaider,L,,RUS,22.316,18.0,2458.0,214643.0,,,Liudmila Samsonova,R,180.0,RUS,27.707,70.0,970.0,6-3 6-4,3,QF,89.0,2.0,1.0,57.0,37.0,28.0,12.0,10.0,4.0,5.0,4.0,4.0,65.0,33.0,22.0,14,9.0,2.0,5.0
2026-1045,Washington,Hard,28,500,O,20260727,23,211768.0,3.0,,Naomi Osaka,R,180.0,JPN,28.778,13.0,3086.0,220714.0,,,Elisabetta Cocciaretto,R,,ITA,25.5,71.0,967.0,4-6 6-4 6-3,3,QF,131.0,9.0,4.0,86.0,41.0,30.0,23.0,15.0,2.0,6.0,1.0,7.0,87.0,56.0,33.0,15,14.0,7.0,12.0
2026-1045,Washington,Hard,28,500,O,20260727,24,223253.0,,,Alexandra Eala,L,173.0,PHI,21.177,28.0,1666.0,202494.0,2.0,,Elina Svitolina,R,174.0,UKR,31.871,10.0,4351.0,6-3 6-4,3,QF,94.0,1.0,2.0,54.0,34.0,24.0,5.0,9.0,6.0,9.0,4.0,5.0,81.0,47.0,26.0,13,10.0,10.0,16.0
2026-1045,Washington,Hard,28,500,O,20260727,25,202468.0,1.0,,Jessica Pegula,R,170.0,USA,32.419,3.0,6300.0,223670.0,4.0,,Diana Shnaider,L,,RUS,22.316,18.0,2458.0,7-5 6-4,3,SF,87.0,3.0,2.0,66.0,38.0,25.0,15.0,11.0,2.0,5.0,1.0,2.0,64.0,42.0,24.0,8,11.0,3.0,8.0
2026-1045,Washington,Hard,28,500,O,20260727,26,223253.0,,,Alexandra Eala,L,173.0,PHI,21.177,28.0,1666.0,211768.0,3.0,,Naomi Osaka,R,180.0,JPN,28.778,13.0,3086.0,6-4 6-2,3,SF,76.0,0.0,1.0,47.0,28.0,20.0,15.0,9.0,3.0,4.0,5.0,5.0,59.0,32.0,19.0,13,9.0,8.0,12.0
2026-1045,Washington,Hard,28,500,O,20260727,27,223253.0,,,Alexandra Eala,L,173.0,PHI,21.177,28.0,1666.0,202468.0,1.0,,Jessica Pegula,R,170.0,USA,32.419,3.0,6300.0,4-6 6-4 6-0,3,F,105.0,0.0,3.0,70.0,45.0,38.0,11.0,13.0,1.0,3.0,4.0,1.0,71.0,46.0,26.0,14,13.0,4.0,
2026-806,Toronto,Hard,96,1000,O,20260802,1,220416.0,,Q,Moyuka Uchijima,R,171.0,JPN,24.975,111.0,738.0,213710.0,,,Cristina Bucsa,R,,ESP,28.583,40.0,1244.0,6-3 6-4,3,R128,74.0,6.0,4.0,65.0,40.0,27.0,11.0,10.0,4.0,6.0,1.0,3.0,54.0,37.0,19.0,8,9.0,2.0,6.0
2026-806,Toronto,Hard,96,1000,O,20260802,2,201533.0,,,Shuai Zhang,R,177.0,CHN,37.528,62.0,1020.0,201709.0,,,Yulia Putintseva,R,163.0,KAZ,31.567,82.0,904.0,6-4 6-1,3,R128,71.0,0.0,3.0,63.0,42.0,26.0,10.0,8.0,4.0,6.0,1.0,2.0,49.0,29.0,15.0,8,9.0,4.0,10.0
2026-806,Toronto,Hard,96,1000,O,20260802,3,221883.0,,,Talia Gibson,R,,AUS,22.122,74.0,958.0,220714.0,,,Elisabetta Cocciaretto,R,,ITA,25.517,59.0,1055.0,6-2 3-2 RET,3,R128,57.0,10.0,1.0,35.0,17.0,15.0,11.0,7.0,0.0,1.0,0.0,5.0,34.0,14.0,6.0,9,6.0,0.0,3.0
2026-806,Toronto,Hard,96,1000,O,20260802,4,215785.0,,,Camila Osorio,R,162.0,COL,24.611,60.0,1048.0,214593.0,,Q,Lucrezia Stefanini,R,,ITA,28.216,147.0,539.0,7-6(4) 6-3,3,R128,102.0,0.0,3.0,68.0,41.0,21.0,12.0,10.0,3.0,9.0,0.0,4.0,67.0,50.0,17.0,8,11.0,5.0,13.0
2026-806,Toronto,Hard,96,1000,O,20260802,5,222601.0,,,Jessica Bouzas Maneiro,R,,ESP,23.855,63.0,1014.0,220502.0,,WC,Ariana Arseneault,R,,CAN,24.131,352.0,186.0,6-2 6-4,3,R128,78.0,2.0,7.0,65.0,33.0,23.0,18.0,9.0,3.0,4.0,2.0,1.0,48.0,31.0,19.0,6,9.0,3.0,7.0
2026-806,Toronto,Hard,96,1000,O,20260802,6,211817.0,,,Elena Gabriela Ruse,R,,ROU,28.736,77.0,941.0,220548.0,,,Peyton Stearns,R,,USA,24.816,57.0,1061.0,6-0 7-5,3,R128,100.0,5.0,5.0,62.0,35.0,28.0,10.0,9.0,8.0,10.0,2.0,7.0,74.0,39.0,20.0,13,9.0,6.0,12.0
2026-806,Toronto,Hard,96,1000,O,20260802,7,223360.0,,,Nikola Bartunkova,R,,CZE,20.433,42.0,1231.0,215370.0,,WC,Bianca Andreescu,R,170.0,CAN,26.127,179.0,446.0,7-5 6-4,3,R128,113.0,8.0,4.0,69.0,33.0,25.0,19.0,11.0,3.0,5.0,4.0,2.0,77.0,48.0,30.0,13,11.0,7.0,11.0
2026-806,Toronto,Hard,96,1000,O,20260802,8,222290.0,,Q,Lanlana Tararudee,R,,THA,22.07,79.0,916.0,263644.0,,Q,Emerson Jones,R,,AUS,18.07,134.0,583.0,7-6(2) 6-2,3,R128,94.0,2.0,8.0,68.0,33.0,23.0,14.0,10.0,8.0,12.0,0.0,7.0,67.0,24.0,14.0,16,10.0,3.0,9.0
2026-806,Toronto,Hard,96,1000,O,20260802,9,211684.0,,,Magdalena Frech,R,171.0,POL,28.63,45.0,1160.0,206417.0,,Q,Leolia Jeanjean,R,166.0,FRA,30.968,119.0,677.0,7-5 6-3,3,R128,123.0,1.0,4.0,71.0,47.0,30.0,8.0,10.0,3.0,7.0,1.0,8.0,75.0,36.0,18.0,18,11.0,7.0,14.0
2026-806,Toronto,Hard,96,1000,O,20260802,10,215872.0,,,Kamilla Rakhimova,R,170.0,UZB,24.928,83.0,894.0,200748.0,,WC,Venus Williams,R,185.0,USA,46.125,667.0,65.0,6-4 6-1,3,R128,87.0,1.0,5.0,60.0,38.0,25.0,11.0,8.0,3.0,4.0,2.0,6.0,52.0,24.0,13.0,13,9.0,1.0,6.0
2026-806,Toronto,Hard,96,1000,O,20260802,11,220520.0,,,Mccartney Kessler,R,,USA,27.069,48.0,1125.0,223335.0,,WC,Cadence Brace,R,,CAN,21.432,258.0,286.0,6-3 6-3,3,R128,85.0,6.0,2.0,53.0,27.0,21.0,17.0,9.0,3.0,3.0,0.0,3.0,66.0,39.0,24.0,13,9.0,4.0,7.0
2026-806,Toronto,Hard,96,1000,O,20260802,12,211685.0,,Q,Rebecca Sramkova,R,,SVK,29.785,143.0,559.0,215020.0,,Q,Anna Blinkova,R,179.0,RUS,27.893,108.0,749.0,6-3 6-3,3,R128,78.0,4.0,4.0,52.0,25.0,13.0,17.0,9.0,1.0,3.0,1.0,5.0,66.0,39.0,22.0,10,9.0,4.0,9.0
2026-806,Toronto,Hard,96,1000,O,20260802,13,214684.0,,WC,Katherine Sebov,R,173.0,CAN,27.573,229.0,343.0,256684.0,,Q,Aoi Ito,R,,JPN,22.198,236.0,324.0,6-3 6-4,3,R128,84.0,0.0,1.0,71.0,52.0,34.0,9.0,10.0,6.0,8.0,1.0,6.0,52.0,36.0,24.0,5,9.0,4.0,8.0
2026-806,Toronto,Hard,96,1000,O,20260802,14,222045.0,,,Antonia Ruzic,R,,CRO,23.532,56.0,1062.0,222391.0,,Q,Lois Boisson,R,,FRA,23.214,299.0,238.0,4-6 6-1 6-3,3,R128,127.0,1.0,4.0,75.0,46.0,31.0,20.0,13.0,1.0,2.0,7.0,6.0,95.0,62.0,40.0,14,13.0,6.0,10.0
2026-806,Toronto,Hard,96,1000,O,20260802,15,203530.0,,,Viktorija Golubic,R,169.0,SUI,33.793,51.0,1088.0,214040.0,,,Kimberly Birrell,R,170.0,AUS,28.26,69.0,999.0,7-6(7) 6-4,3,R128,104.0,0.0,1.0,76.0,50.0,29.0,15.0,11.0,4.0,7.0,5.0,8.0,73.0,43.0,29.0,12,11.0,4.0,8.0
2026-806,Toronto,Hard,96,1000,O,20260802,16,239383.0,,,Sara Bejlek,L,,CZE,20.501,38.0,1269.0,216016.0,,,Xiyu Wang,L,,CHN,25.347,96.0,809.0,6-3 4-6 7-5,3,R128,180.0,1.0,0.0,95.0,58.0,37.0,20.0,16.0,3.0,7.0,0.0,4.0,118.0,92.0,53.0,12,15.0,13.0,18.0
2026-806,Toronto,Hard,96,1000,O,20260802,17,216083.0,,,Caty McNally,R,183.0,USA,24.698,70.0,990.0,213583.0,,Q,Tatjana Maria,R,172.0,GER,38.984,80.0,913.0,4-6 7-6(4) 6-1,3,R128,167.0,1.0,8.0,125.0,89.0,54.0,14.0,15.0,11.0,17.0,4.0,8.0,108.0,76.0,43.0,13,14.0,6.0,13.0
2026-806,Toronto,Hard,96,1000,O,20260802,18,219917.0,,,Alycia Parks,R,185.0,USA,25.585,71.0,989.0,223286.0,,Q,Victoria Jimenez Kasintseva,L,,AND,20.98,122.0,645.0,6-4 6-4,3,R128,90.0,4.0,6.0,70.0,34.0,22.0,17.0,10.0,7.0,11.0,1.0,11.0,64.0,43.0,26.0,4,10.0,4.0,10.0
2026-806,Toronto,Hard,96,1000,O,20260802,19,203501.0,,,Taylor Townsend,L,170.0,USA,30.294,110.0,748.0,238184.0,,,Tereza Valentova,R,168.0,CZE,19.447,67.0,1003.0,6-4 7-5,3,R128,111.0,3.0,3.0,89.0,50.0,34.0,17.0,11.0,9.0,12.0,1.0,4.0,66.0,39.0,24.0,12,11.0,2.0,7.0
2026-806,Toronto,Hard,96,1000,O,20260802,20,201585.0,,Q,Sloane Stephens,R,170.0,USA,33.369,286.0,255.0,221333.0,,,Solana Sierra,R,,ARG,22.125,86.0,867.0,6-3 6-4,3,R128,69.0,0.0,4.0,50.0,34.0,23.0,7.0,9.0,1.0,3.0,0.0,8.0,56.0,28.0,17.0,11,10.0,3.0,8.0
2026-806,Toronto,Hard,96,1000,O,20260802,21,202663.0,,,Magda Linette,R,171.0,POL,34.47,68.0,1001.0,203475.0,,WC,Carol Zhao,R,165.0,CAN,31.118,627.0,75.0,4-6 6-1 6-4,3,R128,121.0,3.0,2.0,81.0,50.0,36.0,16.0,14.0,4.0,7.0,0.0,10.0,87.0,52.0,32.0,15,13.0,7.0,12.0
2026-806,Toronto,Hard,96,1000,O,20260802,22,252499.0,,Q,Alina Korneeva,R,,RUS,19.11,89.0,849.0,221236.0,,Q,Polina Kudermetova,R,,RUS,23.162,103.0,778.0,6-0 3-0 RET,3,R128,36.0,1.0,0.0,23.0,17.0,11.0,5.0,4.0,0.0,0.0,0.0,4.0,27.0,13.0,3.0,4,5.0,3.0,8.0
2026-806,Toronto,Hard,96,1000,O,20260802,23,220309.0,,,Zeynep Sonmez,R,,TUR,24.257,52.0,1077.0,201606.0,,WC,Rebecca Marino,R,183.0,CAN,35.628,345.0,193.0,7-5 6-4,3,R128,97.0,5.0,5.0,80.0,51.0,36.0,14.0,11.0,5.0,6.0,10.0,7.0,70.0,39.0,28.0,13,11.0,5.0,8.0
2026-806,Toronto,Hard,96,1000,O,20260802,24,215037.0,,Q,Kayla Day,L,173.0,USA,26.845,131.0,591.0,220348.0,,,Diane Parry,R,170.0,FRA,23.918,64.0,1011.0,3-6 6-3 7-5,3,R128,148.0,6.0,4.0,85.0,58.0,34.0,18.0,15.0,3.0,8.0,5.0,4.0,88.0,48.0,30.0,18,15.0,3.0,9.0
2026-806,Toronto,Hard,96,1000,O,20260802,25,201662.0,,,Karolina Pliskova,R,184.0,CZE,34.366,66.0,1006.0,220716.0,,,Oleksandra Oliynykova,R,170.0,UKR,25.577,44.0,1171.0,6-4 6-4,3,R128,82.0,4.0,4.0,71.0,47.0,31.0,11.0,10.0,6.0,9.0,1.0,6.0,59.0,31.0,19.0,11,10.0,3.0,8.0
2026-806,Toronto,Hard,96,1000,O,20260802,26,213887.0,,,Renata Zarazua,R,,MEX,28.838,73.0,971.0,211337.0,,,Tamara Korpatsch,R,170.0,GER,31.225,47.0,1134.0,6-4 0-6 6-1,3,R128,125.0,0.0,3.0,65.0,46.0,28.0,6.0,11.0,3.0,8.0,3.0,3.0,78.0,53.0,29.0,11,12.0,5.0,11.0
2026-806,Toronto,Hard,96,1000,O,20260802,27,214388.0,,,Anna Bondar,R,,HUN,29.183,78.0,936.0,211843.0,,,Anhelina Kalinina,R,179.0,UKR,29.481,54.0,1072.0,6-4 7-5,3,R128,126.0,1.0,3.0,65.0,41.0,27.0,10.0,11.0,1.0,5.0,0.0,6.0,83.0,54.0,26.0,15,11.0,8.0,14.0
2026-806,Toronto,Hard,96,1000,O,20260802,28,215910.0,,,Panna Udvardy,R,170.0,HUN,27.844,76.0,953.0,220332.0,,,Eva Lys,R,165.0,GER,24.553,85.0,871.0,2-6 7-6(3) 2-0 RET,3,R128,112.0,3.0,0.0,77.0,43.0,28.0,19.0,11.0,3.0,6.0,5.0,6.0,88.0,59.0,36.0,15,11.0,5.0,7.0
2026-806,Toronto,Hard,96,1000,O,20260802,29,233741.0,,Q,Maya Joint,R,,AUS,20.296,75.0,956.0,263857.0,,,Yuliia Starodubtseva,R,,UKR,26.456,65.0,1008.0,4-6 6-1 6-3,3,R128,157.0,3.0,5.0,104.0,62.0,33.0,24.0,13.0,14.0,18.0,1.0,5.0,99.0,63.0,34.0,15,13.0,7.0,14.0
2026-806,Toronto,Hard,96,1000,O,20260802,30,214643.0,,,Liudmila Samsonova,R,180.0,RUS,27.723,55.0,1068.0,222145.0,,,Janice Tjen,R,,INA,24.241,36.0,1312.0,7-6(9) 7-5,3,R128,140.0,5.0,6.0,90.0,48.0,40.0,15.0,12.0,8.0,11.0,1.0,11.0,93.0,49.0,32.0,19,12.0,5.0,9.0
2026-806,Toronto,Hard,96,1000,O,20260802,31,239436.0,,WC,Kayla Cross,L,,CAN,21.366,177.0,449.0,211107.0,,,Katie Boulter,R,180.0,GBR,30.001,72.0,987.0,7-6(3) 7-5,3,R128,119.0,11.0,6.0,84.0,48.0,37.0,17.0,12.0,4.0,6.0,2.0,12.0,85.0,46.0,32.0,17,12.0,1.0,4.0
2026-806,Toronto,Hard,96,1000,O,20260802,32,214082.0,,,Daria Kasatkina,R,170.0,AUS,29.238,61.0,1033.0,216133.0,,,Xinyu Wang,R,182.0,CHN,24.849,41.0,1238.0,1-6 7-6(5) 7-5,3,R128,143.0,0.0,9.0,107.0,65.0,39.0,17.0,15.0,9.0,17.0,2.0,8.0,96.0,60.0,36.0,17,16.0,4.0,11.0
2026-806,Toronto,Hard,96,1000,O,20260802,33,214544.0,1.0,,Aryna Sabalenka,R,182.0,BLR,28.244,1.0,8550.0,220416.0,,Q,Moyuka Uchijima,R,171.0,JPN,24.975,111.0,738.0,6-3 6-3,3,R64,81.0,4.0,6.0,59.0,35.0,26.0,10.0,9.0,3.0,6.0,4.0,2.0,62.0,31.0,20.0,9,9.0,5.0,11.0
2026-806,Toronto,Hard,96,1000,O,20260802,34,201533.0,,,Shuai Zhang,R,177.0,CHN,37.528,62.0,1020.0,211533.0,26.0,,Jelena Ostapenko,R,177.0,LAT,29.15,29.0,1592.0,6-0 4-0 RET,3,R64,54.0,1.0,2.0,31.0,21.0,19.0,4.0,6.0,0.0,0.0,0.0,8.0,43.0,14.0,8.0,7,5.0,9.0,14.0
2026-806,Toronto,Hard,96,1000,O,20260802,35,221883.0,,,Talia Gibson,R,,AUS,22.122,74.0,958.0,216081.0,18.0,,Maja Chwalinska,L,,POL,24.808,22.0,1975.0,7-5 6-1,3,R64,100.0,3.0,5.0,66.0,32.0,20.0,18.0,10.0,7.0,10.0,1.0,7.0,59.0,35.0,16.0,9,9.0,4.0,10.0
2026-806,Toronto,Hard,96,1000,O,20260802,36,206420.0,16.0,,Ekaterina Alexandrova,R,175.0,RUS,31.713,19.0,2301.0,215785.0,,,Camila Osorio,R,162.0,COL,24.611,60.0,1048.0,6-3 7-6(4),3,R64,104.0,2.0,15.0,91.0,49.0,37.0,16.0,10.0,9.0,12.0,1.0,6.0,74.0,49.0,27.0,12,11.0,7.0,12.0
2026-806,Toronto,Hard,96,1000,O,20260802,37,202494.0,9.0,,Elina Svitolina,R,174.0,UKR,31.888,9.0,4459.0,222601.0,,,Jessica Bouzas Maneiro,R,,ESP,23.855,63.0,1014.0,6-7(5) 7-6(4) 6-4,3,R64,167.0,3.0,11.0,124.0,62.0,36.0,27.0,17.0,6.0,14.0,1.0,15.0,124.0,64.0,39.0,20,17.0,3.0,12.0
2026-806,Toronto,Hard,96,1000,O,20260802,38,215713.0,24.0,,Anastasia Potapova,R,175.0,RUS,25.342,27.0,1726.0,211817.0,,,Elena Gabriela Ruse,R,,ROU,28.736,77.0,941.0,6-4 6-2,3,R64,105.0,0.0,3.0,75.0,45.0,31.0,15.0,9.0,8.0,9.0,3.0,4.0,59.0,26.0,16.0,14,9.0,2.0,6.0
2026-806,Toronto,Hard,96,1000,O,20260802,39,223360.0,,,Nikola Bartunkova,R,,CZE,20.433,42.0,1231.0,220704.0,27.0,,Clara Tauson,R,182.0,DEN,23.614,30.0,1564.0,6-3 6-4,3,R64,97.0,8.0,5.0,68.0,32.0,21.0,17.0,10.0,6.0,9.0,3.0,6.0,61.0,39.0,22.0,8,9.0,2.0,7.0
2026-806,Toronto,Hard,96,1000,O,20260802,40,216153.0,8.0,,Amanda Anisimova,R,180.0,USA,24.92,10.0,4353.0,222290.0,,Q,Lanlana Tararudee,R,,THA,22.07,79.0,916.0,W/O,3,R64,,,,,,,,,,,,,,,,,,,
2026-806,Toronto,Hard,96,1000,O,20260802,41,202468.0,3.0,,Jessica Pegula,R,170.0,USA,32.435,3.0,6625.0,211684.0,,,Magdalena Frech,R,171.0,POL,28.63,45.0,1160.0,3-6 6-3 6-2,3,R64,123.0,6.0,6.0,90.0,56.0,40.0,12.0,13.0,3.0,6.0,4.0,2.0,76.0,44.0,25.0,17,13.0,2.0,7.0
2026-806,Toronto,Hard,96,1000,O,20260802,42,215872.0,,,Kamilla Rakhimova,R,170.0,UZB,24.928,83.0,894.0,211701.0,32.0,,Katerina Siniakova,R,174.0,CZE,30.229,37.0,1285.0,6-7(1) 6-0 5-2 RET,3,R64,151.0,2.0,6.0,88.0,53.0,27.0,20.0,12.0,3.0,7.0,2.0,7.0,92.0,57.0,33.0,8,13.0,4.0,13.0
2026-806,Toronto,Hard,96,1000,O,20260802,43,214939.0,17.0,,Anna Kalinskaya,R,175.0,RUS,27.666,21.0,2083.0,220520.0,,,Mccartney Kessler,R,,USA,27.069,48.0,1125.0,6-2 6-7(3) 6-4,3,R64,161.0,7.0,12.0,98.0,53.0,35.0,23.0,15.0,1.0,5.0,5.0,3.0,120.0,72.0,43.0,18,15.0,13.0,20.0
2026-806,Toronto,Hard,96,1000,O,20260802,44,223670.0,15.0,,Diana Shnaider,L,,RUS,22.333,17.0,2593.0,211685.0,,Q,Rebecca Sramkova,R,,SVK,29.785,143.0,559.0,6-2 4-6 6-1,3,R64,105.0,2.0,5.0,89.0,65.0,46.0,13.0,13.0,2.0,3.0,3.0,2.0,70.0,35.0,21.0,18,12.0,4.0,8.0
2026-806,Toronto,Hard,96,1000,O,20260802,45,216146.0,10.0,,Marta Kostyuk,R,175.0,UKR,24.096,11.0,3925.0,214684.0,,WC,Katherine Sebov,R,173.0,CAN,27.573,229.0,343.0,7-6(4) 6-0,3,R64,78.0,5.0,7.0,56.0,22.0,16.0,18.0,9.0,2.0,5.0,0.0,6.0,57.0,39.0,17.0,7,9.0,1.0,7.0
2026-806,Toronto,Hard,96,1000,O,20260802,46,201619.0,19.0,,Madison Keys,R,178.0,USA,31.455,23.0,1964.0,222045.0,,,Antonia Ruzic,R,,CRO,23.532,56.0,1062.0,6-1 6-2,3,R64,81.0,6.0,6.0,55.0,34.0,24.0,12.0,8.0,6.0,7.0,1.0,3.0,60.0,40.0,21.0,5,7.0,9.0,14.0
2026-806,Toronto,Hard,96,1000,O,20260802,47,203530.0,,,Viktorija Golubic,R,169.0,SUI,33.793,51.0,1088.0,202499.0,31.0,,Donna Vekic,R,179.0,CRO,30.094,35.0,1326.0,5-7 6-2 6-3,3,R64,135.0,0.0,2.0,99.0,73.0,47.0,9.0,14.0,6.0,10.0,5.0,9.0,90.0,45.0,29.0,17,15.0,4.0,11.0
2026-806,Toronto,Hard,96,1000,O,20260802,48,216347.0,7.0,,Iga Swiatek,R,176.0,POL,25.172,8.0,4539.0,239383.0,,,Sara Bejlek,L,,CZE,20.501,38.0,1269.0,6-0 6-3,3,R64,94.0,1.0,1.0,72.0,55.0,35.0,8.0,7.0,10.0,11.0,0.0,4.0,59.0,37.0,18.0,7,8.0,6.0,12.0
2026-806,Toronto,Hard,96,1000,O,20260802,49,216083.0,,,Caty McNally,R,183.0,USA,24.698,70.0,990.0,222328.0,6.0,,Linda Noskova,R,,CZE,21.706,7.0,5016.0,7-6(5) 6-1,3,R64,98.0,5.0,5.0,69.0,47.0,30.0,12.0,10.0,3.0,5.0,2.0,11.0,63.0,30.0,19.0,12,9.0,2.0,6.0
2026-806,Toronto,Hard,96,1000,O,20260802,50,223253.0,25.0,,Alexandra Eala,L,173.0,PHI,21.194,20.0,2106.0,219917.0,,,Alycia Parks,R,185.0,USA,25.585,71.0,989.0,6-1 4-6 6-2,3,R64,111.0,2.0,6.0,70.0,45.0,32.0,13.0,13.0,0.0,2.0,10.0,8.0,87.0,45.0,27.0,19,12.0,9.0,14.0
2026-806,Toronto,Hard,96,1000,O,20260802,51,203501.0,,,Taylor Townsend,L,170.0,USA,30.294,110.0,748.0,213631.0,21.0,,Marie Bouzkova,R,180.0,CZE,28.033,25.0,1829.0,7-6(4) 7-5,3,R64,129.0,4.0,4.0,78.0,48.0,38.0,13.0,12.0,3.0,5.0,5.0,7.0,87.0,53.0,34.0,16,12.0,7.0,10.0
2026-806,Toronto,Hard,96,1000,O,20260802,52,202505.0,12.0,,Belinda Bencic,R,175.0,SUI,29.396,14.0,2845.0,201585.0,,Q,Sloane Stephens,R,170.0,USA,33.369,286.0,255.0,6-3 6-1,3,R64,96.0,3.0,6.0,60.0,29.0,22.0,17.0,8.0,1.0,1.0,1.0,1.0,56.0,31.0,17.0,10,8.0,5.0,9.0
2026-806,Toronto,Hard,96,1000,O,20260802,53,260300.0,13.0,,Iva Jovic,R,,USA,18.656,16.0,2636.0,202663.0,,,Magda Linette,R,171.0,POL,34.47,68.0,1001.0,6-3 7-5,3,R64,97.0,4.0,2.0,64.0,33.0,25.0,18.0,11.0,2.0,4.0,0.0,4.0,57.0,26.0,15.0,16,10.0,3.0,7.0
2026-806,Toronto,Hard,96,1000,O,20260802,54,252499.0,,Q,Alina Korneeva,R,,RUS,19.11,89.0,849.0,215613.0,23.0,,Emma Navarro,R,,USA,25.207,28.0,1724.0,6-2 6-2,3,R64,76.0,3.0,3.0,58.0,36.0,22.0,12.0,8.0,5.0,7.0,0.0,3.0,53.0,24.0,10.0,13,8.0,3.0,9.0
2026-806,Toronto,Hard,96,1000,O,20260802,55,206289.0,29.0,,Maria Sakkari,R,172.0,GRE,31.023,33.0,1355.0,220309.0,,,Zeynep Sonmez,R,,TUR,24.257,52.0,1077.0,6-3 6-2,3,R64,80.0,5.0,6.0,57.0,24.0,20.0,17.0,9.0,2.0,3.0,0.0,5.0,54.0,33.0,21.0,7,8.0,4.0,8.0
2026-806,Toronto,Hard,96,1000,O,20260802,56,221103.0,4.0,,Coco Gauff,R,175.0,USA,22.387,4.0,5649.0,215037.0,,Q,Kayla Day,L,173.0,USA,26.845,131.0,591.0,6-2 7-5,3,R64,106.0,4.0,10.0,68.0,39.0,28.0,12.0,10.0,3.0,6.0,5.0,6.0,84.0,44.0,20.0,19,10.0,7.0,13.0
2026-806,Toronto,Hard,96,1000,O,20260802,57,259799.0,5.0,,Mirra Andreeva,R,,RUS,19.261,5.0,5293.0,201662.0,,,Karolina Pliskova,R,184.0,CZE,34.366,66.0,1006.0,6-0 6-2,3,R64,54.0,5.0,0.0,39.0,26.0,20.0,8.0,7.0,0.0,1.0,2.0,8.0,45.0,27.0,13.0,4,7.0,2.0,8.0
2026-806,Toronto,Hard,96,1000,O,20260802,58,220367.0,30.0,,Leylah Fernandez,L,168.0,CAN,23.904,34.0,1344.0,213887.0,,,Renata Zarazua,R,,MEX,28.838,73.0,971.0,6-2 6-2,3,R64,83.0,3.0,4.0,47.0,28.0,19.0,11.0,8.0,1.0,2.0,0.0,2.0,55.0,38.0,18.0,7,8.0,1.0,6.0
2026-806,Toronto,Hard,96,1000,O,20260802,59,210722.0,20.0,,Elise Mertens,R,179.0,BEL,30.708,24.0,1948.0,214388.0,,,Anna Bondar,R,,HUN,29.183,78.0,936.0,3-6 6-4 6-4,3,R64,154.0,8.0,11.0,89.0,38.0,31.0,19.0,14.0,5.0,10.0,2.0,5.0,104.0,48.0,25.0,32,15.0,7.0,13.0
2026-806,Toronto,Hard,96,1000,O,20260802,60,211768.0,11.0,,Naomi Osaka,R,180.0,JPN,28.794,13.0,3281.0,215910.0,,,Panna Udvardy,R,170.0,HUN,27.844,76.0,953.0,6-2 6-4,3,R64,73.0,10.0,3.0,54.0,29.0,24.0,13.0,9.0,2.0,3.0,0.0,3.0,56.0,33.0,17.0,12,9.0,2.0,6.0
2026-806,Toronto,Hard,96,1000,O,20260802,61,233741.0,,Q,Maya Joint,R,,AUS,20.296,75.0,956.0,201514.0,14.0,,Sorana Cirstea,R,176.0,ROU,36.32,18.0,2502.0,6-4 6-4,3,R64,93.0,1.0,6.0,92.0,52.0,29.0,22.0,10.0,8.0,11.0,6.0,6.0,51.0,28.0,19.0,8,10.0,3.0,8.0
2026-806,Toronto,Hard,96,1000,O,20260802,62,214643.0,,,Liudmila Samsonova,R,180.0,RUS,27.723,55.0,1068.0,206252.0,22.0,,Barbora Krejcikova,R,178.0,CZE,30.623,26.0,1776.0,6-1 7-5,3,R64,97.0,2.0,5.0,70.0,35.0,26.0,20.0,10.0,4.0,5.0,4.0,5.0,55.0,29.0,19.0,9,9.0,6.0,10.0
2026-806,Toronto,Hard,96,1000,O,20260802,63,215983.0,28.0,,Ann Li,R,170.0,USA,26.1,31.0,1541.0,239436.0,,WC,Kayla Cross,L,,CAN,21.366,177.0,449.0,7-6(2) 6-3,3,R64,87.0,1.0,4.0,64.0,34.0,23.0,20.0,10.0,2.0,4.0,3.0,4.0,71.0,41.0,25.0,13,11.0,3.0,7.0
2026-806,Toronto,Hard,96,1000,O,20260802,64,214981.0,2.0,,Elena Rybakina,R,184.0,KAZ,27.127,2.0,8056.0,214082.0,,,Daria Kasatkina,R,170.0,AUS,29.238,61.0,1033.0,6-3 5-7 6-4,3,R64,153.0,15.0,16.0,124.0,54.0,43.0,31.0,16.0,8.0,11.0,3.0,6.0,105.0,68.0,40.0,21,15.0,9.0,13.0
2026-806,Toronto,Hard,96,1000,O,20260802,65,206420.0,16.0,,Ekaterina Alexandrova,R,175.0,RUS,31.713,19.0,2301.0,221883.0,,,Talia Gibson,R,,AUS,22.122,74.0,958.0,5-7 6-1 6-3,3,R32,116.0,7.0,4.0,82.0,52.0,37.0,20.0,14.0,4.0,6.0,8.0,7.0,81.0,38.0,28.0,17,14.0,4.0,9.0
2026-806,Toronto,Hard,96,1000,O,20260802,66,202468.0,3.0,,Jessica Pegula,R,170.0,USA,32.435,3.0,6625.0,215872.0,,,Kamilla Rakhimova,R,170.0,UZB,24.928,83.0,894.0,6-4 6-0,3,R32,68.0,1.0,2.0,45.0,32.0,21.0,7.0,8.0,0.0,2.0,0.0,3.0,47.0,29.0,11.0,6,8.0,0.0,6.0
2026-806,Toronto,Hard,96,1000,O,20260802,67,223670.0,15.0,,Diana Shnaider,L,,RUS,22.333,17.0,2593.0,214939.0,17.0,,Anna Kalinskaya,R,175.0,RUS,27.666,21.0,2083.0,6-3 6-3,3,R32,77.0,3.0,1.0,55.0,36.0,24.0,10.0,9.0,2.0,4.0,4.0,5.0,54.0,27.0,19.0,8,9.0,5.0,10.0
2026-806,Toronto,Hard,96,1000,O,20260802,68,216347.0,7.0,,Iga Swiatek,R,176.0,POL,25.172,8.0,4539.0,203530.0,,,Viktorija Golubic,R,169.0,SUI,33.793,51.0,1088.0,6-2 6-1,3,R32,66.0,2.0,1.0,41.0,28.0,22.0,7.0,8.0,0.0,1.0,0.0,1.0,42.0,28.0,12.0,5,7.0,4.0,9.0
2026-806,Toronto,Hard,96,1000,O,20260802,69,214544.0,1.0,,Aryna Sabalenka,R,182.0,BLR,28.244,1.0,8550.0,201533.0,,,Shuai Zhang,R,177.0,CHN,37.528,62.0,1020.0,6-3 6-4,3,R32,76.0,5.0,4.0,61.0,36.0,29.0,14.0,10.0,2.0,2.0,1.0,0.0,56.0,37.0,23.0,12,9.0,1.0,3.0
2026-806,Toronto,Hard,96,1000,O,20260802,70,202494.0,9.0,,Elina Svitolina,R,174.0,UKR,31.888,9.0,4459.0,215713.0,24.0,,Anastasia Potapova,R,175.0,RUS,25.342,27.0,1726.0,6-1 6-1,3,R32,60.0,1.0,1.0,49.0,32.0,23.0,8.0,7.0,5.0,5.0,1.0,2.0,44.0,27.0,13.0,4,7.0,5.0,10.0
2026-806,Toronto,Hard,96,1000,O,20260802,71,216153.0,8.0,,Amanda Anisimova,R,180.0,USA,24.92,10.0,4353.0,223360.0,,,Nikola Bartunkova,R,,CZE,20.433,42.0,1231.0,3-6 6-0 6-4,3,R32,119.0,0.0,7.0,85.0,54.0,30.0,15.0,13.0,4.0,9.0,1.0,3.0,79.0,38.0,17.0,18,12.0,3.0,10.0
2026-806,Toronto,Hard,96,1000,O,20260802,72,216146.0,10.0,,Marta Kostyuk,R,175.0,UKR,24.096,11.0,3925.0,201619.0,19.0,,Madison Keys,R,178.0,USA,31.455,23.0,1964.0,6-3 6-1,3,R32,72.0,1.0,4.0,61.0,32.0,30.0,11.0,8.0,10.0,10.0,1.0,2.0,50.0,33.0,19.0,7,8.0,2.0,6.0
2026-806,Toronto,Hard,96,1000,O,20260802,73,223253.0,25.0,,Alexandra Eala,L,173.0,PHI,21.194,20.0,2106.0,216083.0,,,Caty McNally,R,183.0,USA,24.698,70.0,990.0,6-3 5-7 6-4,3,R32,159.0,2.0,2.0,92.0,64.0,36.0,14.0,16.0,2.0,8.0,1.0,5.0,92.0,68.0,36.0,12,15.0,6.0,13.0
2026-806,Toronto,Hard,96,1000,O,20260802,74,202505.0,12.0,,Belinda Bencic,R,175.0,SUI,29.396,14.0,2845.0,203501.0,,,Taylor Townsend,L,170.0,USA,30.294,110.0,748.0,6-7(5) 7-6(4) 6-4,3,R32,204.0,4.0,8.0,123.0,60.0,39.0,44.0,17.0,7.0,9.0,9.0,3.0,128.0,77.0,57.0,25,17.0,6.0,9.0
2026-806,Toronto,Hard,96,1000,O,20260802,75,252499.0,,Q,Alina Korneeva,R,,RUS,19.11,89.0,849.0,260300.0,13.0,,Iva Jovic,R,,USA,18.656,16.0,2636.0,6-3 6-4,3,R32,82.0,4.0,2.0,48.0,32.0,23.0,4.0,9.0,3.0,7.0,2.0,4.0,55.0,32.0,17.0,5,10.0,1.0,8.0
2026-806,Toronto,Hard,96,1000,O,20260802,76,221103.0,4.0,,Coco Gauff,R,175.0,USA,22.387,4.0,5649.0,206289.0,29.0,,Maria Sakkari,R,172.0,GRE,31.023,33.0,1355.0,6-1 6-4,3,R32,76.0,5.0,3.0,58.0,36.0,27.0,10.0,9.0,5.0,7.0,0.0,1.0,50.0,27.0,15.0,7,8.0,4.0,9.0
2026-806,Toronto,Hard,96,1000,O,20260802,77,220367.0,30.0,,Leylah Fernandez,L,168.0,CAN,23.904,34.0,1344.0,259799.0,5.0,,Mirra Andreeva,R,,RUS,19.261,5.0,5293.0,6-1 6-4,3,R32,80.0,0.0,1.0,47.0,27.0,24.0,8.0,9.0,0.0,1.0,4.0,2.0,58.0,35.0,23.0,6,8.0,1.0,5.0
2026-806,Toronto,Hard,96,1000,O,20260802,78,211768.0,11.0,,Naomi Osaka,R,180.0,JPN,28.794,13.0,3281.0,210722.0,20.0,,Elise Mertens,R,179.0,BEL,30.708,24.0,1948.0,6-1 6-2,3,R32,71.0,7.0,2.0,46.0,26.0,22.0,12.0,8.0,3.0,3.0,5.0,5.0,53.0,28.0,17.0,7,7.0,4.0,8.0
2026-806,Toronto,Hard,96,1000,O,20260802,79,214643.0,,,Liudmila Samsonova,R,180.0,RUS,27.723,55.0,1068.0,233741.0,,Q,Maya Joint,R,,AUS,20.296,75.0,956.0,7-5 6-7(3) 6-2,3,R32,172.0,5.0,9.0,114.0,59.0,42.0,24.0,16.0,12.0,16.0,2.0,4.0,110.0,65.0,37.0,24,16.0,8.0,15.0
2026-806,Toronto,Hard,96,1000,O,20260802,80,214981.0,2.0,,Elena Rybakina,R,184.0,KAZ,27.127,2.0,8056.0,215983.0,28.0,,Ann Li,R,170.0,USA,26.1,31.0,1541.0,6-2 7-5,3,R32,90.0,2.0,1.0,54.0,32.0,22.0,14.0,10.0,2.0,4.0,0.0,4.0,70.0,32.0,23.0,13,10.0,1.0,6.0
2026-806,Toronto,Hard,96,1000,O,20260802,81,206420.0,16.0,,Ekaterina Alexandrova,R,175.0,RUS,31.713,19.0,2301.0,214544.0,1.0,,Aryna Sabalenka,R,182.0,BLR,28.244,1.0,8550.0,7-6(3) 4-6 6-4,3,R16,149.0,8.0,7.0,100.0,57.0,38.0,21.0,16.0,5.0,11.0,6.0,7.0,113.0,62.0,38.0,25,16.0,9.0,15.0
2026-806,Toronto,Hard,96,1000,O,20260802,82,202494.0,9.0,,Elina Svitolina,R,174.0,UKR,31.888,9.0,4459.0,216153.0,8.0,,Amanda Anisimova,R,180.0,USA,24.92,10.0,4353.0,6-2 6-4,3,R16,78.0,1.0,3.0,45.0,25.0,20.0,10.0,9.0,0.0,2.0,0.0,9.0,72.0,41.0,25.0,11,9.0,9.0,14.0
2026-806,Toronto,Hard,96,1000,O,20260802,83,223670.0,15.0,,Diana Shnaider,L,,RUS,22.333,17.0,2593.0,202468.0,3.0,,Jessica Pegula,R,170.0,USA,32.435,3.0,6625.0,6-3 6-3,3,R16,73.0,2.0,3.0,55.0,36.0,26.0,12.0,9.0,3.0,4.0,3.0,3.0,56.0,37.0,26.0,6,9.0,3.0,7.0
2026-806,Toronto,Hard,96,1000,O,20260802,84,216347.0,7.0,,Iga Swiatek,R,176.0,POL,25.172,8.0,4539.0,216146.0,10.0,,Marta Kostyuk,R,175.0,UKR,24.096,11.0,3925.0,3-6 6-1 6-2,3,R16,130.0,0.0,2.0,89.0,58.0,31.0,16.0,12.0,8.0,12.0,1.0,0.0,70.0,35.0,19.0,13,12.0,8.0,15.0
2026-806,Toronto,Hard,96,1000,O,20260802,85,202505.0,12.0,,Belinda Bencic,R,175.0,SUI,29.396,14.0,2845.0,223253.0,25.0,,Alexandra Eala,L,173.0,PHI,21.194,20.0,2106.0,6-4 6-0,3,R16,73.0,1.0,2.0,45.0,29.0,21.0,8.0,8.0,2.0,4.0,1.0,3.0,48.0,28.0,13.0,7,8.0,4.0,10.0
2026-806,Toronto,Hard,96,1000,O,20260802,86,221103.0,4.0,,Coco Gauff,R,175.0,USA,22.387,4.0,5649.0,252499.0,,Q,Alina Korneeva,R,,RUS,19.11,89.0,849.0,6-3 6-1,3,R16,74.0,3.0,3.0,48.0,32.0,20.0,5.0,8.0,0.0,3.0,0.0,5.0,68.0,39.0,20.0,6,8.0,5.0,12.0
2026-806,Toronto,Hard,96,1000,O,20260802,87,211768.0,11.0,,Naomi Osaka,R,180.0,JPN,28.794,13.0,3281.0,220367.0,30.0,,Leylah Fernandez,L,168.0,CAN,23.904,34.0,1344.0,6-4 6-4,3,R16,82.0,7.0,2.0,56.0,38.0,29.0,12.0,10.0,2.0,3.0,1.0,1.0,57.0,35.0,21.0,13,10.0,3.0,6.0
2026-806,Toronto,Hard,96,1000,O,20260802,88,214981.0,2.0,,Elena Rybakina,R,184.0,KAZ,27.127,2.0,8056.0,214643.0,,,Liudmila Samsonova,R,180.0,RUS,27.723,55.0,1068.0,6-4 4-6 6-4,3,R16,169.0,11.0,6.0,94.0,45.0,31.0,21.0,15.0,7.0,13.0,1.0,9.0,123.0,66.0,43.0,20,15.0,10.0,17.0
2026-806,Toronto,Hard,96,1000,O,20260802,89,202494.0,9.0,,Elina Svitolina,R,174.0,UKR,31.888,9.0,4459.0,206420.0,16.0,,Ekaterina Alexandrova,R,175.0,RUS,31.713,19.0,2301.0,3-6 6-0 6-3,3,QF,93.0,3.0,5.0,70.0,34.0,25.0,17.0,12.0,5.0,8.0,4.0,2.0,73.0,50.0,24.0,12,12.0,2.0,8.0
2026-806,Toronto,Hard,96,1000,O,20260802,90,216347.0,7.0,,Iga Swiatek,R,176.0,POL,25.172,8.0,4539.0,223670.0,15.0,,Diana Shnaider,L,,RUS,22.333,17.0,2593.0,6-2 6-1,3,QF,64.0,0.0,2.0,38.0,26.0,23.0,5.0,7.0,0.0,0.0,2.0,3.0,55.0,39.0,20.0,5,8.0,4.0,9.0
2026-806,Toronto,Hard,96,1000,O,20260802,91,221103.0,4.0,,Coco Gauff,R,175.0,USA,22.387,4.0,5649.0,202505.0,12.0,,Belinda Bencic,R,175.0,SUI,29.396,14.0,2845.0,W/O,3,QF,,,,,,,,,,,,,,,,,,,
2026-806,Toronto,Hard,96,1000,O,20260802,92,214981.0,2.0,,Elena Rybakina,R,184.0,KAZ,27.127,2.0,8056.0,211768.0,11.0,,Naomi Osaka,R,180.0,JPN,28.794,13.0,3281.0,4-6 7-6(5) 6-4,3,QF,153.0,15.0,6.0,109.0,61.0,45.0,23.0,16.0,4.0,7.0,3.0,6.0,109.0,68.0,44.0,22,16.0,3.0,6.0
2026-806,Toronto,Hard,96,1000,O,20260802,93,216347.0,7.0,,Iga Swiatek,R,176.0,POL,25.172,8.0,4539.0,202494.0,9.0,,Elina Svitolina,R,174.0,UKR,31.888,9.0,4459.0,6-3 1-6 6-3,3,SF,,0.0,4.0,103.0,73.0,41.0,14.0,13.0,14.0,19.0,1.0,4.0,77.0,49.0,29.0,12,12.0,8.0,13.0
2026-806,Toronto,Hard,96,1000,O,20260802,94,214981.0,2.0,,Elena Rybakina,R,184.0,KAZ,27.127,2.0,8056.0,221103.0,4.0,,Coco Gauff,R,175.0,USA,22.387,4.0,5649.0,5-7 6-2 6-2,3,SF,,5.0,1.0,80.0,46.0,34.0,21.0,14.0,3.0,4.0,3.0,6.0,98.0,60.0,38.0,17,14.0,7.0,11.0
2026-806,Toronto,Hard,96,1000,O,20260802,95,216347.0,7.0,,Iga Swiatek,R,176.0,POL,25.172,8.0,4539.0,214981.0,2.0,,Elena Rybakina,R,184.0,KAZ,27.127,2.0,8056.0,6-2 6-3,3,F,75.0,0.0,1.0,46.0,37.0,28.0,5.0,8.0,2.0,2.0,1.0,4.0,51.0,29.0,19.0,9,9.0,1.0,5.0
2026-1017,Cincinnati,Hard,96,1000,O,20260813,1,220309.0,,,Zeynep Sonmez,R,,TUR,24.287,50.0,1082.0,214082.0,,,Daria Kasatkina,R,170.0,AUS,29.268,68.0,1003.0,2-6 7-6(4) 6-3,3,R128,134.0,0.0,3.0,92.0,51.0,30.0,18.0,14.0,6.0,12.0,4.0,11.0,98.0,65.0,38.0,13,15.0,1.0,7.0
2026-1017,Cincinnati,Hard,96,1000,O,20260813,2,211843.0,,,Anhelina Kalinina,R,179.0,UKR,29.511,51.0,1081.0,221307.0,,WC,Darja Vidmanova,R,,CZE,23.592,88.0,842.0,4-6 6-4 6-2,3,R128,142.0,6.0,7.0,75.0,50.0,35.0,10.0,14.0,5.0,10.0,6.0,3.0,92.0,50.0,30.0,16,14.0,7.0,14.0
2026-1017,Cincinnati,Hard,96,1000,O,20260813,3,203501.0,,,Taylor Townsend,L,170.0,USA,30.324,94.0,813.0,215785.0,,,Camila Osorio,R,162.0,COL,24.641,55.0,1048.0,3-6 6-3 6-3,3,R128,130.0,9.0,1.0,82.0,56.0,36.0,16.0,14.0,3.0,6.0,2.0,7.0,90.0,47.0,31.0,20,13.0,7.0,11.0
2026-1017,Cincinnati,Hard,96,1000,O,20260813,4,215872.0,,,Kamilla Rakhimova,R,170.0,UZB,24.958,83.0,894.0,214040.0,,,Kimberly Birrell,R,170.0,AUS,28.29,69.0,999.0,6-2 6-2,3,R128,79.0,5.0,6.0,59.0,32.0,25.0,12.0,8.0,5.0,6.0,2.0,9.0,56.0,30.0,18.0,8,8.0,6.0,11.0
2026-1017,Cincinnati,Hard,96,1000,O,20260813,5,215899.0,,,Simona Waltert,R,,SUI,25.665,87.0,846.0,238075.0,,,Petra Marcinko,R,,CRO,20.69,72.0,974.0,5-7 6-4 6-2,3,R128,147.0,6.0,8.0,97.0,46.0,33.0,28.0,15.0,9.0,11.0,4.0,4.0,107.0,65.0,44.0,20,15.0,4.0,8.0
2026-1017,Cincinnati,Hard,96,1000,O,20260813,6,222391.0,,WC,Lois Boisson,R,,FRA,23.244,281.0,258.0,221909.0,,,Ashlyn Krueger,R,185.0,USA,22.267,56.0,1047.0,6-3 6-2,3,R128,82.0,3.0,3.0,50.0,26.0,21.0,18.0,9.0,0.0,0.0,1.0,7.0,69.0,39.0,24.0,13,8.0,10.0,13.0
2026-1017,Cincinnati,Hard,96,1000,O,20260813,7,211684.0,,,Magdalena Frech,R,171.0,POL,28.66,41.0,1185.0,222045.0,,,Antonia Ruzic,R,,CRO,23.562,61.0,1032.0,6-2 7-5,3,R128,96.0,7.0,2.0,55.0,28.0,19.0,14.0,10.0,1.0,4.0,0.0,5.0,63.0,40.0,19.0,8,10.0,6.0,12.0
2026-1017,Cincinnati,Hard,96,1000,O,20260813,8,211817.0,,,Elena Gabriela Ruse,R,,ROU,28.767,74.0,966.0,202663.0,,,Magda Linette,R,171.0,POL,34.5,62.0,1026.0,6-0 6-3,3,R128,79.0,1.0,5.0,51.0,23.0,17.0,14.0,7.0,2.0,3.0,3.0,6.0,51.0,22.0,13.0,8,8.0,2.0,8.0
2026-1017,Cincinnati,Hard,96,1000,O,20260813,9,220348.0,,,Diane Parry,R,170.0,FRA,23.948,66.0,1006.0,214452.0,,WC,Caroline Dolehide,R,178.0,USA,27.937,246.0,302.0,6-4 7-6(7),3,R128,127.0,4.0,3.0,77.0,37.0,29.0,21.0,11.0,0.0,1.0,1.0,7.0,81.0,59.0,40.0,10,11.0,8.0,10.0
2026-1017,Cincinnati,Hard,96,1000,O,20260813,10,213583.0,,,Tatjana Maria,R,172.0,GER,39.014,80.0,923.0,215035.0,,,Dayana Yastremska,R,175.0,UKR,26.245,107.0,747.0,6-1 6-2,3,R128,72.0,2.0,1.0,45.0,26.0,20.0,12.0,8.0,3.0,4.0,0.0,4.0,54.0,32.0,16.0,6,7.0,7.0,12.0
2026-1017,Cincinnati,Hard,96,1000,O,20260813,11,213710.0,,,Cristina Bucsa,R,,ESP,28.613,38.0,1224.0,215910.0,,,Panna Udvardy,R,170.0,HUN,27.874,77.0,961.0,6-2 1-6 7-5,3,R128,123.0,2.0,1.0,83.0,55.0,40.0,13.0,13.0,7.0,9.0,10.0,3.0,80.0,39.0,29.0,21,14.0,4.0,7.0
2026-1017,Cincinnati,Hard,96,1000,O,20260813,12,211107.0,,,Katie Boulter,R,180.0,GBR,30.031,71.0,987.0,220465.0,,WC,Katie Volynets,R,163.0,USA,24.616,89.0,838.0,7-5 0-6 6-4,3,R128,159.0,0.0,7.0,87.0,49.0,24.0,19.0,14.0,5.0,12.0,1.0,5.0,88.0,53.0,35.0,12,14.0,5.0,11.0
2026-1017,Cincinnati,Hard,96,1000,O,20260813,13,216083.0,,,Caty McNally,R,183.0,USA,24.728,70.0,990.0,220520.0,,,Mccartney Kessler,R,,USA,27.099,58.0,1040.0,6-3 6-4,3,R128,100.0,0.0,6.0,55.0,34.0,24.0,9.0,9.0,1.0,3.0,1.0,3.0,81.0,46.0,25.0,17,10.0,8.0,13.0
2026-1017,Cincinnati,Hard,96,1000,O,20260813,14,239383.0,,,Sara Bejlek,L,163.0,CZE,20.531,35.0,1289.0,201662.0,,,Karolina Pliskova,R,184.0,CZE,34.396,57.0,1041.0,6-0 6-2,3,R128,65.0,0.0,2.0,46.0,24.0,17.0,13.0,7.0,2.0,3.0,2.0,9.0,51.0,33.0,18.0,2,7.0,3.0,9.0
2026-1017,Cincinnati,Hard,96,1000,O,20260813,15,222601.0,,,Jessica Bouzas Maneiro,R,170.0,ESP,23.885,90.0,834.0,214388.0,,,Anna Bondar,R,175.0,HUN,29.219,76.0,961.0,6-3 7-6(5),3,R128,96.0,0.0,8.0,68.0,40.0,28.0,14.0,10.0,2.0,5.0,5.0,4.0,65.0,36.0,27.0,10,11.0,3.0,8.0
2026-1017,Cincinnati,Hard,96,1000,O,20260813,16,220750.0,,,Daria Snigur,R,173.0,UKR,24.392,45.0,1163.0,263857.0,,,Yuliia Starodubtseva,R,172.0,UKR,26.492,78.0,953.0,6-4 6-3,3,R128,101.0,3.0,4.0,64.0,39.0,29.0,11.0,10.0,4.0,6.0,0.0,1.0,68.0,35.0,16.0,20,9.0,6.0,10.0
2026-1017,Cincinnati,Hard,96,1000,O,20260813,17,214593.0,,Q,Lucrezia Stefanini,R,164.0,ITA,28.246,142.0,557.0,220714.0,,,Elisabetta Cocciaretto,R,166.0,ITA,25.547,60.0,1035.0,5-3 RET,3,R128,41.0,1.0,1.0,26.0,22.0,17.0,2.0,4.0,4.0,4.0,0.0,0.0,26.0,19.0,12.0,3,4.0,2.0,3.0
2026-1017,Cincinnati,Hard,96,1000,O,20260813,18,223360.0,,,Nikola Bartunkova,R,,CZE,20.463,39.0,1203.0,221406.0,,Q,Alina Charaeva,R,,ARM,24.22,113.0,694.0,4-6 6-4 6-3,3,R128,167.0,6.0,7.0,115.0,55.0,37.0,30.0,15.0,10.0,14.0,6.0,5.0,92.0,54.0,35.0,17,14.0,8.0,13.0
2026-1017,Cincinnati,Hard,96,1000,O,20260813,19,215020.0,,Q,Anna Blinkova,R,179.0,RUS,27.935,111.0,734.0,216566.0,,Q,Mananchaya Sawangkaew,R,,THA,24.093,105.0,750.0,1-6 6-2 6-3,3,R128,105.0,4.0,5.0,83.0,54.0,33.0,13.0,12.0,5.0,9.0,4.0,4.0,73.0,48.0,30.0,12,12.0,9.0,14.0
2026-1017,Cincinnati,Hard,96,1000,O,20260813,20,221883.0,,,Talia Gibson,R,,AUS,22.152,65.0,1010.0,260172.0,,Q,Lilli Tagger,,,AUT,18.486,48.0,1123.0,4-6 6-1 7-5,3,R128,156.0,8.0,7.0,104.0,50.0,37.0,24.0,15.0,6.0,10.0,11.0,6.0,88.0,52.0,37.0,13,14.0,7.0,13.0
2026-1017,Cincinnati,Hard,96,1000,O,20260813,21,216016.0,,Q,Xiyu Wang,L,,CHN,25.377,108.0,743.0,221237.0,,,Maria Timofeeva,R,167.0,UZB,22.735,96.0,806.0,6-0 3-0 RET,3,R128,60.0,0.0,2.0,43.0,28.0,19.0,8.0,5.0,7.0,7.0,0.0,3.0,23.0,7.0,2.0,4,4.0,5.0,9.0
2026-1017,Cincinnati,Hard,96,1000,O,20260813,22,211337.0,,,Tamara Korpatsch,R,170.0,GER,31.255,47.0,1128.0,233741.0,,,Maya Joint,R,,AUS,20.326,67.0,1006.0,0-6 6-3 6-4,3,R128,125.0,0.0,7.0,75.0,44.0,18.0,13.0,13.0,2.0,10.0,1.0,2.0,89.0,61.0,30.0,11,12.0,9.0,16.0
2026-1017,Cincinnati,Hard,96,1000,O,20260813,23,203530.0,,,Viktorija Golubic,R,169.0,SUI,33.823,52.0,1072.0,219917.0,,,Alycia Parks,R,185.0,USA,25.615,63.0,1014.0,6-2 6-2,3,R128,70.0,0.0,2.0,54.0,39.0,31.0,6.0,8.0,7.0,7.0,4.0,6.0,54.0,25.0,14.0,12,8.0,3.0,7.0
2026-1017,Cincinnati,Hard,96,1000,O,20260813,24,220716.0,,,Oleksandra Oliynykova,R,170.0,UKR,25.607,46.0,1154.0,220722.0,,WC,Elvina Kalieva,R,178.0,USA,23.048,120.0,640.0,6-4 6-1,3,R128,84.0,2.0,8.0,69.0,39.0,25.0,15.0,9.0,8.0,10.0,1.0,2.0,45.0,24.0,11.0,9,8.0,1.0,6.0
2026-1017,Cincinnati,Hard,96,1000,O,20260813,25,220548.0,,,Peyton Stearns,R,,USA,24.846,53.0,1061.0,211279.0,,Q,Harriet Dart,R,175.0,GBR,30.043,143.0,557.0,6-1 7-6(6),3,R128,95.0,9.0,3.0,63.0,37.0,29.0,11.0,10.0,2.0,4.0,3.0,6.0,62.0,27.0,20.0,11,9.0,2.0,6.0
2026-1017,Cincinnati,Hard,96,1000,O,20260813,26,215306.0,,Q,Emiliana Arango,R,,COL,25.709,95.0,813.0,200748.0,,WC,Venus Williams,R,185.0,USA,46.155,615.0,75.0,6-2 6-2,3,R128,66.0,2.0,1.0,49.0,35.0,25.0,9.0,8.0,1.0,1.0,1.0,2.0,50.0,29.0,12.0,12,8.0,1.0,5.0
2026-1017,Cincinnati,Hard,96,1000,O,20260813,27,216133.0,,,Xinyu Wang,R,182.0,CHN,24.879,36.0,1248.0,243420.0,,Q,Hanne Vandewinkel,,,BEL,22.229,82.0,,6-4 6-3,3,R128,107.0,2.0,7.0,52.0,26.0,18.0,13.0,9.0,6.0,9.0,3.0,9.0,94.0,52.0,34.0,11,10.0,11.0,17.0
2026-1017,Cincinnati,Hard,96,1000,O,20260813,28,238184.0,,,Tereza Valentova,R,168.0,CZE,19.477,64.0,,269265.0,,Q,Mary Stoiana,,,USA,23.272,130.0,,6-2 7-6(4),3,R128,97.0,3.0,5.0,60.0,40.0,28.0,9.0,10.0,1.0,4.0,1.0,3.0,65.0,46.0,27.0,8,10.0,7.0,12.0
2026-1017,Cincinnati,Hard,96,1000,O,20260813,29,214643.0,,,Liudmila Samsonova,R,180.0,RUS,27.753,43.0,1178.0,201709.0,,,Yulia Putintseva,R,163.0,KAZ,31.597,81.0,,7-6(5) 5-7 7-5,3,R128,189.0,6.0,10.0,115.0,61.0,47.0,22.0,18.0,2.0,6.0,3.0,1.0,106.0,72.0,46.0,20,18.0,0.0,4.0
2026-1017,Cincinnati,Hard,96,1000,O,20260813,30,201533.0,,,Shuai Zhang,R,177.0,CHN,37.558,54.0,,215037.0,,Q,Kayla Day,L,173.0,USA,26.875,121.0,,2-6 6-2 6-2,3,R128,109.0,0.0,2.0,74.0,54.0,38.0,8.0,12.0,1.0,3.0,8.0,5.0,83.0,57.0,36.0,10,12.0,8.0,12.0
2026-1017,Cincinnati,Hard,96,1000,O,20260813,31,213550.0,,WC,Sofia Kenin,R,170.0,USA,27.746,115.0,,220332.0,,LL,Eva Lys,R,165.0,GER,24.583,92.0,,1-6 6-3 6-3,3,R128,101.0,1.0,6.0,64.0,38.0,29.0,12.0,12.0,5.0,8.0,5.0,10.0,78.0,52.0,41.0,7,13.0,1.0,5.0
2026-1017,Cincinnati,Hard,96,1000,O,20260813,32,201585.0,,WC,Sloane Stephens,R,170.0,USA,33.399,240.0,,221257.0,,Q,Sinja Kraus,R,180.0,AUT,24.294,85.0,,7-5 6-3,3,R128,110.0,3.0,2.0,86.0,60.0,40.0,12.0,10.0,7.0,8.0,0.0,5.0,71.0,39.0,24.0,17,11.0,3.0,7.0
2026-1017,Cincinnati,Hard,96,1000,O,20260813,33,222328.0,6.0,,Linda Noskova,R,,CZE,21.736,8.0,5016.0,211107.0,,,Katie Boulter,R,180.0,GBR,30.031,71.0,987.0,6-3 6-3,3,R64,76.0,10.0,6.0,49.0,32.0,25.0,9.0,9.0,1.0,2.0,0.0,7.0,61.0,32.0,21.0,11,9.0,5.0,9.0
2026-1017,Cincinnati,Hard,96,1000,O,20260813,34,220704.0,27.0,,Clara Tauson,R,182.0,DEN,23.644,42.0,1184.0,220548.0,,,Peyton Stearns,R,,USA,24.846,53.0,1061.0,7-6(7) 1-6 7-5,3,R64,170.0,13.0,10.0,126.0,82.0,50.0,16.0,16.0,12.0,19.0,8.0,6.0,102.0,57.0,37.0,17,15.0,4.0,9.0
2026-1017,Cincinnati,Hard,96,1000,O,20260813,35,223253.0,17.0,,Alexandra Eala,L,173.0,PHI,21.224,20.0,2216.0,211817.0,,,Elena Gabriela Ruse,R,,ROU,28.767,74.0,966.0,6-1 3-0 RET,3,R64,57.0,0.0,0.0,34.0,18.0,12.0,11.0,5.0,1.0,2.0,1.0,2.0,28.0,11.0,5.0,3,5.0,0.0,5.0
2026-1017,Cincinnati,Hard,96,1000,O,20260813,36,216153.0,9.0,,Amanda Anisimova,R,180.0,USA,24.95,10.0,4353.0,220309.0,,,Zeynep Sonmez,R,,TUR,24.287,50.0,1082.0,6-2 6-3,3,R64,76.0,7.0,5.0,54.0,34.0,23.0,10.0,9.0,4.0,7.0,2.0,7.0,62.0,37.0,19.0,7,8.0,6.0,12.0
2026-1017,Cincinnati,Hard,96,1000,O,20260813,37,201514.0,15.0,,Sorana Cirstea,R,176.0,ROU,36.35,19.0,2502.0,223360.0,,,Nikola Bartunkova,R,,CZE,20.463,39.0,1203.0,7-6(5) 6-3,3,R64,116.0,3.0,8.0,91.0,53.0,40.0,15.0,10.0,5.0,6.0,3.0,2.0,77.0,40.0,29.0,16,11.0,4.0,7.0
2026-1017,Cincinnati,Hard,96,1000,O,20260813,38,214939.0,18.0,,Anna Kalinskaya,R,175.0,RUS,27.696,21.0,2083.0,216083.0,,,Caty McNally,R,183.0,USA,24.728,70.0,990.0,6-3 6-4,3,R64,93.0,0.0,4.0,58.0,28.0,16.0,16.0,10.0,1.0,4.0,1.0,4.0,55.0,34.0,18.0,9,9.0,5.0,10.0
2026-1017,Cincinnati,Hard,96,1000,O,20260813,39,215613.0,25.0,,Emma Navarro,R,,USA,25.237,28.0,1669.0,211843.0,,,Anhelina Kalinina,R,179.0,UKR,29.511,51.0,1081.0,3-6 6-4 6-2,3,R64,136.0,15.0,7.0,92.0,49.0,40.0,15.0,14.0,6.0,9.0,2.0,5.0,77.0,47.0,33.0,17,13.0,3.0,7.0
2026-1017,Cincinnati,Hard,96,1000,O,20260813,40,202468.0,3.0,,Jessica Pegula,R,170.0,USA,32.465,3.0,6680.0,215899.0,,,Simona Waltert,R,,SUI,25.665,87.0,846.0,6-3 6-2,3,R64,91.0,3.0,1.0,52.0,32.0,23.0,10.0,8.0,4.0,6.0,4.0,11.0,67.0,36.0,18.0,11,9.0,5.0,11.0
2026-1017,Cincinnati,Hard,96,1000,O,20260813,41,206289.0,29.0,,Maria Sakkari,R,172.0,GRE,31.053,32.0,1385.0,215872.0,,,Kamilla Rakhimova,R,170.0,UZB,24.958,83.0,894.0,6-2 5-7 6-1,3,R64,169.0,6.0,6.0,97.0,47.0,32.0,22.0,14.0,7.0,12.0,2.0,6.0,104.0,55.0,31.0,18,13.0,11.0,19.0
2026-1017,Cincinnati,Hard,96,1000,O,20260813,42,220348.0,,,Diane Parry,R,170.0,FRA,23.948,66.0,1006.0,210722.0,21.0,,Elise Mertens,R,179.0,BEL,30.738,22.0,2003.0,2-6 6-2 6-2,3,R64,140.0,1.0,4.0,76.0,44.0,33.0,13.0,12.0,3.0,6.0,1.0,5.0,85.0,46.0,25.0,18,12.0,7.0,12.0
2026-1017,Cincinnati,Hard,96,1000,O,20260813,43,222391.0,,WC,Lois Boisson,R,,FRA,23.244,281.0,258.0,202505.0,12.0,,Belinda Bencic,R,175.0,SUI,29.426,12.0,2995.0,6-3 RET,3,R64,,4.0,3.0,33.0,16.0,11.0,10.0,5.0,1.0,2.0,2.0,2.0,32.0,21.0,11.0,5,4.0,2.0,4.0
2026-1017,Cincinnati,Hard,96,1000,O,20260813,44,223670.0,14.0,,Diana Shnaider,L,,RUS,22.363,14.0,2798.0,213583.0,,,Tatjana Maria,R,172.0,GER,39.014,80.0,923.0,6-2 7-5,3,R64,92.0,1.0,2.0,61.0,33.0,22.0,17.0,10.0,1.0,3.0,1.0,6.0,64.0,29.0,16.0,15,10.0,4.0,9.0
2026-1017,Cincinnati,Hard,96,1000,O,20260813,45,216081.0,19.0,,Maja Chwalinska,L,,POL,24.838,23.0,1984.0,213710.0,,,Cristina Bucsa,R,,ESP,28.613,38.0,1224.0,6-2 6-2,3,R64,91.0,0.0,2.0,56.0,28.0,20.0,14.0,8.0,4.0,6.0,0.0,3.0,46.0,28.0,13.0,5,8.0,5.0,11.0
2026-1017,Cincinnati,Hard,96,1000,O,20260813,46,211684.0,,,Magdalena Frech,R,171.0,POL,28.66,41.0,1185.0,211533.0,26.0,,Jelena Ostapenko,R,177.0,LAT,29.18,30.0,1537.0,6-1 6-3,3,R64,82.0,3.0,1.0,48.0,25.0,20.0,12.0,8.0,2.0,3.0,2.0,13.0,56.0,24.0,16.0,8,8.0,6.0,11.0
2026-1017,Cincinnati,Hard,96,1000,O,20260813,47,214544.0,1.0,,Aryna Sabalenka,R,182.0,BLR,28.274,1.0,8670.0,221883.0,,,Talia Gibson,R,,AUS,22.152,65.0,1010.0,6-2 7-6(2),3,R64,112.0,13.0,2.0,81.0,48.0,34.0,16.0,10.0,1.0,3.0,2.0,7.0,66.0,32.0,19.0,15,10.0,3.0,7.0
2026-1017,Cincinnati,Hard,96,1000,O,20260813,48,216133.0,,,Xinyu Wang,R,182.0,CHN,24.879,36.0,1248.0,202499.0,31.0,,Donna Vekic,R,179.0,CRO,30.125,34.0,1336.0,3-6 6-1 6-4,3,R64,131.0,3.0,8.0,82.0,47.0,36.0,17.0,13.0,3.0,5.0,5.0,5.0,81.0,50.0,32.0,14,13.0,5.0,9.0
2026-1017,Cincinnati,Hard,96,1000,O,20260813,49,239383.0,,,Sara Bejlek,L,163.0,CZE,20.531,35.0,1289.0,206252.0,23.0,,Barbora Krejcikova,R,178.0,CZE,30.653,26.0,1776.0,7-6(5) 6-4,3,R64,110.0,3.0,5.0,84.0,56.0,40.0,14.0,11.0,2.0,4.0,2.0,5.0,72.0,44.0,26.0,18,11.0,2.0,5.0
2026-1017,Cincinnati,Hard,96,1000,O,20260813,50,206420.0,16.0,,Ekaterina Alexandrova,R,175.0,RUS,31.743,18.0,2506.0,215020.0,,Q,Anna Blinkova,R,179.0,RUS,27.935,111.0,734.0,6-7(5) 6-4 7-5,3,R64,160.0,9.0,5.0,120.0,70.0,47.0,23.0,17.0,12.0,17.0,3.0,9.0,109.0,65.0,41.0,20,17.0,3.0,10.0
2026-1017,Cincinnati,Hard,96,1000,O,20260813,51,211701.0,33.0,,Katerina Siniakova,R,174.0,CZE,30.259,44.0,1170.0,222601.0,,,Jessica Bouzas Maneiro,R,170.0,ESP,23.885,90.0,834.0,6-7(5) 6-1 6-1,3,R64,135.0,3.0,13.0,90.0,38.0,26.0,24.0,13.0,4.0,9.0,0.0,7.0,88.0,53.0,24.0,16,13.0,4.0,14.0
2026-1017,Cincinnati,Hard,96,1000,O,20260813,52,201619.0,20.0,,Madison Keys,R,178.0,USA,31.485,24.0,1814.0,220750.0,,,Daria Snigur,R,173.0,UKR,24.392,45.0,1163.0,4-6 6-3 6-3,3,R64,127.0,14.0,6.0,92.0,55.0,40.0,14.0,14.0,7.0,10.0,0.0,6.0,102.0,73.0,44.0,13,14.0,7.0,12.0
2026-1017,Cincinnati,Hard,96,1000,O,20260813,53,216016.0,,Q,Xiyu Wang,L,,CHN,25.377,108.0,743.0,220367.0,30.0,,Leylah Fernandez,L,168.0,CAN,23.934,31.0,1454.0,3-6 6-2 6-2,3,R64,122.0,2.0,2.0,66.0,46.0,30.0,11.0,12.0,3.0,6.0,1.0,8.0,74.0,49.0,31.0,9,13.0,3.0,9.0
2026-1017,Cincinnati,Hard,96,1000,O,20260813,54,221103.0,4.0,,Coco Gauff,R,175.0,USA,22.418,4.0,5919.0,214643.0,,,Liudmila Samsonova,R,180.0,RUS,27.753,43.0,1178.0,2-6 6-4 6-1,3,R64,126.0,11.0,5.0,82.0,54.0,44.0,10.0,13.0,3.0,5.0,5.0,2.0,79.0,44.0,32.0,16,12.0,5.0,8.0
2026-1017,Cincinnati,Hard,96,1000,O,20260813,55,215983.0,28.0,,Ann Li,R,170.0,USA,26.13,29.0,1596.0,201533.0,,,Shuai Zhang,R,177.0,CHN,37.558,54.0,,7-5 6-3,3,R64,75.0,6.0,6.0,63.0,33.0,29.0,15.0,11.0,0.0,1.0,0.0,2.0,58.0,36.0,24.0,10,10.0,2.0,5.0
2026-1017,Cincinnati,Hard,96,1000,O,20260813,56,213631.0,22.0,,Marie Bouzkova,R,180.0,CZE,28.063,27.0,1774.0,214593.0,,Q,Lucrezia Stefanini,R,164.0,ITA,28.246,142.0,557.0,6-2 6-4,3,R64,104.0,3.0,4.0,55.0,28.0,21.0,16.0,9.0,2.0,3.0,0.0,3.0,63.0,43.0,24.0,9,9.0,2.0,6.0
2026-1017,Cincinnati,Hard,96,1000,O,20260813,57,260300.0,13.0,,Iva Jovic,R,,USA,18.686,16.0,2691.0,211337.0,,,Tamara Korpatsch,R,170.0,GER,31.255,47.0,1128.0,6-4 6-3,3,R64,87.0,5.0,0.0,54.0,36.0,28.0,12.0,10.0,3.0,4.0,5.0,9.0,53.0,31.0,23.0,7,9.0,0.0,3.0
2026-1017,Cincinnati,Hard,96,1000,O,20260813,58,216146.0,10.0,,Marta Kostyuk,R,175.0,UKR,24.126,11.0,3830.0,213550.0,,WC,Sofia Kenin,R,170.0,USA,27.746,115.0,,4-6 6-3 7-5,3,R64,143.0,9.0,7.0,116.0,62.0,47.0,23.0,16.0,8.0,11.0,0.0,3.0,80.0,55.0,38.0,11,15.0,2.0,6.0
2026-1017,Cincinnati,Hard,96,1000,O,20260813,59,201585.0,,WC,Sloane Stephens,R,170.0,USA,33.399,240.0,,215713.0,24.0,,Anastasia Potapova,R,175.0,AUT,25.372,25.0,1781.0,6-2 6-4,3,R64,75.0,2.0,1.0,52.0,32.0,22.0,11.0,9.0,2.0,4.0,2.0,9.0,51.0,20.0,12.0,10,9.0,2.0,7.0
2026-1017,Cincinnati,Hard,96,1000,O,20260813,60,222145.0,32.0,,Janice Tjen,R,,INA,24.271,37.0,1238.0,203530.0,,,Viktorija Golubic,R,169.0,SUI,33.823,52.0,1072.0,7-6(8) 5-7 7-5,3,R64,194.0,4.0,6.0,140.0,81.0,52.0,28.0,18.0,7.0,13.0,1.0,5.0,115.0,74.0,47.0,19,18.0,7.0,13.0
2026-1017,Cincinnati,Hard,96,1000,O,20260813,61,259799.0,5.0,,Mirra Andreeva,R,,RUS,19.291,6.0,5323.0,220716.0,,,Oleksandra Oliynykova,R,170.0,UKR,25.607,46.0,1154.0,6-1 6-0,3,R64,64.0,3.0,6.0,57.0,39.0,30.0,7.0,7.0,7.0,7.0,0.0,2.0,44.0,29.0,10.0,5,6.0,7.0,12.0
2026-1017,Cincinnati,Hard,96,1000,O,20260813,62,216347.0,7.0,,Iga Swiatek,R,176.0,POL,25.202,5.0,5419.0,215306.0,,Q,Emiliana Arango,R,,COL,25.709,95.0,813.0,6-3 6-0,3,R64,72.0,2.0,3.0,53.0,36.0,26.0,10.0,8.0,3.0,4.0,0.0,3.0,40.0,27.0,11.0,4,7.0,1.0,6.0
2026-1017,Cincinnati,Hard,96,1000,O,20260813,63,214981.0,2.0,,Elena Rybakina,R,184.0,KAZ,27.157,2.0,8316.0,203501.0,,,Taylor Townsend,L,170.0,USA,30.324,94.0,813.0,6-3 6-4,3,R64,78.0,5.0,1.0,61.0,29.0,19.0,23.0,10.0,4.0,5.0,4.0,1.0,50.0,31.0,24.0,6,9.0,1.0,4.0
2026-1017,Cincinnati,Hard,96,1000,O,20260813,64,202494.0,8.0,,Elina Svitolina,R,174.0,UKR,31.918,9.0,4634.0,238184.0,,,Tereza Valentova,R,168.0,CZE,19.477,64.0,,3-6 7-6(5) 6-0,3,R64,142.0,6.0,4.0,109.0,70.0,44.0,16.0,14.0,10.0,15.0,0.0,8.0,99.0,65.0,37.0,12,13.0,6.0,12.0
2026-1017,Cincinnati,Hard,96,1000,O,20260813,65,214544.0,1.0,,Aryna Sabalenka,R,182.0,BLR,28.274,1.0,8670.0,216133.0,,,Xinyu Wang,R,182.0,CHN,24.879,36.0,1248.0,6-1 6-3,3,R32,54.0,5.0,1.0,38.0,23.0,18.0,14.0,8.0,0.0,0.0,2.0,2.0,45.0,30.0,21.0,3,8.0,3.0,7.0
2026-1017,Cincinnati,Hard,96,1000,O,20260813,66,239383.0,,,Sara Bejlek,L,163.0,CZE,20.531,35.0,1289.0,206420.0,16.0,,Ekaterina Alexandrova,R,175.0,RUS,31.743,18.0,2506.0,4-6 6-1 6-2,3,R32,115.0,5.0,5.0,82.0,51.0,36.0,16.0,13.0,4.0,6.0,1.0,7.0,81.0,49.0,27.0,15,12.0,2.0,7.0
2026-1017,Cincinnati,Hard,96,1000,O,20260813,67,201619.0,20.0,,Madison Keys,R,178.0,USA,31.485,24.0,1814.0,211701.0,33.0,,Katerina Siniakova,R,174.0,CZE,30.259,44.0,1170.0,6-1 6-3,3,R32,78.0,2.0,3.0,47.0,24.0,19.0,16.0,8.0,3.0,3.0,0.0,5.0,59.0,37.0,20.0,8,8.0,5.0,9.0
2026-1017,Cincinnati,Hard,96,1000,O,20260813,68,216016.0,,Q,Xiyu Wang,L,,CHN,25.377,108.0,743.0,202494.0,8.0,,Elina Svitolina,R,174.0,UKR,31.918,9.0,4634.0,W/O,3,R32,,,,,,,,,,,,,,,,,,,
2026-1017,Cincinnati,Hard,96,1000,O,20260813,69,221103.0,4.0,,Coco Gauff,R,175.0,USA,22.418,4.0,5919.0,215983.0,28.0,,Ann Li,R,170.0,USA,26.13,29.0,1596.0,6-1 7-6(3),3,R32,93.0,6.0,6.0,72.0,41.0,28.0,18.0,10.0,3.0,5.0,3.0,4.0,70.0,40.0,23.0,13,9.0,6.0,10.0
2026-1017,Cincinnati,Hard,96,1000,O,20260813,70,213631.0,22.0,,Marie Bouzkova,R,180.0,CZE,28.063,27.0,1774.0,260300.0,13.0,,Iva Jovic,R,,USA,18.686,16.0,2691.0,7-6(0) 7-6(5),3,R32,140.0,2.0,5.0,81.0,51.0,33.0,16.0,12.0,3.0,8.0,1.0,1.0,88.0,50.0,27.0,21,12.0,4.0,9.0
2026-1017,Cincinnati,Hard,96,1000,O,20260813,71,216146.0,10.0,,Marta Kostyuk,R,175.0,UKR,24.126,11.0,3830.0,201585.0,,WC,Sloane Stephens,R,170.0,USA,33.399,240.0,,7-5 7-5,3,R32,100.0,7.0,7.0,66.0,34.0,25.0,15.0,12.0,5.0,9.0,0.0,2.0,66.0,41.0,22.0,11,12.0,3.0,9.0
2026-1017,Cincinnati,Hard,96,1000,O,20260813,72,259799.0,5.0,,Mirra Andreeva,R,,RUS,19.291,6.0,5323.0,222145.0,32.0,,Janice Tjen,R,,INA,24.271,37.0,1238.0,6-1 7-6(5),3,R32,102.0,4.0,3.0,62.0,36.0,31.0,14.0,9.0,1.0,1.0,2.0,1.0,80.0,55.0,33.0,13,10.0,7.0,10.0
2026-1017,Cincinnati,Hard,96,1000,O,20260813,73,222328.0,6.0,,Linda Noskova,R,,CZE,21.736,8.0,5016.0,220704.0,27.0,,Clara Tauson,R,182.0,DEN,23.644,42.0,1184.0,7-6(3) 6-2,3,R32,98.0,17.0,10.0,70.0,46.0,36.0,9.0,10.0,1.0,2.0,9.0,5.0,73.0,37.0,26.0,14,10.0,6.0,9.0
2026-1017,Cincinnati,Hard,96,1000,O,20260813,74,216153.0,9.0,,Amanda Anisimova,R,180.0,USA,24.95,10.0,4353.0,223253.0,17.0,,Alexandra Eala,L,173.0,PHI,21.224,20.0,2216.0,4-6 6-4 6-2,3,R32,148.0,3.0,7.0,93.0,57.0,38.0,18.0,14.0,4.0,7.0,0.0,7.0,115.0,67.0,39.0,22,14.0,12.0,17.0
2026-1017,Cincinnati,Hard,96,1000,O,20260813,75,201514.0,15.0,,Sorana Cirstea,R,176.0,ROU,36.35,19.0,2502.0,214939.0,18.0,,Anna Kalinskaya,R,175.0,RUS,27.696,21.0,2083.0,6-7(4) 6-1 5-0 RET,3,R32,116.0,9.0,5.0,77.0,47.0,37.0,11.0,12.0,2.0,4.0,0.0,5.0,79.0,47.0,26.0,15,12.0,5.0,12.0
2026-1017,Cincinnati,Hard,96,1000,O,20260813,76,202468.0,3.0,,Jessica Pegula,R,170.0,USA,32.465,3.0,6680.0,215613.0,25.0,,Emma Navarro,R,,USA,25.237,28.0,1669.0,7-5 6-2,3,R32,101.0,4.0,3.0,84.0,51.0,35.0,15.0,10.0,7.0,9.0,8.0,5.0,72.0,41.0,26.0,11,10.0,9.0,14.0
2026-1017,Cincinnati,Hard,96,1000,O,20260813,77,216347.0,7.0,,Iga Swiatek,R,176.0,POL,25.202,5.0,5419.0,206289.0,29.0,,Maria Sakkari,R,172.0,GRE,31.053,32.0,1385.0,4-6 6-1 6-1,3,R32,118.0,2.0,6.0,78.0,56.0,41.0,11.0,12.0,7.0,8.0,5.0,3.0,67.0,39.0,25.0,13,12.0,2.0,7.0
2026-1017,Cincinnati,Hard,96,1000,O,20260813,78,220348.0,,,Diane Parry,R,170.0,FRA,23.948,66.0,1006.0,222391.0,,WC,Lois Boisson,R,,FRA,23.244,281.0,258.0,4-6 6-4 6-3,3,R32,161.0,3.0,4.0,101.0,63.0,45.0,16.0,15.0,5.0,8.0,8.0,6.0,99.0,63.0,45.0,14,14.0,8.0,12.0
2026-1017,Cincinnati,Hard,96,1000,O,20260813,79,223670.0,14.0,,Diana Shnaider,L,,RUS,22.363,14.0,2798.0,216081.0,19.0,,Maja Chwalinska,L,,POL,24.838,23.0,1984.0,6-2 7-6(3),3,R32,128.0,1.0,1.0,64.0,50.0,35.0,8.0,10.0,3.0,5.0,1.0,1.0,104.0,77.0,41.0,13,10.0,16.0,20.0
2026-1017,Cincinnati,Hard,96,1000,O,20260813,80,214981.0,2.0,,Elena Rybakina,R,184.0,KAZ,27.157,2.0,8316.0,211684.0,,,Magdalena Frech,R,171.0,POL,28.66,41.0,1185.0,6-4 7-6(2),3,R32,120.0,5.0,4.0,65.0,38.0,32.0,13.0,11.0,5.0,7.0,5.0,1.0,98.0,56.0,37.0,16,11.0,15.0,18.0
2026-1017,Cincinnati,Hard,96,1000,O,20260813,81,216347.0,7.0,,Iga Swiatek,R,176.0,POL,25.202,5.0,5419.0,220348.0,,,Diane Parry,R,170.0,FRA,23.948,66.0,1006.0,6-3 6-3,3,R16,88.0,2.0,1.0,53.0,38.0,27.0,8.0,9.0,2.0,4.0,1.0,4.0,59.0,31.0,19.0,11,9.0,5.0,10.0
2026-1017,Cincinnati,Hard,96,1000,O,20260813,82,216146.0,10.0,,Marta Kostyuk,R,175.0,UKR,24.126,11.0,3830.0,259799.0,5.0,,Mirra Andreeva,R,,RUS,19.291,6.0,5323.0,4-6 6-0 6-2,3,R16,93.0,7.0,4.0,71.0,43.0,31.0,17.0,12.0,2.0,3.0,1.0,6.0,66.0,39.0,24.0,13,12.0,1.0,6.0
2026-1017,Cincinnati,Hard,96,1000,O,20260813,83,202468.0,3.0,,Jessica Pegula,R,170.0,USA,32.465,3.0,6680.0,201514.0,15.0,,Sorana Cirstea,R,176.0,ROU,36.35,19.0,2502.0,6-2 4-6 7-5,3,R16,125.0,4.0,2.0,96.0,64.0,43.0,12.0,15.0,6.0,11.0,1.0,4.0,97.0,53.0,34.0,16,15.0,7.0,14.0
2026-1017,Cincinnati,Hard,96,1000,O,20260813,84,216153.0,9.0,,Amanda Anisimova,R,180.0,USA,24.95,10.0,4353.0,222328.0,6.0,,Linda Noskova,R,,CZE,21.736,8.0,5016.0,6-1 6-4,3,R16,68.0,7.0,0.0,44.0,28.0,23.0,14.0,9.0,0.0,0.0,5.0,5.0,53.0,37.0,23.0,5,8.0,1.0,4.0
2026-1017,Cincinnati,Hard,96,1000,O,20260813,85,214981.0,2.0,,Elena Rybakina,R,184.0,KAZ,27.157,2.0,8316.0,223670.0,14.0,,Diana Shnaider,L,,RUS,22.363,14.0,2798.0,6-4 6-4,3,R16,87.0,8.0,4.0,76.0,48.0,41.0,9.0,10.0,7.0,7.0,1.0,2.0,57.0,36.0,25.0,12,10.0,1.0,3.0
2026-1017,Cincinnati,Hard,96,1000,O,20260813,86,221103.0,4.0,,Coco Gauff,R,175.0,USA,22.418,4.0,5919.0,213631.0,22.0,,Marie Bouzkova,R,180.0,CZE,28.063,27.0,1774.0,6-3 6-2,3,R16,93.0,5.0,6.0,67.0,41.0,31.0,14.0,9.0,8.0,8.0,0.0,1.0,69.0,48.0,30.0,7,8.0,9.0,12.0
2026-1017,Cincinnati,Hard,96,1000,O,20260813,87,201619.0,20.0,,Madison Keys,R,178.0,USA,31.485,24.0,1814.0,216016.0,,,Xiyu Wang,L,,CHN,25.377,108.0,743.0,7-6(3) 6-4,3,R16,110.0,5.0,4.0,66.0,41.0,34.0,12.0,11.0,3.0,5.0,2.0,2.0,71.0,45.0,29.0,14,11.0,5.0,8.0
2026-1017,Cincinnati,Hard,96,1000,O,20260813,88,239383.0,,,Sara Bejlek,L,163.0,CZE,20.531,35.0,1289.0,214544.0,1.0,,Aryna Sabalenka,R,182.0,BLR,28.274,1.0,8670.0,7-6(7) 6-4,3,R16,,3.0,0.0,69.0,46.0,31.0,9.0,11.0,2.0,6.0,0.0,4.0,82.0,41.0,25.0,19,11.0,6.0,11.0
2026-1017,Cincinnati,Hard,96,1000,O,20260813,89,202468.0,3.0,,Jessica Pegula,R,170.0,USA,32.465,3.0,6680.0,216153.0,9.0,,Amanda Anisimova,R,180.0,USA,24.95,10.0,4353.0,6-4 2-6 7-6(4),3,QF,135.0,3.0,2.0,94.0,56.0,37.0,21.0,15.0,0.0,5.0,4.0,3.0,95.0,57.0,39.0,19,15.0,3.0,7.0
2026-1017,Cincinnati,Hard,96,1000,O,20260813,90,216347.0,7.0,,Iga Swiatek,R,176.0,POL,25.202,5.0,5419.0,214981.0,2.0,,Elena Rybakina,R,184.0,KAZ,27.157,2.0,8316.0,4-1 RET,3,QF,31.0,0.0,1.0,18.0,12.0,10.0,3.0,3.0,1.0,1.0,1.0,1.0,18.0,10.0,6.0,3,3.0,0.0,1.0
2026-1017,Cincinnati,Hard,96,1000,O,20260813,91,239383.0,,,Sara Bejlek,L,163.0,CZE,20.531,35.0,1289.0,201619.0,20.0,,Madison Keys,R,178.0,USA,31.485,24.0,1814.0,3-6 6-4 7-6(5),3,QF,,4.0,4.0,105.0,69.0,49.0,17.0,16.0,7.0,10.0,2.0,6.0,115.0,66.0,45.0,23,16.0,7.0,10.0
2026-1017,Cincinnati,Hard,96,1000,O,20260813,92,221103.0,4.0,,Coco Gauff,R,175.0,USA,22.418,4.0,5919.0,216146.0,10.0,,Marta Kostyuk,R,175.0,UKR,24.126,11.0,3830.0,6-2 6-2,3,QF,,1.0,3.0,43.0,23.0,18.0,9.0,8.0,1.0,3.0,2.0,8.0,64.0,31.0,18.0,7,8.0,5.0,11.0
2026-1017,Cincinnati,Hard,96,1000,O,20260813,93,202468.0,3.0,,Jessica Pegula,R,170.0,USA,32.465,3.0,6680.0,216347.0,7.0,,Iga Swiatek,R,176.0,POL,25.202,5.0,5419.0,7-5 4-6 6-4,3,SF,168.0,4.0,2.0,101.0,58.0,37.0,18.0,16.0,6.0,12.0,1.0,7.0,128.0,90.0,53.0,13,16.0,11.0,18.0
2026-1017,Cincinnati,Hard,96,1000,O,20260813,94,221103.0,4.0,,Coco Gauff,R,175.0,USA,22.418,4.0,5919.0,239383.0,,,Sara Bejlek,L,163.0,CZE,20.531,35.0,1289.0,6-4 6-1,3,SF,77.0,2.0,2.0,41.0,26.0,20.0,8.0,8.0,1.0,3.0,0.0,1.0,57.0,35.0,16.0,9,9.0,1.0,7.0
2026-1017,Cincinnati,Hard,96,1000,O,20260813,95,221103.0,4.0,,Coco Gauff,R,175.0,USA,22.418,4.0,5919.0,202468.0,3.0,,Jessica Pegula,R,170.0,USA,32.465,3.0,6680.0,6-2 6-4,3,F,67.0,2.0,1.0,44.0,25.0,18.0,11.0,8.0,0.0,1.0,0.0,1.0,56.0,35.0,17.0,11,8.0,1.0,5.0
2026-1039,Monterrey,Hard,28,500,O,20260824,1,220704.0,,,Clara Tauson,R,182.0,DEN,23.674,42.0,1184.0,213887.0,,WC,Renata Zarazua,R,160.0,MEX,28.898,71.0,957.0,3-6 6-3 6-0,3,R32,102.0,11.0,6.0,72.0,41.0,32.0,12.0,12.0,2.0,5.0,0.0,2.0,75.0,53.0,30.0,8,12.0,7.0,13.0
2026-1039,Monterrey,Hard,28,500,O,20260824,2,220716.0,,,Oleksandra Oliynykova,R,170.0,UKR,25.637,46.0,1159.0,210886.0,,,Mayar Sherif,R,180.0,EGY,30.303,51.0,1105.0,6-3 6-4,3,R32,104.0,1.0,3.0,64.0,44.0,30.0,10.0,9.0,2.0,3.0,2.0,2.0,74.0,51.0,32.0,10,10.0,7.0,11.0
2026-1039,Monterrey,Hard,28,500,O,20260824,3,220348.0,,,Diane Parry,R,170.0,FRA,23.978,50.0,1113.0,202499.0,6.0,,Donna Vekic,R,179.0,CRO,30.155,36.0,1278.0,6-7(5) 6-4 6-1,3,R32,136.0,8.0,3.0,89.0,48.0,40.0,24.0,14.0,2.0,2.0,7.0,10.0,100.0,55.0,41.0,19,15.0,4.0,8.0
2026-1039,Monterrey,Hard,28,500,O,20260824,4,219917.0,,WC,Alycia Parks,R,185.0,USA,25.645,89.0,846.0,238075.0,,,Petra Marcinko,R,,CRO,20.72,73.0,954.0,2-6 6-4 6-4,3,R32,129.0,7.0,10.0,95.0,45.0,31.0,23.0,14.0,3.0,8.0,4.0,8.0,86.0,47.0,31.0,20,14.0,5.0,10.0
2026-1039,Monterrey,Hard,28,500,O,20260824,5,221237.0,,Q,Maria Timofeeva,R,167.0,UZB,22.765,92.0,814.0,201533.0,,,Shuai Zhang,R,177.0,CHN,37.588,53.0,1085.0,6-1 6-3,3,R32,66.0,4.0,5.0,53.0,23.0,19.0,14.0,8.0,5.0,6.0,0.0,3.0,52.0,39.0,19.0,5,8.0,5.0,10.0
2026-1039,Monterrey,Hard,28,500,O,20260824,6,215983.0,5.0,,Ann Li,R,170.0,USA,26.16,30.0,1518.0,215785.0,,,Camila Osorio,R,162.0,COL,24.671,58.0,1023.0,6-1 6-2,3,R32,65.0,5.0,4.0,54.0,33.0,25.0,8.0,8.0,7.0,9.0,1.0,9.0,48.0,26.0,15.0,4,7.0,6.0,12.0
2026-1039,Monterrey,Hard,28,500,O,20260824,7,213710.0,8.0,,Cristina Bucsa,R,,ESP,28.643,40.0,1224.0,214388.0,,,Anna Bondar,R,175.0,HUN,29.243,70.0,961.0,6-4 6-3,3,R32,92.0,5.0,3.0,50.0,27.0,22.0,15.0,9.0,1.0,1.0,3.0,4.0,66.0,28.0,20.0,20,10.0,5.0,8.0
2026-1039,Monterrey,Hard,28,500,O,20260824,8,221307.0,,Q,Darja Vidmanova,R,,CZE,23.622,90.0,839.0,214040.0,,,Kimberly Birrell,R,170.0,AUS,28.32,69.0,974.0,7-6(2) 6-3,3,R32,107.0,3.0,1.0,65.0,37.0,24.0,15.0,10.0,1.0,4.0,3.0,10.0,76.0,44.0,26.0,11,11.0,6.0,11.0
2026-1039,Monterrey,Hard,28,500,O,20260824,9,223360.0,,,Nikola Bartunkova,R,,CZE,20.493,38.0,1237.0,222045.0,,,Antonia Ruzic,R,,CRO,23.592,81.0,894.0,6-4 6-3,3,R32,90.0,3.0,3.0,58.0,30.0,21.0,16.0,9.0,1.0,2.0,0.0,3.0,60.0,40.0,25.0,8,10.0,2.0,6.0
2026-1039,Monterrey,Hard,28,500,O,20260824,10,222145.0,7.0,,Janice Tjen,R,,INA,24.301,35.0,1293.0,215035.0,,WC,Dayana Yastremska,R,175.0,UKR,26.275,112.0,692.0,2-6 6-3 7-6(5),3,R32,137.0,12.0,5.0,99.0,60.0,42.0,18.0,15.0,5.0,10.0,4.0,8.0,89.0,57.0,39.0,12,14.0,4.0,8.0
2026-1039,Monterrey,Hard,28,500,O,20260824,11,263857.0,,,Yuliia Starodubtseva,R,172.0,UKR,26.516,74.0,953.0,260172.0,,,Lilli Tagger,,,AUT,18.516,48.0,1141.0,6-3 6-4,3,R32,101.0,1.0,0.0,47.0,22.0,16.0,14.0,9.0,0.0,2.0,0.0,5.0,67.0,37.0,21.0,14,10.0,5.0,10.0
2026-1039,Monterrey,Hard,28,500,O,20260824,12,215910.0,,LL,Panna Udvardy,R,170.0,HUN,27.904,76.0,941.0,233741.0,,Q,Maya Joint,R,,AUS,20.356,75.0,951.0,7-6(5) 6-1,3,R32,95.0,7.0,3.0,65.0,39.0,31.0,8.0,9.0,3.0,5.0,1.0,5.0,67.0,39.0,22.0,12,10.0,5.0,10.0
2026-1039,Monterrey,Hard,28,500,O,20260824,13,220348.0,,,Diane Parry,R,170.0,FRA,23.978,50.0,1113.0,220716.0,,,Oleksandra Oliynykova,R,170.0,UKR,25.637,46.0,1159.0,6-4 7-6(3),3,R16,116.0,2.0,3.0,67.0,40.0,23.0,11.0,11.0,0.0,5.0,1.0,1.0,75.0,44.0,22.0,13,11.0,6.0,12.0
2026-1039,Monterrey,Hard,28,500,O,20260824,14,263857.0,,,Yuliia Starodubtseva,R,172.0,UKR,26.516,74.0,953.0,222145.0,7.0,,Janice Tjen,R,,INA,24.301,35.0,1293.0,6-4 6-3,3,R16,111.0,5.0,2.0,69.0,38.0,26.0,16.0,9.0,5.0,6.0,0.0,3.0,60.0,37.0,22.0,12,10.0,1.0,5.0
2026-1039,Monterrey,Hard,28,500,O,20260824,15,219917.0,,WC,Alycia Parks,R,185.0,USA,25.645,89.0,846.0,216081.0,3.0,,Maja Chwalinska,L,164.0,POL,24.868,21.0,2037.0,3-6 6-2 6-2,3,R16,109.0,10.0,7.0,80.0,37.0,27.0,23.0,13.0,0.0,2.0,1.0,3.0,61.0,41.0,27.0,11,12.0,2.0,6.0
2026-1039,Monterrey,Hard,28,500,O,20260824,16,215983.0,5.0,,Ann Li,R,170.0,USA,26.16,30.0,1518.0,221237.0,,Q,Maria Timofeeva,R,167.0,UZB,22.765,92.0,814.0,W/O,3,R16,0.0,,,,,,,,,,,,,,,,,,
2026-1039,Monterrey,Hard,28,500,O,20260824,17,221307.0,,Q,Darja Vidmanova,R,,CZE,23.622,90.0,839.0,213710.0,8.0,,Cristina Bucsa,R,,ESP,28.643,40.0,1224.0,6-4 7-5,3,R16,103.0,4.0,5.0,61.0,29.0,20.0,11.0,11.0,2.0,7.0,4.0,5.0,71.0,44.0,22.0,9,11.0,5.0,12.0
2026-1039,Monterrey,Hard,28,500,O,20260824,18,223360.0,,,Nikola Bartunkova,R,,CZE,20.493,38.0,1237.0,215314.0,,LL,En Shuo Liang,,,TPE,25.894,306.0,,6-7(4) 7-5 6-4,3,R16,163.0,7.0,5.0,106.0,55.0,41.0,32.0,17.0,2.0,4.0,2.0,8.0,117.0,65.0,41.0,30,17.0,5.0,9.0
2026-1039,Monterrey,Hard,28,500,O,20260824,19,210722.0,2.0,,Elise Mertens,R,179.0,BEL,30.768,24.0,1870.0,215910.0,,LL,Panna Udvardy,R,170.0,HUN,27.904,76.0,941.0,6-1 4-6 6-3,3,R16,114.0,7.0,6.0,79.0,49.0,38.0,15.0,13.0,1.0,3.0,4.0,3.0,72.0,42.0,29.0,11,13.0,2.0,7.0
2026-1039,Monterrey,Hard,28,500,O,20260824,20,220704.0,,,Clara Tauson,R,182.0,DEN,23.674,42.0,1184.0,206420.0,1.0,,Ekaterina Alexandrova,R,175.0,RUS,31.773,19.0,2186.0,7-6(6) 4-6 6-3,3,R16,148.0,6.0,8.0,105.0,58.0,44.0,26.0,16.0,3.0,4.0,11.0,10.0,109.0,67.0,51.0,19,15.0,8.0,9.0
2026-1039,Monterrey,Hard,28,500,O,20260824,21,215983.0,5.0,,Ann Li,R,170.0,USA,26.16,30.0,1518.0,219917.0,,WC,Alycia Parks,R,185.0,USA,25.645,89.0,846.0,6-2 6-3,3,QF,84.0,5.0,1.0,52.0,30.0,26.0,13.0,9.0,0.0,0.0,6.0,11.0,76.0,37.0,28.0,12,8.0,11.0,14.0
2026-1039,Monterrey,Hard,28,500,O,20260824,22,220348.0,,,Diane Parry,R,170.0,FRA,23.978,50.0,1113.0,220704.0,,,Clara Tauson,R,182.0,DEN,23.674,42.0,1184.0,6-3 7-5,3,QF,88.0,9.0,1.0,61.0,41.0,35.0,10.0,11.0,3.0,4.0,2.0,4.0,58.0,34.0,24.0,11,10.0,0.0,3.0
2026-1039,Monterrey,Hard,28,500,O,20260824,23,223360.0,,,Nikola Bartunkova,R,,CZE,20.493,38.0,1237.0,221307.0,,Q,Darja Vidmanova,R,,CZE,23.622,90.0,839.0,6-4 6-7(3) 6-3,3,QF,164.0,6.0,8.0,116.0,57.0,43.0,30.0,16.0,9.0,11.0,5.0,3.0,99.0,55.0,44.0,15,15.0,7.0,11.0
2026-1039,Monterrey,Hard,28,500,O,20260824,24,210722.0,2.0,,Elise Mertens,R,179.0,BEL,30.768,24.0,1870.0,263857.0,,,Yuliia Starodubtseva,R,172.0,UKR,26.516,74.0,953.0,6-1 6-4,3,QF,88.0,7.0,3.0,46.0,30.0,26.0,10.0,9.0,0.0,0.0,0.0,1.0,56.0,35.0,20.0,11,8.0,7.0,10.0
2026-1039,Monterrey,Hard,28,500,O,20260824,25,220348.0,,,Diane Parry,R,170.0,FRA,23.978,50.0,1113.0,215983.0,5.0,,Ann Li,R,170.0,USA,26.16,30.0,1518.0,7-6(7) 6-4,3,SF,123.0,7.0,6.0,87.0,46.0,37.0,11.0,11.0,9.0,12.0,7.0,5.0,85.0,51.0,31.0,18,11.0,3.0,7.0
2026-1039,Monterrey,Hard,28,500,O,20260824,26,210722.0,2.0,,Elise Mertens,R,179.0,BEL,30.768,24.0,1870.0,223360.0,,,Nikola Bartunkova,R,,CZE,20.493,38.0,1237.0,1-6 6-4 6-2,3,SF,137.0,3.0,2.0,86.0,54.0,30.0,18.0,13.0,7.0,12.0,7.0,6.0,89.0,42.0,32.0,16,12.0,4.0,9.0
2026-1039,Monterrey,Hard,28,500,O,20260824,27,220348.0,,,Diane Parry,R,170.0,FRA,23.978,50.0,1113.0,210722.0,2.0,,Elise Mertens,R,179.0,BEL,30.768,24.0,1870.0,6-4 0-6 6-3,3,F,151.0,6.0,10.0,106.0,56.0,37.0,20.0,13.0,12.0,17.0,7.0,6.0,70.0,41.0,32.0,11,12.0,4.0,8.0
2026-905,US Open,Hard,128,G,0,20260830,1,215872.0,,,Kamilla Rakhimova,R,170.0,UZB,25.005,92.0,852.0,206252.0,27.0,,Barbora Krejcikova,R,178.0,CZE,30.7,29.0,1666.0,7-6(4) 6-2,3,R128,113.0,1.0,8.0,79.0,39.0,28.0,17.0,10.0,2.0,4.0,7.0,8.0,70.0,38.0,23.0,13,10.0,1.0,5.0
2026-905,US Open,Hard,128,G,0,20260830,2,202468.0,3.0,,Jessica Pegula,R,170.0,USA,32.512,3.0,7265.0,211817.0,,,Elena-Gabriela Ruse,R,173.0,ROU,28.813,64.0,991.0,6-3 6-2,3,R128,83.0,4.0,2.0,40.0,25.0,23.0,10.0,8.0,1.0,1.0,4.0,2.0,85.0,55.0,28.0,16,9.0,14.0,18.0
2026-905,US Open,Hard,128,G,0,20260830,3,211148.0,19.0,,Jasmine Paolini,R,163.0,ITA,30.653,21.0,2123.0,220662.0,,,Veronika Erjavec,R,168.0,SLO,26.667,106.0,741.0,6-3 3-6 6-4,3,R128,106.0,3.0,5.0,79.0,53.0,36.0,12.0,14.0,3.0,9.0,3.0,2.0,88.0,55.0,31.0,13,14.0,10.0,17.0
2026-905,US Open,Hard,128,G,0,20260830,4,202499.0,,,Donna Vekic,R,179.0,CRO,30.171,39.0,1278.0,221883.0,,,Talia Gibson,R,175.0,AUS,22.198,63.0,997.0,6-2 4-6 6-3,3,R128,153.0,4.0,9.0,103.0,56.0,37.0,22.0,13.0,9.0,12.0,5.0,3.0,107.0,53.0,35.0,22,14.0,11.0,17.0
2026-905,US Open,Hard,128,G,0,20260830,5,223325.0,,Q,Polina Iatcenko,R,,RUS,22.721,160.0,473.0,213887.0,,,Renata Zarazua,R,160.0,MEX,28.914,74.0,957.0,4-6 6-4 7-6(7),3,R128,207.0,1.0,6.0,115.0,65.0,45.0,27.0,16.0,6.0,10.0,1.0,2.0,125.0,91.0,53.0,21,16.0,11.0,15.0
2026-905,US Open,Hard,128,G,0,20260830,6,220367.0,31.0,,Leylah Fernandez,L,168.0,CAN,23.981,33.0,1454.0,201533.0,,,Shuai Zhang,R,177.0,CHN,37.604,54.0,1085.0,6-3 6-2,3,R128,75.0,4.0,3.0,64.0,45.0,35.0,9.0,9.0,7.0,7.0,0.0,1.0,43.0,28.0,16.0,10,8.0,4.0,7.0
2026-905,US Open,Hard,128,G,0,20260830,7,201662.0,,,Karolina Pliskova,R,184.0,CZE,34.442,57.0,1051.0,243420.0,,,Hanne Vandewinkel,R,178.0,BEL,22.275,81.0,919.0,2-6 7-5 6-3,3,R128,150.0,7.0,10.0,100.0,60.0,37.0,16.0,15.0,5.0,11.0,7.0,11.0,120.0,69.0,43.0,20,14.0,10.0,16.0
2026-905,US Open,Hard,128,G,0,20260830,8,216146.0,11.0,,Marta Kostyuk,R,175.0,UKR,24.172,11.0,3980.0,204411.0,,Q,Storm Hunter,L,166.0,AUS,32.052,169.0,450.0,6-4 6-1,3,R128,67.0,8.0,2.0,53.0,35.0,25.0,11.0,9.0,3.0,4.0,0.0,4.0,49.0,28.0,17.0,8,8.0,4.0,8.0
2026-905,US Open,Hard,128,G,0,20260830,9,206420.0,18.0,,Ekaterina Alexandrova,R,175.0,RUS,31.789,19.0,2186.0,220520.0,,,McCartney Kessler,R,175.0,USA,27.146,66.0,985.0,6-2 6-2,3,R128,66.0,4.0,1.0,49.0,24.0,20.0,16.0,8.0,3.0,3.0,1.0,2.0,51.0,36.0,20.0,4,8.0,1.0,5.0
2026-905,US Open,Hard,128,G,0,20260830,10,222290.0,,,Lanlana Tararudee,R,170.0,THA,22.146,76.0,955.0,220722.0,,Q,Elvina Kalieva,R,178.0,USA,23.094,115.0,636.0,6-3 6-7(4) 6-2,3,R128,165.0,11.0,6.0,114.0,56.0,46.0,22.0,15.0,6.0,9.0,7.0,3.0,121.0,78.0,50.0,18,14.0,9.0,15.0
2026-905,US Open,Hard,128,G,0,20260830,11,214593.0,,Q,Lucrezia Stefanini,R,164.0,ITA,28.293,119.0,620.0,215035.0,,,Dayana Yastremska,R,175.0,UKR,26.292,113.0,692.0,6-3 4-6 6-1,3,R128,133.0,0.0,1.0,86.0,59.0,35.0,20.0,13.0,5.0,7.0,4.0,9.0,92.0,59.0,35.0,13,13.0,4.0,9.0
2026-905,US Open,Hard,128,G,0,20260830,12,216133.0,,,Xinyu Wang,R,182.0,CHN,24.925,43.0,1195.0,215306.0,,,Emiliana Arango,R,175.0,COL,25.752,88.0,868.0,6-4 6-2,3,R128,78.0,3.0,2.0,56.0,35.0,25.0,12.0,9.0,2.0,3.0,2.0,3.0,64.0,39.0,21.0,14,9.0,6.0,10.0
2026-905,US Open,Hard,128,G,0,20260830,13,223194.0,,WC,Taylah Preston,R,,AUS,20.841,100.0,762.0,219917.0,,,Alycia Parks,R,185.0,USA,25.662,79.0,927.0,6-3 6-3,3,R128,68.0,2.0,6.0,58.0,39.0,29.0,8.0,9.0,4.0,5.0,7.0,5.0,50.0,23.0,19.0,8,9.0,1.0,5.0
2026-905,US Open,Hard,128,G,0,20260830,14,202494.0,9.0,,Elina Svitolina,R,174.0,UKR,31.964,9.0,4689.0,221333.0,,,Solana Sierra,R,172.0,ARG,22.201,91.0,854.0,6-1 6-2,3,R128,52.0,1.0,6.0,45.0,26.0,24.0,10.0,8.0,1.0,1.0,3.0,4.0,39.0,26.0,13.0,4,7.0,1.0,5.0
2026-905,US Open,Hard,128,G,0,20260830,15,211107.0,,,Katie Boulter,R,180.0,GBR,30.078,62.0,1002.0,221803.0,,WC,Carol Young Suh Lee,R,,USA,24.69,143.0,527.0,6-4 3-6 6-0,3,R128,155.0,0.0,7.0,93.0,62.0,42.0,15.0,12.0,5.0,7.0,8.0,3.0,111.0,66.0,39.0,19,13.0,12.0,17.0
2026-905,US Open,Hard,128,G,0,20260830,16,213550.0,,WC,Sofia Kenin,R,170.0,USA,27.792,110.0,709.0,200748.0,,WC,Venus Williams,R,185.0,USA,46.201,618.0,75.0,6-2 7-6(6),3,R128,108.0,1.0,4.0,69.0,36.0,24.0,17.0,10.0,5.0,7.0,0.0,6.0,78.0,40.0,26.0,15,10.0,5.0,9.0
2026-905,US Open,Hard,128,G,0,20260830,17,214544.0,1.0,,Aryna Sabalenka,R,183.0,BLR,28.32,1.0,8575.0,215785.0,,,Camila Osorio,R,170.0,COL,24.687,59.0,1023.0,6-2 6-4,3,R128,87.0,5.0,4.0,60.0,35.0,22.0,13.0,9.0,5.0,7.0,3.0,9.0,73.0,41.0,27.0,8,9.0,3.0,8.0
2026-905,US Open,Hard,128,G,0,20260830,18,216566.0,,,Mananchaya Sawangkaew,R,,THA,24.14,94.0,804.0,215910.0,,,Panna Udvardy,R,170.0,HUN,27.921,68.0,984.0,6-4 6-3,3,R128,95.0,0.0,3.0,58.0,40.0,26.0,10.0,9.0,3.0,5.0,6.0,4.0,85.0,47.0,26.0,18,10.0,10.0,15.0
2026-905,US Open,Hard,128,G,0,20260830,19,214096.0,7.0,,Karolina Muchova,R,180.0,CZE,30.023,7.0,4983.0,221257.0,,,Sinja Kraus,R,,AUT,24.337,90.0,860.0,6-3 6-0,3,R128,58.0,1.0,0.0,39.0,22.0,19.0,13.0,8.0,0.0,0.0,1.0,2.0,41.0,21.0,9.0,10,7.0,3.0,7.0
2026-905,US Open,Hard,128,G,0,20260830,20,260172.0,,,Lilli Tagger,R,185.0,AUT,18.533,49.0,1141.0,211337.0,,,Tamara Korpatsch,R,168.0,GER,31.302,48.0,1148.0,6-0 7-6(4),3,R128,116.0,3.0,3.0,65.0,43.0,26.0,13.0,9.0,2.0,4.0,1.0,3.0,75.0,46.0,22.0,14,9.0,7.0,12.0
2026-905,US Open,Hard,128,G,0,20260830,21,213710.0,,,Cristina Bucsa,R,175.0,ESP,28.66,40.0,1274.0,239383.0,28.0,,Sara Bejlek,L,163.0,CZE,20.578,30.0,1652.0,7-5 4-6 6-1,3,R128,127.0,0.0,3.0,84.0,56.0,35.0,16.0,14.0,3.0,7.0,0.0,5.0,83.0,44.0,27.0,16,15.0,10.0,17.0
2026-905,US Open,Hard,128,G,0,20260830,22,221124.0,,Q,Himeno Sakatsume,R,,JPN,25.073,144.0,526.0,211843.0,,,Anhelina Kalinina,R,180.0,UKR,29.558,51.0,1115.0,6-3 6-3,3,R128,84.0,3.0,3.0,51.0,27.0,20.0,15.0,9.0,1.0,2.0,0.0,2.0,64.0,46.0,24.0,11,9.0,3.0,7.0
2026-905,US Open,Hard,128,G,0,20260830,23,213631.0,25.0,,Marie Bouzkova,R,180.0,CZE,28.11,26.0,1753.0,221039.0,,,Elsa Jacquemot,R,175.0,FRA,23.326,114.0,668.0,6-2 6-2,3,R128,86.0,2.0,0.0,44.0,26.0,19.0,11.0,8.0,0.0,1.0,2.0,7.0,58.0,34.0,20.0,7,8.0,3.0,8.0
2026-905,US Open,Hard,128,G,0,20260830,24,221407.0,,,Oksana Selekhmeteva,L,173.0,ESP,23.628,93.0,824.0,256684.0,,,Aoi Ito,R,,JPN,22.275,373.0,174.0,6-2 6-4,3,R128,82.0,1.0,5.0,66.0,38.0,25.0,16.0,9.0,4.0,5.0,1.0,5.0,61.0,39.0,27.0,5,9.0,4.0,8.0
2026-905,US Open,Hard,128,G,0,20260830,25,214040.0,,,Kimberly Birrell,R,170.0,AUS,28.337,71.0,974.0,238075.0,,,Petra Marcinko,R,175.0,CRO,20.736,77.0,954.0,3-6 7-6(4) 6-3,3,R128,151.0,3.0,12.0,113.0,67.0,41.0,19.0,14.0,6.0,12.0,6.0,11.0,94.0,43.0,31.0,21,16.0,1.0,8.0
2026-905,US Open,Hard,128,G,0,20260830,26,215613.0,26.0,,Emma Navarro,R,170.0,USA,25.284,27.0,1724.0,222391.0,,,Lois Boisson,R,175.0,FRA,23.291,237.0,323.0,7-6(6) 6-7(1) 6-3,3,R128,166.0,10.0,3.0,114.0,67.0,47.0,26.0,17.0,7.0,10.0,15.0,6.0,110.0,61.0,48.0,18,16.0,7.0,11.0
2026-905,US Open,Hard,128,G,0,20260830,27,211279.0,,Q,Harriet Dart,R,175.0,GBR,30.089,131.0,575.0,220548.0,,,Peyton Stearns,R,173.0,USA,24.893,55.0,1061.0,3-6 6-3 6-2,3,R128,144.0,7.0,3.0,104.0,59.0,38.0,22.0,13.0,8.0,11.0,6.0,4.0,95.0,62.0,39.0,11,13.0,9.0,14.0
2026-905,US Open,Hard,128,G,0,20260830,28,221012.0,,Q,Qinwen Zheng,R,178.0,CHN,23.893,121.0,613.0,335303.0,,Q,Kristina Liutova,,,RUS,16.572,125.0,603.0,4-6 6-3 6-1,3,R128,148.0,10.0,6.0,78.0,36.0,27.0,22.0,13.0,1.0,4.0,1.0,5.0,90.0,61.0,36.0,10,13.0,10.0,16.0
2026-905,US Open,Hard,128,G,0,20260830,29,214939.0,21.0,,Anna Kalinskaya,R,175.0,RUS,27.745,23.0,1933.0,215020.0,,,Anna Blinkova,R,178.0,RUS,27.973,95.0,789.0,6-4 6-3,3,R128,88.0,5.0,6.0,55.0,33.0,26.0,12.0,10.0,2.0,4.0,0.0,4.0,72.0,43.0,24.0,13,9.0,7.0,11.0
2026-905,US Open,Hard,128,G,0,20260830,30,221237.0,,,Maria Timofeeva,R,168.0,UZB,22.784,86.0,890.0,214461.0,,Q,Tamara Zidansek,R,168.0,SLO,28.679,146.0,520.0,6-3 7-5,3,R128,106.0,2.0,2.0,63.0,41.0,27.0,10.0,11.0,5.0,9.0,1.0,3.0,78.0,48.0,23.0,12,10.0,4.0,10.0
2026-905,US Open,Hard,128,G,0,20260830,31,203501.0,,,Taylor Townsend,L,170.0,USA,30.374,96.0,783.0,216081.0,20.0,,Maja Chwalinska,L,165.0,POL,24.887,22.0,2037.0,6-2 6-3,3,R128,79.0,6.0,1.0,43.0,26.0,22.0,9.0,8.0,4.0,5.0,1.0,2.0,62.0,51.0,25.0,3,9.0,5.0,10.0
2026-905,US Open,Hard,128,G,0,20260830,32,223670.0,15.0,,Diana Shnaider,L,170.0,RUS,22.412,16.0,2468.0,220750.0,,,Daria Snigur,R,173.0,UKR,24.43,45.0,1180.0,6-0 6-4,3,R128,68.0,3.0,3.0,49.0,26.0,18.0,14.0,8.0,1.0,3.0,0.0,1.0,55.0,35.0,16.0,6,8.0,3.0,9.0
2026-905,US Open,Hard,128,G,0,20260830,33,201585.0,,WC,Sloane Stephens,R,170.0,USA,33.448,209.0,375.0,220704.0,,,Clara Tauson,R,183.0,DEN,23.693,38.0,1282.0,6-4 6-1,3,R128,76.0,0.0,0.0,54.0,29.0,23.0,15.0,9.0,4.0,5.0,5.0,3.0,57.0,39.0,21.0,8,8.0,5.0,9.0
2026-905,US Open,Hard,128,G,0,20260830,34,215983.0,29.0,,Ann Li,R,170.0,USA,26.179,28.0,1683.0,222045.0,,,Antonia Ruzic,R,165.0,CRO,23.611,85.0,894.0,7-5 6-1,3,R128,92.0,3.0,4.0,64.0,36.0,25.0,14.0,10.0,2.0,4.0,1.0,4.0,59.0,37.0,20.0,7,9.0,3.0,8.0
2026-905,US Open,Hard,128,G,0,20260830,35,222328.0,6.0,,Linda Noskova,R,178.0,CZE,21.785,6.0,5028.0,220465.0,,,Katie Volynets,R,170.0,USA,24.665,78.0,938.0,7-5 6-1,3,R128,97.0,9.0,10.0,72.0,43.0,29.0,12.0,10.0,9.0,12.0,2.0,1.0,69.0,42.0,18.0,13,9.0,10.0,16.0
2026-905,US Open,Hard,128,G,0,20260830,36,220348.0,,,Diane Parry,R,170.0,FRA,23.997,31.0,1611.0,203530.0,,,Viktorija Golubic,R,170.0,SUI,33.873,56.0,1053.0,7-5 6-4,3,R128,109.0,5.0,2.0,86.0,51.0,34.0,16.0,11.0,8.0,11.0,1.0,5.0,60.0,36.0,21.0,9,11.0,1.0,6.0
2026-905,US Open,Hard,128,G,0,20260830,37,201514.0,16.0,,Sorana Cirstea,R,175.0,ROU,36.4,17.0,2294.0,211814.0,,,Julia Grabher,R,170.0,AUT,30.163,112.0,694.0,6-3 6-0,3,R128,89.0,3.0,3.0,58.0,33.0,24.0,12.0,8.0,9.0,11.0,1.0,7.0,53.0,25.0,12.0,8,7.0,7.0,13.0
2026-905,US Open,Hard,128,G,0,20260830,38,216083.0,,,Caty McNally,R,180.0,USA,24.778,65.0,990.0,222017.0,,Q,Anouk Koevermans,R,,NED,22.661,229.0,343.0,7-5 6-1,3,R128,102.0,0.0,6.0,71.0,46.0,34.0,12.0,10.0,1.0,2.0,1.0,3.0,50.0,28.0,14.0,13,9.0,2.0,6.0
2026-905,US Open,Hard,128,G,0,20260830,39,216153.0,10.0,,Amanda Anisimova,R,180.0,USA,24.999,10.0,4533.0,221909.0,,,Ashlyn Krueger,R,185.0,USA,22.316,60.0,1005.0,6-1 6-3,3,R128,72.0,1.0,4.0,59.0,32.0,21.0,16.0,8.0,10.0,11.0,4.0,2.0,50.0,32.0,17.0,6,8.0,4.0,9.0
2026-905,US Open,Hard,128,G,0,20260830,40,206408.0,,,Nadia Podoroska,R,170.0,ARG,29.552,449.0,133.0,215899.0,,,Simona Waltert,R,175.0,SUI,25.714,89.0,861.0,4-6 7-6(5) 6-3,3,R128,168.0,4.0,6.0,105.0,59.0,35.0,24.0,16.0,2.0,8.0,7.0,8.0,111.0,69.0,45.0,14,15.0,9.0,15.0
2026-905,US Open,Hard,128,G,0,20260830,41,233741.0,,,Maya Joint,R,168.0,AUS,20.375,72.0,966.0,214643.0,,,Liudmila Samsonova,R,183.0,RUS,27.803,47.0,1159.0,3-6 6-2 6-2,3,R128,119.0,3.0,3.0,93.0,63.0,46.0,15.0,13.0,9.0,11.0,4.0,1.0,67.0,32.0,20.0,19,12.0,1.0,5.0
2026-905,US Open,Hard,128,G,0,20260830,42,211701.0,,,Katerina Siniakova,R,175.0,CZE,30.308,42.0,1234.0,220714.0,,,Elisabetta Cocciaretto,R,165.0,ITA,25.596,67.0,985.0,6-3 6-2,3,R128,69.0,1.0,6.0,50.0,26.0,20.0,16.0,9.0,1.0,2.0,0.0,5.0,51.0,28.0,17.0,9,8.0,1.0,5.0
2026-905,US Open,Hard,128,G,0,20260830,43,216347.0,8.0,,Iga Swiatek,R,175.0,POL,25.251,8.0,4809.0,216016.0,,,Xiyu Wang,L,183.0,CHN,25.426,80.0,919.0,6-2 6-3,3,R128,88.0,0.0,1.0,47.0,35.0,28.0,8.0,9.0,0.0,0.0,1.0,1.0,55.0,36.0,20.0,10,8.0,6.0,9.0
2026-905,US Open,Hard,128,G,0,20260830,44,211768.0,13.0,,Naomi Osaka,R,180.0,JPN,28.873,13.0,2846.0,220435.0,,,Anastasia Zakharova,R,170.0,RUS,24.616,101.0,759.0,7-6(6) 7-6(3),3,R128,122.0,11.0,3.0,79.0,40.0,30.0,20.0,12.0,3.0,7.0,0.0,4.0,89.0,42.0,26.0,22,12.0,3.0,7.0
2026-905,US Open,Hard,128,G,0,20260830,45,201619.0,22.0,,Madison Keys,R,178.0,USA,31.535,24.0,1909.0,252499.0,,,Alina Korneeva,R,180.0,RUS,19.19,69.0,980.0,7-5 6-4,3,R128,95.0,4.0,5.0,77.0,44.0,26.0,16.0,11.0,2.0,6.0,0.0,0.0,66.0,37.0,22.0,11,11.0,2.0,8.0
2026-905,US Open,Hard,128,G,0,20260830,46,220332.0,,,Eva Lys,R,165.0,GER,24.632,98.0,777.0,213873.0,,Q,Gabriela Knutson,R,,CZE,29.361,184.0,421.0,6-3 6-3,3,R128,72.0,1.0,4.0,65.0,46.0,29.0,10.0,9.0,10.0,12.0,4.0,3.0,52.0,28.0,18.0,8,9.0,3.0,8.0
2026-905,US Open,Hard,128,G,0,20260830,47,263857.0,,,Yuliia Starodubtseva,R,173.0,UKR,26.535,58.0,1045.0,230870.0,,,Ella Seidel,R,175.0,GER,21.541,123.0,611.0,6-2 6-2,3,R128,78.0,5.0,1.0,51.0,28.0,20.0,17.0,8.0,5.0,5.0,1.0,7.0,51.0,29.0,17.0,8,8.0,2.0,6.0
2026-905,US Open,Hard,128,G,0,20260830,48,214981.0,2.0,,Elena Rybakina,R,183.0,KAZ,27.206,2.0,8141.0,264140.0,,WC,Thea Frodin,,,USA,17.703,585.0,83.0,6-3 6-2,3,R128,74.0,6.0,3.0,54.0,29.0,22.0,18.0,9.0,2.0,2.0,11.0,6.0,57.0,25.0,20.0,11,8.0,3.0,6.0
2026-905,US Open,Hard,128,G,0,20260830,49,214388.0,,,Anna Bondar,R,175.0,HUN,29.262,73.0,961.0,222980.0,,Q,Lucie Havlickova,R,,CZE,21.467,226.0,348.0,6-3 6-3,3,R128,100.0,4.0,7.0,66.0,37.0,24.0,14.0,9.0,8.0,10.0,4.0,6.0,64.0,27.0,17.0,15,9.0,8.0,13.0
2026-905,US Open,Hard,128,G,0,20260830,50,259799.0,5.0,,Mirra Andreeva,R,175.0,RUS,19.34,5.0,5443.0,222145.0,,,Janice Tjen,R,170.0,INA,24.32,36.0,1323.0,6-2 6-2,3,R128,69.0,3.0,2.0,41.0,33.0,28.0,5.0,8.0,0.0,0.0,1.0,2.0,48.0,29.0,17.0,6,8.0,0.0,4.0
2026-905,US Open,Hard,128,G,0,20260830,51,206289.0,32.0,,Maria Sakkari,R,173.0,GRE,31.102,35.0,1415.0,221905.0,,Q,Robin Montgomery,L,178.0,USA,21.985,187.0,414.0,2-6 7-5 6-2,3,R128,133.0,5.0,4.0,84.0,47.0,33.0,16.0,14.0,4.0,9.0,7.0,5.0,105.0,61.0,38.0,18,14.0,8.0,14.0
2026-905,US Open,Hard,128,G,0,20260830,52,201709.0,,,Yulia Putintseva,R,163.0,KAZ,31.647,84.0,904.0,202505.0,12.0,,Belinda Bencic,R,175.0,SUI,29.476,12.0,2995.0,4-6 7-5 6-3,3,R128,171.0,6.0,4.0,90.0,51.0,35.0,22.0,15.0,4.0,7.0,0.0,9.0,111.0,61.0,37.0,25,16.0,5.0,10.0
2026-905,US Open,Hard,128,G,0,20260830,53,210722.0,23.0,,Elise Mertens,R,178.0,BEL,30.787,20.0,2165.0,259733.0,,,Kaitlin Quevedo,R,168.0,ESP,20.545,107.0,735.0,6-4 6-4,3,R128,108.0,6.0,6.0,61.0,38.0,30.0,13.0,10.0,1.0,1.0,1.0,2.0,76.0,44.0,29.0,18,10.0,5.0,7.0
2026-905,US Open,Hard,128,G,0,20260830,54,220716.0,,,Oleksandra Oliynykova,R,,UKR,25.656,46.0,1170.0,222034.0,,WC,Reese Brantmeier,R,,USA,21.903,431.0,145.0,6-4 6-4,3,R128,99.0,0.0,4.0,73.0,50.0,29.0,11.0,10.0,7.0,11.0,1.0,2.0,61.0,27.0,14.0,14,10.0,2.0,8.0
2026-905,US Open,Hard,128,G,0,20260830,55,215713.0,24.0,,Anastasia Potapova,R,175.0,AUT,25.421,25.0,1756.0,221985.0,,LL,Darja Semenistaja,L,170.0,LAT,23.956,109.0,714.0,6-2 6-2,3,R128,75.0,10.0,4.0,72.0,37.0,27.0,17.0,8.0,8.0,9.0,0.0,2.0,49.0,32.0,18.0,5,8.0,4.0,9.0
2026-905,US Open,Hard,128,G,0,20260830,56,221103.0,4.0,,Coco Gauff,R,175.0,USA,22.467,4.0,6704.0,220309.0,,,Zeynep Sonmez,R,170.0,TUR,24.337,53.0,1087.0,6-3 6-4,3,R128,80.0,5.0,3.0,66.0,41.0,29.0,16.0,10.0,4.0,5.0,0.0,2.0,52.0,26.0,18.0,10,9.0,3.0,6.0
2026-905,US Open,Hard,128,G,0,20260830,57,222601.0,,,Jessica Bouzas Maneiro,R,170.0,ESP,23.934,105.0,749.0,221307.0,,,Darja Vidmanova,R,183.0,CZE,23.641,75.0,957.0,6-3 6-4,3,R128,77.0,3.0,1.0,43.0,23.0,14.0,16.0,9.0,0.0,2.0,3.0,1.0,64.0,41.0,26.0,7,10.0,1.0,6.0
2026-905,US Open,Hard,128,G,0,20260830,58,206417.0,,WC,Leolia Jeanjean,R,168.0,FRA,31.047,127.0,599.0,201551.0,,Q,Arantxa Rus,L,180.0,NED,35.715,204.0,382.0,7-6(6) 6-2,3,R128,108.0,3.0,7.0,70.0,41.0,32.0,13.0,10.0,2.0,3.0,1.0,4.0,64.0,43.0,29.0,8,10.0,0.0,3.0
2026-905,US Open,Hard,128,G,0,20260830,59,223253.0,17.0,,Alexandra Eala,L,175.0,PHI,21.273,18.0,2281.0,223168.0,,Q,Mary Stoiana,R,,USA,23.321,122.0,612.0,6-1 6-2,3,R128,78.0,0.0,3.0,57.0,36.0,28.0,10.0,8.0,6.0,6.0,0.0,3.0,46.0,25.0,16.0,7,7.0,4.0,8.0
2026-905,US Open,Hard,128,G,0,20260830,60,211651.0,,,Paula Badosa,R,180.0,ESP,28.791,87.0,885.0,214082.0,,,Daria Kasatkina,R,170.0,AUS,29.317,61.0,1003.0,6-1 6-4,3,R128,109.0,3.0,5.0,82.0,54.0,34.0,18.0,9.0,7.0,7.0,1.0,5.0,74.0,51.0,30.0,9,8.0,7.0,10.0
2026-905,US Open,Hard,128,G,0,20260830,61,223360.0,,,Nikola Bartunkova,R,,CZE,20.512,34.0,1417.0,210886.0,,,Mayar Sherif,R,180.0,EGY,30.322,52.0,1105.0,6-1 6-2,3,R128,93.0,1.0,1.0,41.0,19.0,14.0,18.0,8.0,0.0,0.0,0.0,5.0,66.0,40.0,20.0,12,7.0,8.0,12.0
2026-905,US Open,Hard,128,G,0,20260830,62,213583.0,,,Tatjana Maria,R,173.0,GER,39.064,83.0,912.0,211533.0,30.0,,Jelena Ostapenko,R,178.0,LAT,29.229,32.0,1512.0,4-6 6-1 6-2,3,R128,131.0,9.0,5.0,95.0,53.0,40.0,17.0,13.0,2.0,5.0,4.0,15.0,72.0,35.0,23.0,13,12.0,6.0,12.0
2026-905,US Open,Hard,128,G,0,20260830,63,260300.0,14.0,,Iva Jovic,R,173.0,USA,18.735,14.0,2671.0,211684.0,,,Magdalena Frech,R,170.0,POL,28.709,41.0,1240.0,7-5 6-3,3,R128,132.0,5.0,4.0,71.0,40.0,31.0,10.0,11.0,7.0,11.0,1.0,2.0,75.0,38.0,15.0,20,10.0,9.0,15.0
2026-905,US Open,Hard,128,G,0,20260830,64,215936.0,,Q,Francesca Jones,R,173.0,GBR,25.947,104.0,751.0,202663.0,,,Magda Linette,R,170.0,POL,34.549,82.0,916.0,6-4 1-6 6-3,3,R128,122.0,1.0,3.0,72.0,46.0,28.0,16.0,13.0,4.0,8.0,7.0,4.0,78.0,41.0,30.0,17,13.0,0.0,4.0
2026-905,US Open,Hard,128,G,0,20260830,65,203501.0,,,Taylor Townsend,L,170.0,USA,30.374,96.0,783.0,223194.0,,WC,Taylah Preston,R,,AUS,20.843,100.0,762.0,6-1 6-1,3,R64,48.0,8.0,1.0,32.0,23.0,23.0,5.0,7.0,0.0,0.0,0.0,7.0,46.0,25.0,10.0,8,7.0,3.0,8.0
2026-905,US Open,Hard,128,G,0,20260830,66,223670.0,15.0,,Diana Shnaider,L,170.0,RUS,22.412,16.0,2468.0,201662.0,,,Karolina Pliskova,R,185.0,CZE,34.445,57.0,1051.0,6-1 7-6(4),3,R64,84.0,0.0,5.0,68.0,48.0,36.0,9.0,10.0,6.0,8.0,5.0,6.0,68.0,50.0,35.0,4,9.0,6.0,10.0
2026-905,US Open,Hard,128,G,0,20260830,67,202468.0,3.0,,Jessica Pegula,R,170.0,USA,32.515,3.0,7265.0,213550.0,,WC,Sofia Kenin,R,170.0,USA,27.795,110.0,709.0,6-3 6-1,3,R64,56.0,5.0,1.0,40.0,22.0,19.0,14.0,8.0,0.0,0.0,2.0,3.0,46.0,23.0,13.0,12,8.0,4.0,8.0
2026-905,US Open,Hard,128,G,0,20260830,68,220367.0,31.0,,Leylah Fernandez,L,168.0,CAN,23.984,33.0,1454.0,216566.0,,,Mananchaya Sawangkaew,R,,THA,24.142,94.0,804.0,6-4 6-1,3,R64,78.0,2.0,3.0,57.0,36.0,26.0,7.0,9.0,6.0,9.0,0.0,8.0,49.0,24.0,14.0,6,8.0,2.0,8.0
2026-905,US Open,Hard,128,G,0,20260830,69,211148.0,19.0,,Jasmine Paolini,R,163.0,ITA,30.656,21.0,2123.0,214593.0,,Q,Lucrezia Stefanini,R,165.0,ITA,28.296,119.0,620.0,6-4 6-1,3,R64,77.0,0.0,3.0,49.0,33.0,21.0,7.0,8.0,2.0,4.0,0.0,3.0,58.0,45.0,21.0,5,9.0,3.0,9.0
2026-905,US Open,Hard,128,G,0,20260830,70,201514.0,16.0,,Sorana Cirstea,R,175.0,ROU,36.4,17.0,2294.0,220348.0,,,Diane Parry,R,170.0,FRA,23.997,31.0,1611.0,6-2 7-5,3,R64,111.0,1.0,1.0,80.0,55.0,40.0,10.0,10.0,2.0,3.0,1.0,5.0,69.0,38.0,24.0,12,10.0,6.0,10.0
2026-905,US Open,Hard,128,G,0,20260830,71,216146.0,11.0,,Marta Kostyuk,R,175.0,UKR,24.175,11.0,3980.0,201585.0,,WC,Sloane Stephens,R,170.0,USA,33.448,209.0,375.0,6-1 7-5,3,R64,87.0,8.0,3.0,65.0,36.0,28.0,14.0,10.0,3.0,4.0,0.0,2.0,65.0,49.0,27.0,7,9.0,6.0,10.0
2026-905,US Open,Hard,128,G,0,20260830,72,214096.0,7.0,,Karolina Muchova,R,180.0,CZE,30.026,7.0,4983.0,211107.0,,,Katie Boulter,R,183.0,GBR,30.081,62.0,1002.0,6-1 6-0,3,R64,58.0,2.0,2.0,37.0,20.0,15.0,9.0,6.0,2.0,3.0,0.0,8.0,41.0,21.0,7.0,5,7.0,0.0,7.0
2026-905,US Open,Hard,128,G,0,20260830,73,215872.0,,,Kamilla Rakhimova,R,170.0,UZB,25.008,92.0,852.0,221407.0,,,Oksana Selekhmeteva,L,173.0,ESP,23.63,93.0,824.0,6-3 6-0,3,R64,66.0,1.0,0.0,42.0,26.0,20.0,13.0,8.0,0.0,0.0,0.0,1.0,37.0,22.0,10.0,7,7.0,1.0,5.0
2026-905,US Open,Hard,128,G,0,20260830,74,215613.0,26.0,,Emma Navarro,R,170.0,USA,25.287,27.0,1724.0,216083.0,,,Caty McNally,R,180.0,USA,24.778,65.0,990.0,3-6 6-2 6-3,3,R64,166.0,5.0,5.0,95.0,56.0,43.0,14.0,13.0,10.0,13.0,1.0,4.0,109.0,65.0,37.0,23,13.0,5.0,10.0
2026-905,US Open,Hard,128,G,0,20260830,75,206420.0,18.0,,Ekaterina Alexandrova,R,175.0,RUS,31.792,19.0,2186.0,214040.0,,,Kimberly Birrell,R,170.0,AUS,28.339,71.0,974.0,6-1 2-6 6-3,3,R64,99.0,5.0,4.0,70.0,43.0,33.0,14.0,12.0,5.0,7.0,0.0,4.0,86.0,62.0,39.0,9,12.0,5.0,9.0
2026-905,US Open,Hard,128,G,0,20260830,76,214939.0,21.0,,Anna Kalinskaya,R,175.0,RUS,27.745,23.0,1933.0,216133.0,,,Xinyu Wang,R,183.0,CHN,24.928,43.0,1195.0,7-5 2-6 6-3,3,R64,142.0,4.0,8.0,99.0,63.0,40.0,18.0,15.0,8.0,11.0,3.0,5.0,90.0,63.0,45.0,9,14.0,6.0,9.0
2026-905,US Open,Hard,128,G,0,20260830,77,214544.0,1.0,,Aryna Sabalenka,R,183.0,BLR,28.323,1.0,8575.0,223325.0,,Q,Polina Iatcenko,R,,RUS,22.724,160.0,473.0,6-1 6-1,3,R64,54.0,3.0,2.0,37.0,28.0,21.0,5.0,7.0,0.0,1.0,0.0,4.0,45.0,24.0,8.0,7,7.0,2.0,8.0
2026-905,US Open,Hard,128,G,0,20260830,78,215983.0,29.0,,Ann Li,R,170.0,USA,26.179,28.0,1683.0,202499.0,,,Donna Vekic,R,178.0,CRO,30.174,39.0,1278.0,5-7 7-6(4) 6-4,3,R64,164.0,8.0,5.0,127.0,68.0,50.0,32.0,17.0,8.0,10.0,5.0,4.0,113.0,70.0,49.0,25,17.0,7.0,9.0
2026-905,US Open,Hard,128,G,0,20260830,79,202494.0,9.0,,Elina Svitolina,R,175.0,UKR,31.967,9.0,4689.0,233741.0,,,Maya Joint,R,168.0,AUS,20.375,72.0,966.0,6-2 6-7(6) 6-4,3,R64,129.0,4.0,2.0,98.0,56.0,42.0,17.0,15.0,6.0,11.0,3.0,6.0,96.0,58.0,32.0,15,15.0,7.0,15.0
2026-905,US Open,Hard,128,G,0,20260830,80,222328.0,6.0,,Linda Noskova,R,178.0,CZE,21.785,6.0,5028.0,222290.0,,,Lanlana Tararudee,R,170.0,THA,22.149,76.0,955.0,6-4 6-2,3,R64,78.0,7.0,5.0,66.0,40.0,32.0,12.0,9.0,3.0,3.0,4.0,4.0,55.0,26.0,20.0,12,9.0,4.0,7.0
2026-905,US Open,Hard,128,G,0,20260830,81,216347.0,8.0,,Iga Swiatek,R,175.0,POL,25.251,8.0,4809.0,206408.0,,,Nadia Podoroska,R,170.0,ARG,29.552,449.0,133.0,6-3 6-2,3,R64,71.0,2.0,2.0,52.0,41.0,32.0,8.0,9.0,4.0,4.0,2.0,2.0,49.0,29.0,17.0,11,8.0,1.0,4.0
2026-905,US Open,Hard,128,G,0,20260830,82,210722.0,23.0,,Elise Mertens,R,178.0,BEL,30.787,20.0,2165.0,221237.0,,,Maria Timofeeva,R,168.0,UZB,22.784,86.0,890.0,6-2 7-6(5),3,R64,108.0,0.0,3.0,61.0,38.0,29.0,11.0,10.0,0.0,2.0,2.0,3.0,65.0,44.0,25.0,8,10.0,3.0,7.0
2026-905,US Open,Hard,128,G,0,20260830,83,215713.0,24.0,,Anastasia Potapova,R,175.0,AUT,25.421,25.0,1756.0,206417.0,,WC,Leolia Jeanjean,R,168.0,FRA,31.047,127.0,599.0,6-4 2-6 6-3,3,R64,131.0,4.0,9.0,97.0,52.0,37.0,19.0,13.0,7.0,11.0,2.0,9.0,85.0,43.0,27.0,20,14.0,4.0,9.0
2026-905,US Open,Hard,128,G,0,20260830,84,211768.0,13.0,,Naomi Osaka,R,180.0,JPN,28.873,13.0,2846.0,211701.0,,,Katerina Siniakova,R,175.0,CZE,30.308,42.0,1234.0,6-2 5-7 6-1,3,R64,122.0,11.0,5.0,94.0,48.0,37.0,20.0,14.0,5.0,8.0,3.0,7.0,80.0,48.0,25.0,15,13.0,4.0,10.0
2026-905,US Open,Hard,128,G,0,20260830,85,201619.0,22.0,,Madison Keys,R,178.0,USA,31.535,24.0,1909.0,214388.0,,,Anna Bondar,R,175.0,HUN,29.262,73.0,961.0,5-7 6-4 7-6(5),3,R64,178.0,5.0,8.0,113.0,73.0,48.0,20.0,17.0,7.0,11.0,2.0,8.0,129.0,69.0,41.0,31,17.0,9.0,13.0
2026-905,US Open,Hard,128,G,0,20260830,86,213631.0,25.0,,Marie Bouzkova,R,180.0,CZE,28.112,26.0,1753.0,211279.0,,Q,Harriet Dart,R,175.0,GBR,30.092,131.0,575.0,6-2 6-2,3,R64,77.0,3.0,1.0,45.0,33.0,28.0,5.0,8.0,0.0,0.0,0.0,8.0,55.0,25.0,16.0,12,8.0,4.0,8.0
2026-905,US Open,Hard,128,G,0,20260830,87,216153.0,10.0,,Amanda Anisimova,R,180.0,USA,24.999,10.0,4533.0,260172.0,,,Lilli Tagger,R,185.0,AUT,18.535,49.0,1141.0,6-3 3-6 6-1,3,R64,121.0,7.0,4.0,84.0,55.0,42.0,11.0,13.0,3.0,6.0,7.0,5.0,87.0,53.0,32.0,14,12.0,7.0,12.0
2026-905,US Open,Hard,128,G,0,20260830,88,223253.0,17.0,,Alexandra Eala,L,175.0,PHI,21.273,18.0,2281.0,220716.0,,,Oleksandra Oliynykova,R,,UKR,25.656,46.0,1170.0,6-1 6-4,3,R64,64.0,2.0,1.0,44.0,28.0,21.0,11.0,9.0,3.0,5.0,1.0,3.0,50.0,32.0,16.0,7,8.0,2.0,7.0
2026-905,US Open,Hard,128,G,0,20260830,89,223360.0,,,Nikola Bartunkova,R,,CZE,20.512,34.0,1417.0,213583.0,,,Tatjana Maria,R,173.0,GER,39.064,83.0,912.0,6-7(5) 6-2 6-3,3,R64,130.0,9.0,5.0,91.0,48.0,35.0,25.0,15.0,4.0,7.0,6.0,6.0,84.0,52.0,35.0,13,14.0,3.0,9.0
2026-905,US Open,Hard,128,G,0,20260830,90,221012.0,,Q,Qinwen Zheng,R,178.0,CHN,23.896,121.0,613.0,201709.0,,,Yulia Putintseva,R,163.0,KAZ,31.647,84.0,904.0,6-4 2-6 6-1,3,R64,157.0,9.0,5.0,97.0,47.0,41.0,15.0,13.0,5.0,9.0,3.0,4.0,76.0,51.0,31.0,13,12.0,3.0,8.0
2026-905,US Open,Hard,128,G,0,20260830,91,213710.0,,,Cristina Bucsa,R,175.0,ESP,28.663,40.0,1274.0,221124.0,,Q,Himeno Sakatsume,R,,JPN,25.076,144.0,526.0,7-6(6) 6-7(0) 7-6(6),3,R64,181.0,1.0,5.0,129.0,76.0,47.0,27.0,18.0,7.0,13.0,2.0,3.0,127.0,78.0,48.0,26,18.0,4.0,10.0
2026-905,US Open,Hard,128,G,0,20260830,92,259799.0,5.0,,Mirra Andreeva,R,175.0,RUS,19.34,5.0,5443.0,220332.0,,,Eva Lys,R,165.0,GER,24.632,98.0,777.0,6-0 6-2,3,R64,63.0,2.0,4.0,51.0,30.0,23.0,9.0,7.0,2.0,3.0,0.0,8.0,44.0,26.0,13.0,3,7.0,3.0,9.0
2026-905,US Open,Hard,128,G,0,20260830,93,260300.0,14.0,,Iva Jovic,R,173.0,USA,18.735,14.0,2671.0,215936.0,,Q,Francesca Jones,R,173.0,GBR,25.947,104.0,751.0,6-4 6-4,3,R64,114.0,5.0,2.0,57.0,29.0,20.0,18.0,10.0,4.0,6.0,3.0,4.0,80.0,43.0,22.0,21,10.0,10.0,14.0
2026-905,US Open,Hard,128,G,0,20260830,94,263857.0,,,Yuliia Starodubtseva,R,173.0,UKR,26.535,58.0,1045.0,206289.0,32.0,,Maria Sakkari,R,173.0,GRE,31.102,35.0,1415.0,1-6 7-6(4) 6-2,3,R64,162.0,0.0,3.0,94.0,53.0,29.0,25.0,13.0,6.0,10.0,7.0,3.0,95.0,61.0,35.0,21,14.0,5.0,9.0
2026-905,US Open,Hard,128,G,0,20260830,95,221103.0,4.0,,Coco Gauff,R,175.0,USA,22.467,4.0,6704.0,211651.0,,,Paula Badosa,R,180.0,ESP,28.791,87.0,885.0,6-4 7-6(5),3,R64,120.0,3.0,5.0,70.0,35.0,25.0,20.0,11.0,3.0,5.0,3.0,6.0,86.0,42.0,27.0,21,11.0,4.0,7.0
2026-905,US Open,Hard,128,G,0,20260830,96,214981.0,2.0,,Elena Rybakina,R,183.0,KAZ,27.206,2.0,8141.0,222601.0,,,Jessica Bouzas Maneiro,R,170.0,ESP,23.934,105.0,749.0,6-2 6-4,3,R64,68.0,7.0,4.0,57.0,37.0,30.0,6.0,9.0,1.0,2.0,0.0,0.0,52.0,34.0,18.0,7,9.0,2.0,6.0
2026-905,US Open,Hard,128,G,0,20260830,97,216146.0,11.0,,Marta Kostyuk,R,175.0,UKR,24.175,11.0,3980.0,206420.0,18.0,,Ekaterina Alexandrova,R,175.0,RUS,31.792,19.0,2186.0,6-3 6-2,3,R32,77.0,4.0,4.0,54.0,28.0,21.0,14.0,9.0,2.0,4.0,1.0,4.0,61.0,33.0,19.0,10,8.0,7.0,12.0
2026-905,US Open,Hard,128,G,0,20260830,98,201514.0,16.0,,Sorana Cirstea,R,175.0,ROU,36.4,17.0,2294.0,211148.0,19.0,,Jasmine Paolini,R,163.0,ITA,30.656,21.0,2123.0,6-3 6-3,3,R32,75.0,7.0,3.0,50.0,36.0,25.0,8.0,9.0,2.0,4.0,1.0,4.0,68.0,48.0,25.0,6,9.0,9.0,14.0
2026-905,US Open,Hard,128,G,0,20260830,99,214544.0,1.0,,Aryna Sabalenka,R,183.0,BLR,28.323,1.0,8575.0,215872.0,,,Kamilla Rakhimova,R,170.0,UZB,25.008,92.0,852.0,6-3 6-4,3,R32,89.0,10.0,1.0,63.0,41.0,31.0,16.0,10.0,0.0,0.0,2.0,6.0,68.0,39.0,25.0,14,9.0,5.0,7.0
2026-905,US Open,Hard,128,G,0,20260830,100,202468.0,3.0,,Jessica Pegula,R,170.0,USA,32.515,3.0,7265.0,220367.0,31.0,,Leylah Fernandez,L,168.0,CAN,23.984,33.0,1454.0,1-6 6-4 6-3,3,R32,131.0,5.0,2.0,93.0,50.0,35.0,20.0,13.0,8.0,11.0,1.0,2.0,77.0,49.0,26.0,20,13.0,0.0,3.0
2026-905,US Open,Hard,128,G,0,20260830,101,203501.0,,,Taylor Townsend,L,170.0,USA,30.374,96.0,783.0,223670.0,15.0,,Diana Shnaider,L,170.0,RUS,22.412,16.0,2468.0,6-2 6-7(3) 6-3,3,R32,148.0,5.0,2.0,107.0,68.0,47.0,20.0,15.0,10.0,12.0,5.0,5.0,90.0,58.0,36.0,15,14.0,3.0,8.0
2026-905,US Open,Hard,128,G,0,20260830,102,215613.0,26.0,,Emma Navarro,R,170.0,USA,25.287,27.0,1724.0,214096.0,7.0,,Karolina Muchova,R,180.0,CZE,30.026,7.0,4983.0,6-3 7-5,3,R32,107.0,3.0,3.0,75.0,42.0,27.0,17.0,11.0,5.0,8.0,3.0,1.0,62.0,29.0,19.0,11,10.0,7.0,12.0
2026-905,US Open,Hard,128,G,0,20260830,103,222328.0,6.0,,Linda Noskova,R,178.0,CZE,21.785,6.0,5028.0,215983.0,29.0,,Ann Li,R,170.0,USA,26.179,28.0,1683.0,6-2 6-7(6) 6-2,3,R32,138.0,9.0,5.0,95.0,53.0,38.0,23.0,14.0,3.0,5.0,10.0,7.0,106.0,46.0,32.0,25,14.0,5.0,11.0
2026-905,US Open,Hard,128,G,0,20260830,104,214939.0,21.0,,Anna Kalinskaya,R,175.0,RUS,27.745,23.0,1933.0,202494.0,9.0,,Elina Svitolina,R,175.0,UKR,31.967,9.0,4689.0,6-3 2-6 6-3,3,R32,112.0,0.0,14.0,76.0,44.0,27.0,14.0,13.0,2.0,8.0,4.0,4.0,81.0,40.0,19.0,20,13.0,5.0,12.0
2026-905,US Open,Hard,128,G,0,20260830,105,215713.0,24.0,,Anastasia Potapova,R,175.0,AUT,25.421,25.0,1756.0,216153.0,10.0,,Amanda Anisimova,R,180.0,USA,24.999,10.0,4533.0,6-2 7-5,3,R32,99.0,4.0,6.0,87.0,53.0,33.0,15.0,10.0,13.0,16.0,1.0,3.0,54.0,33.0,16.0,8,10.0,2.0,8.0
2026-905,US Open,Hard,128,G,0,20260830,106,221012.0,,Q,Qinwen Zheng,R,178.0,CHN,23.896,121.0,613.0,201619.0,22.0,,Madison Keys,R,178.0,USA,31.535,24.0,1909.0,1-6 7-6(3) 7-5,3,R32,148.0,2.0,5.0,89.0,44.0,31.0,24.0,15.0,3.0,8.0,4.0,1.0,106.0,71.0,49.0,14,16.0,4.0,8.0
2026-905,US Open,Hard,128,G,0,20260830,107,259799.0,5.0,,Mirra Andreeva,R,175.0,RUS,19.34,5.0,5443.0,223360.0,,,Nikola Bartunkova,R,,CZE,20.512,34.0,1417.0,6-2 7-6(5),3,R32,98.0,2.0,4.0,61.0,35.0,25.0,16.0,10.0,0.0,2.0,3.0,6.0,73.0,42.0,29.0,10,10.0,4.0,8.0
2026-905,US Open,Hard,128,G,0,20260830,108,216347.0,8.0,,Iga Swiatek,R,175.0,POL,25.251,8.0,4809.0,213631.0,25.0,,Marie Bouzkova,R,180.0,CZE,28.112,26.0,1753.0,7-6(3) 7-6(3),3,R32,147.0,2.0,3.0,95.0,70.0,42.0,14.0,12.0,8.0,13.0,0.0,6.0,82.0,60.0,39.0,8,12.0,5.0,10.0
2026-905,US Open,Hard,128,G,0,20260830,109,221103.0,4.0,,Coco Gauff,R,175.0,USA,22.467,4.0,6704.0,213710.0,,,Cristina Bucsa,R,175.0,ESP,28.663,40.0,1274.0,6-3 6-4,3,R32,88.0,1.0,6.0,55.0,27.0,20.0,16.0,10.0,1.0,3.0,0.0,1.0,71.0,45.0,24.0,11,9.0,5.0,9.0
2026-905,US Open,Hard,128,G,0,20260830,110,211768.0,13.0,,Naomi Osaka,R,180.0,JPN,28.873,13.0,2846.0,210722.0,23.0,,Elise Mertens,R,178.0,BEL,30.787,20.0,2165.0,6-3 3-6 7-5,3,R32,158.0,9.0,2.0,109.0,63.0,50.0,16.0,15.0,8.0,11.0,3.0,5.0,109.0,69.0,47.0,17,15.0,12.0,16.0
2026-905,US Open,Hard,128,G,0,20260830,111,260300.0,14.0,,Iva Jovic,R,173.0,USA,18.735,14.0,2671.0,223253.0,17.0,,Alexandra Eala,L,175.0,PHI,21.273,18.0,2281.0,7-5 3-6 7-5,3,R32,183.0,4.0,4.0,105.0,62.0,38.0,18.0,16.0,12.0,20.0,3.0,5.0,109.0,70.0,39.0,14,17.0,8.0,17.0
2026-905,US Open,Hard,128,G,0,20260830,112,214981.0,2.0,,Elena Rybakina,R,183.0,KAZ,27.206,2.0,8141.0,263857.0,,,Yuliia Starodubtseva,R,173.0,UKR,26.535,58.0,1045.0,7-6(6) 6-3,3,R32,112.0,12.0,1.0,58.0,34.0,28.0,12.0,10.0,1.0,3.0,1.0,3.0,91.0,47.0,24.0,26,11.0,9.0,13.0
2026-905,US Open,Hard,128,G,0,20260830,113,214544.0,1.0,,Aryna Sabalenka,R,183.0,BLR,28.323,1.0,8575.0,203501.0,,,Taylor Townsend,L,170.0,USA,30.374,96.0,783.0,6-4 6-3,3,R16,75.0,2.0,2.0,46.0,33.0,21.0,4.0,9.0,2.0,6.0,6.0,3.0,67.0,48.0,25.0,4,10.0,7.0,14.0
2026-905,US Open,Hard,128,G,0,20260830,114,222328.0,6.0,,Linda Noskova,R,178.0,CZE,21.785,6.0,5028.0,216146.0,11.0,,Marta Kostyuk,R,175.0,UKR,24.175,11.0,3980.0,7-5 5-7 6-4,3,R16,147.0,0.0,6.0,116.0,70.0,44.0,24.0,17.0,2.0,7.0,9.0,6.0,93.0,61.0,43.0,13,17.0,3.0,9.0
2026-905,US Open,Hard,128,G,0,20260830,115,202468.0,3.0,,Jessica Pegula,R,170.0,USA,32.515,3.0,7265.0,201514.0,16.0,,Sorana Cirstea,R,175.0,ROU,36.4,17.0,2294.0,6-3 6-4,3,R16,85.0,5.0,5.0,61.0,28.0,19.0,14.0,9.0,7.0,11.0,1.0,2.0,70.0,35.0,17.0,12,10.0,9.0,16.0
